,count
department,5571
statistics,2442
donald,1646
bren,2535
school,3000
information,8443
computer,7287
sciences,2025
explore,1067
chair,1764
welcome,1545
contact,4129
tutoring,347
resources,3831
faculty,5410
directory,1903
job,488
opportunities,2066
research,16200
graduate,6925
degrees,1214
ph,2576
master,1656
data,10568
science,6088
current,4919
course,1778
listings,184
student,7907
internships,157
employment,807
employers,144
uci,14428
students,8637
undergraduate,5651
minor,345
news,6481
seminars,904
seminar,1851
center,2117
statistical,577
consulting,112
launches,17
new,4848
professional,2094
program,3584
20,2763
years,994
uc,4646
irvine,5655
continued,85
grow,135
leader,79
creating,312
methodology,99
use,2971
applications,2671
emphasis,347
theory,1599
interdisciplinary,128
collaborations,79
grown,40
house,83
providing,266
expertise,511
collaborative,258
relationships,198
researchers,1376
across,519
campus,2320
community,3441
one,5348
first,2077
world,1863
offer,183
degree,778
website,641
learn,828
accomplishments,63
become,1233
part,1457
listing,104
academic,1664
positions,467
open,1242
visit,478
recruitment,286
quick,250
links,1576
archive,339
upcoming,364
series,2229
2025,12284
regents,992
feedback,426
privacy,1453
policy,1196
public,1497
year,2524
takes,284
place,698
select,242
thursdays,34
6011,151
hall,1250
unless,228
noted,358
additional,566
please,2423
administrative,1366
coordinator,40
lisa,62
stieler,29
lstieler,22
edu,5511
949,577
824,586
3806,27
past,4218
26,2753
2024,3179
25,2243
2023,3803
24,2801
2022,3833
23,2258
2021,6129
22,2252
2020,3900
21,2668
2019,4878
2018,4288
19,3770
2017,6287
18,4587
2016,4432
17,3567
2015,2397
16,5094
2014,1686
15,6910
2013,1126
14,5798
2012,2073
13,4444
2011,1012
12,5272
2010,1085
11,8039
otherwise,423
take,812
sixth,31
floor,98
conference,2462
room,194
dbh,478
date,2251
speaker,409
title,1555
november,1991
bradley,36
efron,2
stanford,146
university,7075
future,2324
indirect,27
evidence,167
abstract,1092
pdf,1608
slides,784
wesley,39
johnson,152
california,2551
value,513
incorporating,43
scientific,488
input,421
modeling,450
analysis,1419
without,722
much,908
pain,169
pierre,29
baldi,36
final,466
thoughts,833
foundations,397
29,1765
ingeborg,2
waernbaum,2
umea,2
sweden,23
robust,188
estimation,309
causal,194
inference,313
comparing,81
matching,535
covariate,21
score,85
inverse,58
probability,319
weighting,9
doubly,9
december,1963
ken,60
lange,8
los,190
angeles,109
optimization,442
high,1608
dimensions,287
mm,150
algorithims,3
acceleration,84
gpus,28
january,2242
10,12449
roee,3
gutman,2
harvard,98
efficient,927
outcome,49
free,554
procedure,57
interval,93
effect,325
mike,133
daniels,5
florida,44
bayesian,180
methods,819
model,1637
selection,285
incomplete,46
hernando,4
ombao,12
brown,97
dependence,57
network,6212
brain,136
signals,103
27,1617
hedibert,2
lopes,73
chicago,163
parsimonious,3
factor,369
number,2602
factors,219
unknown,134
31,1226
tyler,12
mccormick,4
columbia,98
latent,55
space,3336
models,1379
networks,759
using,3773
aggregated,14
relational,105
february,1912
ying,53
sun,233
texas,118
nonparametric,44
periodic,68
sequence,495
ryan,88
tibshirani,2
solution,574
path,619
generalized,93
lasso,12
march,2147
rubin,16
objective,223
design,2740
trumps,2
april,2124
noon,33
jennifer,27
tom,157
ucla,179
hierarchical,179
massive,93
sequencing,15
datasets,1141
oliver,40
bristol,4
uk,178
entropy,35
based,2888
detection,564
change,1021
points,1644
streaming,113
david,2374
banks,20
duke,59
adversarial,47
risk,164
30,1768
li,1465
zhang,449
cleveland,14
clinic,27
haplotype,7
interactions,352
case,973
control,506
genetic,44
association,380
studies,558
yan,61
yuan,88
alberta,20
health,2487
services,3951
cancer,241
care,539
well,1543
predict,138
measuring,66
prediction,297
performance,660
survival,95
28,2756
vinh,27
nguyen,67
discrete,532
hazard,14
may,5496
kosuke,2
imai,6
princeton,90
item,344
count,174
technique,256
janet,299
sinsheimer,2
genome,123
wide,344
accounted,6
little,221
trait,4
variation,58
ask,224
mom,11
carlos,42
carvalho,2
long,832
run,779
volatility,10
stocks,5
shane,6
jensen,38
pennsylvania,45
spatial,371
fielding,86
major,804
league,16
baseball,20
june,2756
ingram,3
olkin,2
meta,146
history,988
issues,416
combining,165
results,1116
independent,345
october,2104
babak,61
shahbaba,56
relevance,125
determination,50
finding,785
genes,33
matter,1418
dan,116
gillen,206
designing,172
monitoring,545
clinical,198
trials,96
endpoints,75
proposals,130
vladimir,19
minin,38
washington,203
gaussian,36
process,1688
population,138
trajectories,29
gene,185
genealogies,2
adam,89
roy,92
revision,1432
optics,65
inc,184
computational,1858
within,974
orange,147
county,158
biotech,7
experiences,544
alumni,2281
robert,212
rodriguez,19
american,510
business,1107
analytics,333
big,768
statisticians,24
need,1600
succeed,35
stephen,60
fienberg,2
carnegie,33
mellon,30
challenge,305
protection,141
damla,2
senturk,2
effective,280
semiparametric,16
ultra,50
sparse,193
unsynchronized,2
imprecise,31
longitudinal,85
scott,54
bartell,10
misuse,10
better,789
exposure,34
biomarkers,20
epidemiology,32
zhaoxia,29
yu,446
family,559
tests,92
presence,173
informative,36
missingness,3
ivan,40
jeliazkov,7
simulated,35
likelihood,20
markov,45
chain,141
monte,38
carlo,43
giovanni,9
motta,8
maastricht,3
fitting,36
evolutionary,21
modelsto,2
multivariate,200
eeg,85
donatello,3
telesca,3
criminal,9
careers,135
departures,24
unimodal,2
age,514
crime,33
curve,257
marijuana,3
josh,7
menke,2
blizzard,9
entertainment,59
matchingmaking,2
ladder,4
gareth,4
james,232
usc,304
functional,152
additive,30
regression,241
keh,2
shin,32
lii,2
ucr,25
almost,276
time,5377
zhibiao,2
zhao,154
penn,44
state,1268
regressions,4
via,811
optimally,18
quantile,34
lyle,2
gurrin,4
melbourne,51
pair,271
effects,259
logistic,19
shared,254
measurement,93
error,299
dimitrios,4
fouskakis,2
national,1089
technical,920
athens,29
power,913
expected,268
posterior,37
priors,41
variable,310
linear,774
thompson,19
ucsd,101
improving,235
discovery,521
gws,2
fengzhu,2
alignment,108
metagenome,2
comparison,420
ngs,5
reads,118
gabriel,13
chandler,6
pomona,16
college,386
testing,395
clusters,154
steve,107
horvath,3
hub,504
standard,366
mark,453
fiecas,2
temporal,186
imaging,218
ping,160
cornell,79
probabilistic,141
search,5466
learning,4061
extremely,117
dimensional,907
joel,29
dubin,3
waterloo,95
challenges,516
smoking,11
cessation,9
proposed,190
approach,854
olga,6
vitek,2
purdue,80
tools,5557
quantitative,104
mass,166
spectrometry,2
proteomics,3
ery,2
arias,2
castro,14
convergence,44
maximum,360
variance,32
unfolding,48
murray,82
aitken,2
social,2354
modelling,23
claudia,4
kirch,2
karlsruher,2
institute,1843
technology,2453
evaluating,82
stationarity,3
point,1521
alternatives,24
appliations,2
fmri,6
ronald,29
christensen,13
mexico,53
pun,9
intended,117
surely,22
joking,3
dr,528
apologies,2
feynman,7
rob,43
kass,3
synchrony,2
assessment,242
neural,237
spike,7
trains,15
false,142
discoveries,51
xingping,2
cui,44
riverside,50
differential,43
equation,53
parameter,257
systems,4162
biology,133
application,2230
growth,181
pollen,25
tube,5
arabidopsis,2
thomas,235
lin,206
allergan,2
dichotomizing,2
continuous,330
measure,182
group,3740
comparisons,70
statician,2
role,458
pharmaceutical,19
company,360
weiss,7
eurasian,2
fusion,162
chinese,168
restaurant,13
non,1644
parametric,103
cluster,1052
memory,583
raquel,6
prado,2
ucsc,13
structured,200
ori,14
rosen,5
el,165
paso,9
dependent,230
spectral,56
heart,140
rate,295
variability,51
sleep,84
also,3128
scientists,424
jay,67
bartroff,2
sequential,145
multiple,625
hypotheses,18
controlling,48
rates,87
hyunyoung,2
choi,16
pandora,2
music,96
consumption,121
listener,3
identity,87
saharon,2
rosset,2
tel,20
aviv,9
isotonic,2
fumitake,2
sakaori,2
chuo,2
sports,102
recent,2659
advances,308
nobember,2
todd,8
alonzo,2
estimating,53
volume,582
roc,3
surface,428
biased,36
sampling,129
work,2177
progress,393
lily,5
xu,236
event,1291
pregnancy,34
registries,2
florin,2
vaida,2
mixed,114
effecs,2
censored,13
response,390
qing,40
zhou,206
simulation,172
type,1739
problems,1406
estimator,6
augmentation,8
training,444
wages,10
noncompliance,4
nonemployment,2
missing,242
juanjuan,3
fan,115
sdsu,7
predicting,45
glaucoma,2
progression,13
decision,290
trees,685
random,371
forest,79
weng,14
kee,3
wang,782
animal,53
instincts,5
find,1770
experimental,325
designs,74
jun,172
species,59
assemblages,4
mixture,32
gulhan,2
bourget,2
csuf,12
mendelian,4
inheritance,5
transmission,63
disequilibrium,5
test,669
sibling,5
newcomb,3
lecture,1910
pete,10
meyer,16
google,1315
ground,157
truth,58
human,1437
evaluation,330
assess,57
ad,126
quality,681
varying,91
correlations,48
jeff,94
wu,316
georgia,55
tech,855
view,2667
uncertainty,78
quantification,13
interface,302
applied,507
mathematics,414
gary,59
rosner,4
johns,44
hopkins,48
comparative,13
effectiveness,73
john,334
neuhaus,2
ucsf,3
assessing,38
ron,33
another,741
look,508
fisher,37
neyman,3
pearson,4
bayes,65
distributions,70
subject,803
indices,22
protein,61
energy,712
mannutrition,2
among,611
end,1158
stage,226
renal,13
disease,228
patients,149
jarek,4
harezlak,2
indiana,27
longcart,2
biomarker,21
neuroimaging,7
study,1213
draper,3
topics,436
log,2904
scores,68
frequentist,7
bootstraps,2
degras,2
depaul,2
oregon,36
simultaneous,43
multi,573
hal,68
stern,56
detecting,111
patterns,397
behavioral,65
sequences,161
september,2279
martin,140
tingley,1
changes,2244
means,308
extremes,12
temperatures,22
centennial,5
daily,170
timescales,10
duncan,44
empirical,112
mechanistic,7
environment,547
candidate,199
pathway,28
genomewide,1
sudipto,3
banerjee,17
minnesota,35
nearest,229
neighbor,170
geostatistical,1
daniel,337
schaid,5
mayo,4
whole,270
exome,1
scan,68
pedigrees,1
controls,39
cosegregation,1
cyril,2
rakovski,1
chapman,15
unweighted,12
counter,43
matched,66
stacey,6
hancock,3
metonymy,1
lens,39
understanding,547
will,6674
held,213
abel,33
dynamic,990
financial,386
regulation,40
dimitris,6
politis,4
intervals,57
autoregression,1
michael,619
donohue,2
term,348
shiwei,5
lan,12
warwick,11
adaptive,355
geometric,948
emulation,10
computation,535
entensive,1
shemra,1
rizzo,1
odds,11
ratios,24
extracted,47
jesse,7
windle,1
tractable,90
covariance,121
matrices,34
jessica,103
cisewski,1
approximate,494
stellar,45
initial,153
function,461
weining,19
shen,83
antonio,25
linero,2
flexible,112
nonignorable,1
talithia,1
williams,39
harvey,11
mudd,6
know,697
thyself,1
introspective,2
mining,219
examples,292
thinking,329
neuroscience,41
stoffer,1
pittsburgh,35
everything,189
always,594
wanted,103
nonlinear,85
afraid,33
joachim,6
vandekerckhove,3
cognitive,219
psychometrics,1
yaming,9
multiplicative,9
algorithms,2880
converge,10
make,1828
faster,195
characterizing,32
transitive,13
two,3179
sample,353
reza,10
ramezan,1
cal,130
fullerton,10
biologically,8
justified,5
wes,6
semi,610
spring,1029
jo,74
hardin,1
professor,2726
resistant,13
canonical,25
correlation,71
throughput,35
mitch,5
watnik,1
biostatistics,145
csu,20
east,171
bay,50
lotto,1
bet,6
randy,12
mcintosh,6
psychology,59
director,377
toronto,72
rothman,1
baycrest,1
centre,60
practical,249
virtual,1542
platform,451
suhasini,1
subba,1
rao,23
associate,431
fourier,19
irregular,14
spaced,43
allan,14
rossman,2
poly,48
san,418
luis,52
obispo,5
teaching,2110
introductory,109
gaiseing,1
still,666
useful,284
peter,549
mueller,7
austin,64
biologic,2
structure,863
determinantal,1
processes,352
dpp,3
winter,1091
everybody,68
needs,378
help,1139
quite,210
sure,409
working,863
statistician,24
disciplinary,46
feb,252
guang,8
cheng,134
aggregation,54
extraordinarily,3
large,1365
dataset,1760
adrian,62
raftery,1
reconstruction,77
sex,58
populations,61
kevin,53
nichols,3
dependencies,32
aftershocks,1
earthquakes,7
caused,54
stochastic,65
de,609
clustering,359
abhirup,1
datta,2
spatiotemporal,38
jan,290
michele,10
guindani,9
approaches,484
imagine,84
genetics,48
branscum,7
developments,50
richard,171
levine,7
instructional,1295
modalities,41
individualized,14
treatment,129
personalized,254
stationary,10
fall,1115
dec,208
gould,2
project,2417
mobilize,2
participatory,25
sensing,190
nov,324
anna,44
bargagliotti,1
loyola,1
marymount,1
education,2779
jorge,28
roman,26
ergodicity,5
gibbs,21
samplers,1
valerie,7
poyner,1
mean,416
residual,22
life,1187
functions,363
oct,323
biostatisticians,3
crunchers,2
industry,1423
alexander,217
vandenberg,6
rodes,1
approximations,75
cox,23
courtney,6
paulson,1
optimal,409
scale,603
internet,945
media,3365
selections,11
ed,217
bedrick,1
colorado,42
medical,1003
quantifying,21
small,611
scalable,180
jin,120
arizona,55
marc,27
suchard,1
departments,521
biomathematics,4
jim,116
georges,5
sas,19
arpil,1
weixin,1
yao,90
jelena,3
bradic,3
jason,77
lee,359
risser,1
berkeley,250
xianyang,2
tamu,2
fletcher,29
sheng,24
zhong,19
sam,147
behseta,3
00pm,67
ns2,57
1201,80
bin,188
joint,218
colloquium,52
alberto,10
cassese,1
naomi,5
kaplan,11
damary,1
hebrew,5
jerusalem,6
matthew,89
harding,15
economics,85
mar,159
vershynin,4
michigan,119
francesco,10
stingo,1
florence,16
sept,68
overview,759
handcock,2
emre,3
neftci,3
armin,7
schwartzman,1
hua,46
yuxiao,3
dept,255
phd,2304
edoardo,1
airoldi,1
assisted,73
experiments,405
platforms,141
valen,1
distinguished,694
contribute,243
reproducibility,6
esra,4
kurum,1
assistant,460
coefficient,14
outcomes,109
nicholas,22
polson,1
econometrics,8
deep,352
perspective,236
susan,34
paddock,1
senior,275
pardee,1
rand,6
groups,1268
examining,54
therapy,49
session,677
attendance,100
post,1954
depression,24
padhraic,77
smyth,128
eric,125
nalisnick,1
synthesis,80
juhee,1
santa,112
cruz,46
optimizing,109
natural,426
killer,17
cell,335
doses,3
heterogeneous,107
times,660
ivor,1
cribben,1
franks,2
barbara,80
dobra,2
seattle,52
mobility,51
contingency,4
tables,102
ana,21
kupresanin,1
lawrence,51
livermore,17
laboratory,300
computing,7495
diego,232
constructing,161
balanced,93
observational,46
insights,138
roadmap,30
kameryn,1
denaro,1
scientist,241
leveraging,111
enhance,131
discipline,53
merlise,1
clyde,4
erik,68
erhardt,1
visualizing,68
video,2080
postponed,1
mcculloch,1
mathematical,378
parsimony,1
utility,75
marina,21
vannucci,2
noah,23
rice,70
connectivity,182
graphs,2038
tuesday,255
ramses,1
mena,2
ch,226
vez,2
universidad,9
nacional,2
autonoma,1
decreasing,14
weights,138
nan,70
cognition,63
lexin,1
division,367
tensor,50
iv,82
fern,10
ndez,10
val,27
boston,121
panel,171
distribution,236
econ,6
stat,47
hashem,1
pesaran,1
southern,177
flegal,1
output,275
mcmc,39
subjective,69
jarad,1
niemi,1
iowa,26
fully,125
gang,29
dehan,2
kong,340
object,691
oriented,226
epidemic,7
wednesday,288
subhashis,1
ghosal,1
ncsu,2
coverage,68
credible,4
monotone,23
xin,118
tong,113
classification,607
lorin,1
crawford,4
pipeline,60
feature,1028
mapping,249
3d,517
shapes,273
jack,23
kalbfleisch,3
randomization,14
rerandomization,1
obsidian,6
security,2103
stephan,34
mandt,35
variational,28
tian,16
zheng,223
modulated,4
hawkes,1
sporadic,11
bursty,7
julia,23
palacios,1
tajima,114
coalescent,1
geoff,14
schiebinger,1
mit,185
appts,1
jianqing,1
farming,7
significant,312
important,1296
variables,242
00,2491
johndrow,1
fei,15
gao,91
xueying,1
tang,74
andee,1
yang,347
feng,238
veronica,30
barrocal,1
karen,33
messer,2
imputation,25
ronghui,2
competing,43
risks,62
dimension,219
ehr,18
demonstration,232
prostate,7
xihong,2
prior,346
construction,353
nian,3
cooperative,68
conditional,75
terminal,49
tailen,1
hsing,2
local,576
yehua,1
spatially,38
principal,59
component,255
kriging,1
40,683
obj,141
endobj,141
58,786
filter,752
flatedecode,16
id,430
06bdad8ef973a641bd5b6b837ca1cff8,2
81779766ad774042a1406179b92f2018,2
index,747
info,715
39,796
length,580
94,419
prev,41
112372,1
root,385
41,523
size,829
69,693
xref,12
stream,279
bbd,6
y0y,1
endstream,123
startxref,12
eof,52
68,760
jc,89
yl,56
tb,79
xl,204
metadata,496
pagelayout,6
onecolumn,6
pages,1825
38,677
structtreeroot,6
catalog,30
42,599
rotate,32
structparents,6
tabs,12
page,4622
43,530
tce,1
tlb,1
a4hpb,1
mke9,1
cd,173
qm9r,1
btk4q,1
dx,73
h0,49
wq,98
zpe,1
fd,61
mnm,1
xzw6,1
jp,55
t5,32
hm,79
zy,90
6z,39
ir4,1
ol,74
0y9,1
yno,2
sw,81
lk,77
wi,125
r9,46
jy,46
hs,76
ze,93
bs,104
yc,63
x4y,1
cl6,1
ig,62
bg,83
rk,54
t0,10
m7,54
wc,72
bt,46
fe,92
uo,63
vs,153
l9,41
dv,59
ugkf,1
sf,77
j2,29
37,842
qaa,1
jf,59
mp,82
xe,85
kn,69
xc,87
oo,78
oek,1
jm,51
qeki,1
saq,1
rl,72
nb,74
i7,39
pq,58
8q,30
xug,1
zfe,1
hei,1
4g,29
dnb,1
rg,80
lm,96
po,74
s9,46
xd,56
7ne,1
pp,1941
ado,5
wg,97
nr,81
ilm,3
aq,68
jx,66
c6,28
2w,32
3w,47
owu,1
ns0,1
os,1066
bz,62
fhwbk,1
0y,29
wz,77
vqv,1
h11,1
sh,136
ii,329
bb,61
ejt,1
2j,26
t9,30
cfgq2,1
av,69
vv,103
ulr,1
ocm,3
a9,66
vo8l,1
wl,70
p5,35
2xyy,1
sg,97
38qbqu,1
biy,1
sm,87
ds,261
xy,93
ue,67
sx,57
mz,67
qv,82
wr,52
nc,113
fm,81
t3,31
sn,137
ka,68
ku,71
45,839
kr,80
x4,35
08,5006
af,33
wb,52
vy,78
f4,24
en,268
7g,40
0g,20
zl,82
eu,63
c6m,1
6ze,1
2g,35
yb,61
gs,97
9lyx,1
8u,30
jts,2
qyg,1
tc,104
iw,53
gz,194
vt,51
xw,92
wn,39
ij,50
egr,1
mv,82
8xg,1
zp,43
rx,52
ms,400
hl,75
9c,61
e6,26
wj,72
io,121
inm,1
46,670
ir,82
ri,65
bh,42
br,80
d2mo,1
e4,35
ps,1020
hq,48
oa7,1
es,72
zob,2
6u,39
gx,74
h7,30
pnj,1
rv,48
4e,25
ze4,1
ss,89
qls,1
psnn,1
l1e,1
hb,80
u3,30
zo,78
xtw,1
iy,88
szm,2
q1,49
ee,79
sxm,1
47,760
0a,32
hnf,1
ap,85
mn,92
86ye,1
ca,895
n8,20
o1b,1
0euf,1
te,70
pm,1385
1s,37
4g3f,1
ruk,1
7xa,1
fa,85
qb,76
j4z,1
m6n2,1
ea,149
pc,313
ti,93
wa,112
xs,65
uz,63
z7,36
twr,2
vem,1
mgs,2
hk,63
5j,35
c2a,1
xo,113
bif8,1
cipb,1
14o,1
0h,33
rcb,1
yv,77
cc,462
t5d,1
48,1456
mr,350
ju,83
vw,87
ls,91
rio,28
fqp,1
kh,72
v3t,3
z3,45
xms,3
tw,49
8i,21
ne,91
ff,99
ld,55
hjy,1
4k,123
fw,58
vf6,2
oxkp,1
6e,39
ks,76
5v,38
2xf,3
2h,43
1a,50
hpw,1
sdl,2
h4,90
gp,82
qp,62
5l,23
pl83,1
cz,62
pthu,1
cs,1412
6am,2
2l,41
qi,139
qq,70
dcj,1
4j,31
zu,103
cr,100
i2,33
t4,33
2q,27
bwv,3
51,1046
uu8,1
la,236
qk,67
ma,267
pz,44
ou,83
vk,66
5z3,1
qt,49
l5,27
il,145
57,1229
qx,57
vz,68
52,1490
3c,90
1x,32
hbgl,1
lc,82
fdc,1
gw30,1
6zxlb,1
ni1,1
6f,37
iz,64
atu,1
ww,102
3j,37
m8,35
b4,30
cb,72
4i,44
5o,45
6m,50
oi,63
1rt,1
6n,29
8w,71
mh,51
2e,51
zic,3
4c,55
sy,116
yx3,1
ux,108
r0,26
tl,61
m9,36
d8pe,1
2zn,2
zmk,3
bki,1
6q,32
k4,46
ct,105
6c,60
tf,63
pcz,1
uj,68
2d,231
nv,67
a41,1
1f,30
da,117
g2,49
y5,39
wt,67
zq,44
1z,60
zc,65
q2,33
gq,76
hqt,2
px,48
qsn,1
y8,37
hj,49
hp,67
8m,34
ach,4
ud,63
z2i,1
ep,63
pcy,1
fs,78
jlm,1
zr,56
ej,55
sd,193
3u,37
r7,39
w6,47
sj,65
5h,38
q4,46
sa,73
2x,35
1ul,1
l1w,4
qw,74
b5,29
dc,195
pv,49
d7,22
bm,68
9qn,1
gd,237
xq,44
x5,35
ts,74
x7,51
yi,204
uf,58
ab0,2
iav,1
9l,32
jw,56
87tk,1
4z,36
vd,56
356b,1
mvs,2
t7,38
mw3,2
l7,50
9n,54
tu,174
idsd,2
eh,68
e9,43
ro,66
dj,71
p7,32
5z,38
p9l,3
j3,31
jca,2
vq6,1
zck,2
3zg,1
mu3,62
ktg,3
da7,1
st,193
yq,55
mj,62
gm,77
ho,275
jq,53
45d,1
5p,38
ru1e,1
y2qmr,1
2ke,1
4se,1
fv,35
bf,61
cbtcf,1
bu,87
1g,48
md,125
1y,36
ev,62
5f,23
yo6,1
2y,37
2u,40
5a,37
imbm,1
b0,36
6a,52
n0,33
7ts,1
a0,25
6p,34
oc,99
0s,53
bo,150
sl,75
mi,88
kx,72
ry,83
dt,56
vq,71
b1,69
gvv,3
lu,256
7v,36
mq,94
rv3,1
qz,70
fx,47
o7,48
wnpg,1
skt,2
wh,77
mla,65
pw,80
d9,53
ctu,3
kgg,1
5wwg,1
ys,65
mu8,1
ze46vk,1
tj,60
uto,1
dw,38
uxy2,1
mt,101
z6z,1
cn,100
djpq,1
gh,68
m1,52
sc,130
ky,82
vrxx,1
t1,66
xh,49
fhl,1
i1,34
mi97a,1
dst,4
ns,132
3k,111
vc,94
s1,56
8no,1
1b,32
gg,70
4sl,1
pey,2
et,312
pj,41
4o,35
mb,621
vo,67
im,105
fw0dab,1
zuxi,1
o3,35
laa,1
b8,19
fl,94
cv,438
wgwg,1
owxl0,1
j1,29
jl,49
ja,52
bi,89
cnux,1
upj,2
e0op,1
ftf,1
r6,36
obc,2
9r,37
ly,69
wp7,1
i9,30
cx,87
oy,78
zn,44
iu,65
dg,58
65,809
yfs,1
vx,77
nh,73
fk,62
5y,37
w7,28
jx5,1
04,2327
zz,69
bhck,1
tt,58
xg,96
op,84
qo,90
py,617
aa8,1
lhv,1
pt,91
ei,59
qd,63
ft,40
uq,65
k3,47
cs8xi,1
5g,34
4m,35
du,122
gu,122
1rv,1
sxzz,1
mo,113
ejb,4
u1,37
jj,75
tpa,1
n6,44
nxos,1
uze,1
o6,30
erv,3
o5,41
kf,64
l6i,1
fc,93
vuj,1
qm,74
bw,77
yoh0,1
v4m,1
pf,68
0ky,1
3q,45
ah,52
fbk,1
y0,46
ye,168
wp,120
h2,44
i5,30
htt,1
icw,2
th,166
u5,20
ur,109
ut,68
dz,77
l6,44
i0,25
vh,56
hu,149
lw,63
mg,95
lx,50
t6,33
rcpo,1
5ww,1
qtmb,1
nq,70
p3r,2
5w,34
5i,36
r5,27
8t,28
fb,84
di,144
cy,92
ksai,1
9u,36
p26,1
pn,68
y1,86
qu,128
qc,95
wv,59
3a,44
b15,1
j6,23
d4,33
p0,21
ozfa,1
7fz,1
kc,80
ce,90
pkk,2
h9,27
kd,98
l1nj,1
s0,38
1v,45
fs6,2
sr,87
w4,35
p2,29
f2,26
epac,1
sp,103
qn,59
uvut,1
ukk,1
s7qe,1
o766,1
0x7,1
e3s,1
p8,37
b2,76
uu,80
ln5,1
l6d,3
9lnd,1
mk,71
8fx,1
qind,1
xx,49
dn,72
zv,56
4qup,1
j5d,1
1ri,4
5oy,1
5n,53
2c,56
pcs,7
doh,3
0o,40
h1,28
nl,89
ty,92
5ak,3
i4,43
0x,33
dny,2
4t,14
ey,82
tz,59
szl,3
80,636
nk,98
omy,1
w2,41
fp,50
jpu4,1
ci,63
sif,36
ay,92
7t,44
kt,92
v3,111
4uj,1
qfz,1
ow,103
xk,71
ozb,1
bj,64
k6,29
mu,425
hc,51
ra,81
lbp,1
sdd,1
iid,5
bsa,1
1c,42
49,593
ih3,1
5k,103
4mm,3
c9,55
gi,72
d9h,1
er,98
kw,76
gy,86
yf,82
qpd,1
sgd,1
0m,55
6jr,4
y7emf,1
vil,6
seh,1
i3,39
7pb,1
l5j,1
ql,52
jg,79
sq,88
tp,65
jhj4,1
qf,64
ng,86
cct,1
pu,52
km,72
m2,50
oml,1
db,677
ayl,1
r3,31
vr,171
koi,1
zye,1
4dx,1
61sch,1
d94,1
lh,60
q0,55
xj,79
jk,101
6ld,1
yr,95
hg,81
ul,81
6i,47
noo,5
l3u,1
aj,49
g9,36
ie,81
aro,11
x5n5,1
53v,1
uns,1
1u,30
0gb,1
pkh,1
rp,46
mke,1
4h,23
rt,105
qh,58
r84s,1
3p,35
jr,145
lo5,1
2ra,1
xp,49
au,106
xb,89
9o,48
rf,70
goyh,1
melk,1
c1,55
zd,44
tx,85
rj,67
ex,100
iluk,1
tkw,1
wf,84
u2,39
0z,21
m4o,1
tr,255
vlpz,1
gk,79
ml,268
ih6,1
83,441
czi,1
8x,33
gxl,2
2nkg,1
6v,36
hsnjm,1
u1ze,1
9h,38
rqyt,1
w44,1
om,87
xn,89
76,543
4r,52
xd2,1
fquu,1
jh,35
nd,136
v9,64
xzzh,1
1sk,1
ef,88
iawf,1
dd,74
ws,79
g4,35
k0e,1
tn,67
se9,1
6b,39
svh,3
le,130
ab,163
lwgmwg,1
qlu,2
0u,19
fi,94
hn,44
2a,69
vl,54
rz,66
83pf7,1
skao,1
xi,202
hv,57
kjse,1
1lwa,1
fj,63
rm,113
gv,55
d1,37
kp,80
ysi,6
tg,54
djd,1
brt,2
e1,42
mc,204
55,1219
kb,374
t3w,1
vev,1
ge,180
0e,29
z5bn,1
lt,60
quv,1
cg,399
pf6,1
0r,32
cvk,3
yx,79
em,95
rcz,2
aanp,1
6pu,1
g7,51
xqq,4
0j,17
l1,57
dbq,1
tq,64
gvrn,1
saf,1
89,381
vlk,1
wwt,1
odbbf,1
rh,143
gog5,1
7r,54
717,52
td,89
14w,1
oa6,1
yw,107
62i,1
w5,27
p2iiz,1
44,533
mcd,1
vp,76
lv,61
tv,226
7o,40
1d,46
ym,67
cq,74
we3,1
eg,101
nev,2
ha,57
l0,43
0shep,1
70,703
4u,31
4ox,3
mvr,1
adq,1
bv,53
ot,94
xrl,1
mr1y,1
lj,38
f3a,1
7h,31
jvr,1
dyj0,1
go,1438
eb,68
nn,88
5ws,1
03,3987
dr25,1
3s,56
gw,53
boh,1
vi,88
hf,70
dk,68
giv,2
xgyc,1
ta,189
fh7bjd,1
si,150
o0,33
u5pr,1
bn,80
v59,1
pg,66
ic,68
ib7u,1
dq,50
nz,89
fe1,1
uy,54
kl,73
hy,47
2lz,1
4em,3
ia3,1
bam,3
90,450
ib,36
lmsy,1
i8n0,1
ax,77
5m,72
9z,42
bq,64
1ybe,1
o7k,1
ki,69
hx,37
j5g,1
rc,92
pk,148
9g,46
4y,30
rf4,3
y0h,1
7c,66
fq,72
77,558
hi,142
gn,69
yy,60
cw,81
ha5,2
f7i,1
jig,2
nj,80
blzki,1
l8,47
vx8,1
6y,34
u9,45
p6,35
s9z,1
d2qx,1
ofx,1
kg,65
mfyf,1
5e,29
jz,67
s3,36
e6t,1
si2,1
kq,48
dtty,1
nt,60
top3,1
ob,89
fpl,2
cbe,1
x9,27
5qf,1
fz,63
ny,112
qo4,1
qvt,1
92,522
ip,810
iok7,1
4x,21
vnn,3
7m,37
vj,68
bx,52
zjgh,1
lvxdg,1
ji,209
q3,36
j4e,2
61,805
gb7,1
9y,45
1p,49
cl,116
wm,98
u8,40
g6c,1
i6,51
jt,94
cknto,1
yk,94
xag,1
cj,48
8z,41
rn,81
qs,60
pco,1
0w,34
r7f,1
rbt,3
r20u,1
o4o,1
az,125
32,629
ga,67
1ucl,1
kdg,1
sz0,1
e32,1
wjx,3
co,1209
zw5,1
9q,36
opw,1
gl4,1
7dod,1
nfo,1
fu,77
6dmb,1
x2,56
0v5,2
un,80
sto,3
e0,22
m5j,1
byb,3
7u,27
w9,34
od,91
vcn,3
0veu,1
yh,98
c3,46
zgv,3
g7n,1
i8,39
hyd,1
bcazp,1
x76s,1
0v,29
7pr,1
1m,86
lo,123
4yx,1
wnd,1
36,770
xr,85
bzb,2
t4n,2
aox,1
xv,65
eq,68
uvo,1
np,316
4wa,1
c4,54
1o,64
xwn,1
rwb,3
bgp,1
1t,50
n9x,1
ar,95
nmd,1
htd,1
2esa,1
ez,69
rq,59
nufh,1
qj,66
j9,26
9k,106
n4,28
gg1,1
yca,26
zf,61
8e,38
weh,1
alf,2
wx,77
o1k,1
ltm,1
ho3g,1
vpv,1
qr,55
ayx,2
toi,19
j5,39
wyx,1
ix,64
mw,89
bgf,1
rlr,1
syj,8
6l,28
soo,18
sgq,1
w1,45
5q,34
4d,71
z8,34
lr,62
dgo,1
3up,1
rwe,5
w5m,1
lp,75
twl,1
3x,51
6wg,1
pr,145
hr,84
j7,30
59,1312
ixm,1
h0z,1
nu,69
xbn,1
n7,39
ih,48
u6f,1
nk54,1
f3,52
sz,80
n8a,1
vku,1
wkw,1
jn,57
hdw,1
9d,54
oq,83
4lbl,1
9fg,1
muw,4
448,75
kmh,1
fdl,3
z0i,1
tck,1
kiso,1
v5,68
4x4i,1
6xlhu,1
k6h5,1
omi6,1
foa,1
uv,74
3mb,1
0vn,1
gc,82
tve,1
n2,100
ya,54
0i,16
5r,24
y0o,1
xf,69
9p,42
z2k,1
x0,32
7jk,1
o8,41
y2,74
e31,1
ticyu,1
2v,43
kau,1
daa2,1
t8,30
cp,244
r1,33
ew,54
olw,1
uua,1
biiqd,1
y7,42
okw,4
l3y,1
nmm,1
kii,1
j9s,1
ido,3
rb,54
mpa,1
9t,30
pl,67
53,1405
inh,1
d9u,1
1r,20
ans,2
63,926
54,1112
h4klbb,1
vfdc,1
br4c,1
k4zi,2
7j,60
ohl,1
2r,30
3g,51
6j,37
wk,87
zi,82
t9s,1
zg,88
bjez,1
5dm,1
d5c,1
ybo,2
1j,33
ayao,1
typz,1
slh,1
4s,20
bk,73
fn,50
lyc,1
17e,3
g9c,1
8bp,1
6lg,1
1i,20
ag,111
p4,51
p9,25
zb,68
3e,30
rcjdq,1
h6,32
loq,1
gi0,1
jse,3
h3,35
l4,35
zx,65
ed8,1
wy,76
kdo,3
cm3j,1
ke,65
vv5p,1
se,148
h5w,1
euu,1
95l,1
h5,29
l33,1
k7,32
625,88
vgk,2
7w,38
fh,67
idjb,1
4qj,1
aynyp,1
uw,70
gj,42
apzhh,1
hw,102
a2,79
lz,60
lg,63
inw,1
ox,74
3lf,1
lgb,3
z1,42
coe,4
zm,57
gpem,1
cxq,1
gb,361
92e,7
nw,71
p1,29
9x,37
8k,153
oae,2
9b,40
xz,91
w1w,2
g1,45
wxkn,2
mx,73
z8p,2
aa,54
ydi,2
y3k,2
lqm0,2
s8c8ol,2
tnpos,2
dzm,2
zs,67
3np,2
6cw,2
3iy,3
xov,2
zch,2
ru,78
dy,62
luk,4
bp,31
a3o,2
x06y,2
d3,32
pfd,2
8gm,1
7z,28
f0,22
vg,71
rdk,1
sds,1
vb3,1
7f,41
7n,40
krqk2,1
ymr,1
4v9,3
tdf,1
98,355
goym,1
drt,1
qng,3
aw,83
81u,1
a8,21
pa,114
9v,42
pts,2
b36,22
jpa,2
ik,52
fgy,1
dl81,1
t16,4
k1vd,1
oj,63
eho,1
kk,64
56,1484
n3,58
hnkh,1
szf,3
2p,21
js,119
wqg,1
a4,29
rs,75
va,85
x5f,1
ftq,1
9i,32
ban,6
dbd,1
6hu,3
mf,68
glp,1
2jna,1
bppb,1
axb,3
h3j,2
2ta,1
amo,3
uhf,1
xyrf,1
nizz,1
5c,43
sk,77
yss,1
wib,1
9ljh,1
ai,949
qy,75
iqe,1
kz,65
f1,42
lqp27,1
uh,58
dcy,3
zh,57
yp,58
cpm,7
azl,1
07,2196
4jy,1
kfh,3
oz,90
yjv,1
gdn,3
jd,61
ukgh,1
64,873
eap,1
eyw,1
6g8,1
7i,32
mbv,1
6t,25
ksi,1
vu,69
yr9,2
jum,1
9f,49
vlc,1
hhl,1
s9t,1
aofn,1
9px,1
aze,3
yd,41
yie,1
i18,1
bda,2
pkw3,1
z4p,1
zw,83
ub,55
4zmb,1
fpo,1
62,864
pi,339
8s,40
iht,1
e7,29
hh,65
wfy,1
5d,44
vm,120
p0h,1
hd,72
g0,27
us,5314
xa,50
wwr,2
jv,38
dl,141
3vg,1
x1,91
f6,23
hfd,1
6vp,2
iqfdl,1
v1v9,1
dkaes,1
vb,64
npm,1
3kk,2
owb,3
3r,38
dm,104
njz,1
e2ab,1
2f,35
f5,19
ydj,1
1w,44
hjs,1
nsj,1
0bh2,1
a1a,1
xdn,3
kj,38
csr,3
lih,1
bhj,1
xwij,1
rzzk,1
oa,83
5aq,1
55c,2
vpk,3
2zp,4
lphr,1
eswn,1
4qq,1
8pm,3
6r,24
d1s,1
2rt,1
m3,44
ok,156
o7yi,1
6ck,1
ia,46
vlp,1
8d,28
xcy8,1
x8,34
rrs,1
bc,121
fxb,1
ln,103
tu4,2
3m,42
tcf0,1
ec2ba,1
oco,1
gt,110
z2,34
6v2,1
7gvat,1
heg,1
3rk,1
wyt,1
kwg8,1
kwq,1
f8,19
s5,43
fgk,3
gse,3
png,205
su,154
ca3,1
2xopg,1
0f5,1
xwalv,1
6xkglm,1
f9g,1
9w,54
v8n,1
88,469
tq9e,1
m8g,2
zo9,1
df,43
4gz,1
9s,39
2dl,2
ype,2
1q,36
alp,13
0b,15
afx,1
fo,65
oe,97
cf,83
jl9,1
wxk,1
jtp,2
rickbwc,1
uwvk,1
zgk,1
hjn,2
mpt,11
7y,54
ons,3
rnpg,1
c9o2,1
lgw,3
jtj,1
nm,76
pe,71
6w,39
na,1250
dcs,14
za,81
gtc,1
pk3,1
l0r,1
9a0,1
j0,11
orj,1
5x,11
tm,67
g3,40
o9,22
4zg,2
4w,44
c7,39
6zv,1
viw7j,1
rssh,1
jli,2
zc8,2
tvje,1
3yz9k,1
yo,101
7jl,1
w3,43
quu,1
c5g,1
qa,80
ansi0,1
0d,17
xcpp,1
yg,66
64c,1
ekg,3
3n,48
o2,44
9a,24
4s2,2
p7o,1
vcj,1
n7d,1
lpw,3
aoh,1
6yh,1
llwl,1
41x,1
6g,28
w8,58
tlc,2
ui,92
cyr,2
jb,61
jmngs,1
zsi,1
6mu,1
oax,1
97,384
2s,25
xcg,1
rr,65
phf9x,1
1k,126
qjm,1
xnj,1
b6,29
mzgi,1
ekzi,1
nva,1
5a81,1
vjbb,1
h66m,1
zwbf,1
vqb,1
95,468
xgw,2
fr,96
djd07,1
hkwo,1
db8,1
grq,2
k0,45
bma,10
a7,29
yzn,1
6k,126
tbm,1
odf,1
0q,28
7e,35
1fh,1
r8,20
sjwd,1
1h,34
vn,61
fy,75
d5o,1
foyt,1
iac,5
eaw,2
hly,1
xg4z,1
7a,34
o4,44
avd,1
sv,62
ukte,1
csg,17
1zyf,1
y3,46
ifs,7
m4,48
7s,34
v8,30
qtvpv,1
x06,1
f9,31
rrwe,1
ptr,26
rh2,1
wrvq,1
8k8,1
wvvvrvp,1
3kf,1
feq,1
c8,38
a4z,1
pb,51
msh,3
pazlk,1
zmkh,5
qra,1
iq,45
ayh,2
5emu,1
5s,40
eyq,1
gvx0,2
sqn,2
y9,36
esi,1
kqi,1
s8,39
rza,2
xm,47
zlo,1
cta,4
4lg,1
fa6,4
bd,43
js4gmls,1
4f,45
yt,59
lf,49
9cx,1
k7xt,1
8b,48
xxh,1
ias,1
z0,28
465es,2
kmlv,1
0asfv,2
ed3,2
g83,2
zw8,2
1qq,2
o0bm,2
qkl9,1
sb,94
glc,1
cm,124
zzj,2
bww,2
rin,2
8v,26
czk,1
y6,24
ptg,2
qe,68
agy,3
tlog,1
m46,3
v4,103
8g,54
5m9,1
yj,58
u4y,1
kp8,1
6ke,1
mdw,1
zuuhw,1
cvj,2
h8,13
iyo,1
d2,38
ohwe,1
oet,1
ua,58
ec,76
nug,2
e8,27
rq2r,1
jzne,1
qg,55
kxe,2
6s,34
z5,39
vij5w,1
lb7a,1
vbu,1
cze,1
t2h,2
i88,1
8c,36
ims,28
dal,1
try4,1
1iv0t,1
aof,1
nwat,1
g3o,1
pc8,1
eoz,1
9e,42
s4,66
g8,37
yfh,1
7lby,1
kj7,1
je,59
f9gh,1
oi5,2
3v,56
dmbw,1
cii,2
pvr7,1
skn,2
kgo,1
4wm,1
gl,65
mjr,2
6th,99
rpp,3
n5n,1
0k,93
wry,1
eoc,3
r1q,1
yqz,3
zvj,1
dz5,1
crw,2
ek,70
zmz,1
kjq,1
lgj,1
wo,48
wd,75
rw,51
qbmn,1
wup,1
t2g,1
hso,1
os6,2
87,568
m2y,1
0l,37
tgz0,1
cghm,1
n4s,1
csd,13
33,1195
sbh,1
zopm,1
fg,79
dp,47
yj0,1
fj4,1
m6,48
xwm,3
gr,135
zxob,1
yih,2
8r,42
e4g,1
0k6w,1
gzp,1
cep,1
8gi,1
zry,3
q7,35
c5,27
y53,1
fmy,1
m5,47
v16,8
wru,2
grv,1
d67d,1
tav,1
i7mg,1
iw8,1
8j,32
ii5jbik,1
ioh,2
9o8,1
25o,1
2n,126
sfb,1
0nq,3
7qd,1
bugv,1
9pk,1
ua3,1
0jw,1
wsw,1
ue6,1
ofq,3
ud9b,1
bsr,1
5bp,1
tvs,4
3y,39
r2,29
nco,2
ey7,1
pgz,1
n2o,1
t6t,1
jp2,1
eik,1
hzjkp,1
qoh,2
ckm,2
k2,53
25t13,15
acrobat,39
pdfmaker,6
word,218
uuid,14
98a009ae,1
c1e3,1
4a2c,1
8107,6
4cc26a800466,1
e9061f21,1
a4a4,1
4fd6,1
9918,11
6df7abedbbf7,1
adobe,192
library,233
123,255
20190325205410,1
ics,17821
p0p,1
ak,74
277,122
f7,26
um2m,1
wlc,3
d22,2
116,249
117565,1
67,776
pzu,1
72,734
kg3p,1
xxhg,1
mt0,1
oir,2
bl,87
lceoy,1
u0,43
cttd,2
ln8,1
1wy,1
99,409
02v,1
teo,3
8y,38
x05,1
gqa,1
voh,2
of6,3
zjf,1
ac,263
mbg,3
crv1,1
gw7,1
nci,1
ht,50
q8,32
jt0,1
57s,1
gc0,1
vr1,2
nay,1
he7,1
2bqcb,1
xt,45
qgr,1
dwl,1
js4,1
sob1,1
ncz,6
aktq,1
lmj,3
lrw,4
2b,42
nfq,1
ao,98
b2m,1
3t0,1
2gl,1
hen,2
7gt,1
dss,2
rt0,1
9gy,1
ni,356
c4a,1
hq8,1
hz,102
8a,24
cwq,1
2tr,1
jula,1
jch,1
5r3t,1
owm,1
xhc,1
ckb,1
ynp,1
9j,23
n6x,2
v0,133
pmb,1
uzz,1
rst,6
s6,39
udx6,1
bzy,1
96e,5
i7r,1
a3,37
u1c,1
ac8,1
pk2,2
k4r,1
v8h,1
we6,1
pd,83
zat,1
s4s,1
fng,1
as2p,1
8wm,1
4co,1
vp6,3
2m,56
rvl,1
jtz,1
009,84
ahqr,1
9qb,1
dp5,1
jy5,1
q4r,1
f9w,1
0jo3,1
ril,3
ooz,1
u6,38
8l,28
e7j,1
kv,46
3h,24
al,391
dhz,1
psuu,1
fxy,1
c0,28
vpr,1
eah,1
50,1064
g2b,3
04e,1
y85na,1
4q,20
lz5n,1
nrtjn,1
yttg,1
cf42,1
ihlj,1
mj5s,1
arw,1
245m,1
vkk,1
1izk,1
jarwi,1
eks,1
qcv,1
wx4,1
l5k,1
n9,31
tut,1
igz,4
2znvza,1
pc2,1
qcjbmq,1
cfhb,2
zakh,1
f2n,1
d65,1
zpkje,3
qgz,3
qqb,1
d9e,1
qyj,2
k5q,1
5ue,1
5u,36
yn,87
9m,36
zpoz,1
zqoj,1
h3m,5
netl,1
v7,48
ekm,4
ck,109
uqc,2
dnta,1
v2d,1
01,4475
y1r,1
f1cru,1
2emu,1
2i,37
gf,57
plz,1
wdc,1
zc5,1
bcx,1
r4,24
tky,1
3qn,1
edm,3
gava,1
yz,85
dh,43
twx,1
d1a,1
uqe,1
4tq,1
fcr,3
hee,2
z8w,1
26a,1
dwjia,1
7ooj3,1
im2,1
sfr,1
af17a,1
xsa,3
azj,1
rpv,1
ug,59
dct,2
hk6,2
vv1h,1
i9cx5,1
93,367
jcs,1
kzd,1
bau,2
4d1y,1
lq,46
3l,37
910,1
kjc,1
z4,45
njun,1
6ed,1
7d,37
84,447
zqt,1
klj,1
0eo,1
dvp,1
zm3,1
0t,14
xggc,1
4whw,1
qe1,1
dua,6
yt2,2
pvp,2
jzhu,1
aix,3
xmtj,1
4ni,1
j8,23
1il,2
mbla,1
xiy,2
cks,1
nwdbb,1
u3y,1
w8xw,1
sve6,1
q21,1
atf,1
q0cux,1
qnhqq,1
qve,1
z1r0,1
rwrt,1
nyu,28
hg2,1
zey,1
wwy,1
rl9w,1
94g,1
jre5,1
zsjo,1
vcy,3
qee,1
xwr,1
dsm,37
zt,45
g5,36
bfk,1
eo,53
sic,15
v0m,1
zj,70
lmn,1
ms0,1
x9n,1
0p,24
1a0yc,1
kqn,3
aqp,1
rhi,2
hh8,1
liv3,1
ak48,1
iowo,1
odn,1
ovo,1
dp6,1
ffi,1
t2,54
vsvsu,1
3je,1
bfh,1
riv,4
xo3o,1
z6,32
ytv,1
kdp,1
66fk,1
fxl,2
7gl,1
qcj,1
b7k,1
aus,3
4v,33
2mn,2
fbs,4
cmi,1
dgb,1
k5k,1
eat,27
o1,45
4r1,1
4l,25
ym6,1
arz,1
7ff,3
um,51
fw4,1
nhp,1
mg4,1
ojnin7,1
kej,1
cwhv,1
lzc,1
ljf,1
jx4,1
psh,3
507,63
1ck,1
c2,74
hqy,1
ko,65
2t,21
oqdq,1
wjp,1
im2r,1
grrv,1
rjc,7
mnk,1
cxe,1
mh2,1
tfr,1
s7,40
kf1,3
d6,31
oea8,1
qh2,1
a4h,1
euem,1
cd4,3
9bgiw,1
yjq2o,1
g0o2,1
zasn,1
fi6u,1
guz,1
okxq,1
6x,24
g1f,1
66o,1
axq,1
d8,22
mij,1
4ue,1
vna,3
olj,2
abts,1
2hu,3
eqtk,1
uve,1
zgr,1
4p,23
zapjl,1
fer,1
l2,60
c8b,1
auyy,1
xl1e,1
q9,26
htau,1
og,62
qstv,1
ba,79
ccgjq0,1
mleb,1
ble5,1
isv,2
eirm,1
yi6,1
dor,3
lcj,1
xmw3,1
zjo,1
ijs,2
lnr,2
pth,2
c5b,1
cu,98
jrg,1
n3y,1
zdk,1
ya6,4
vm6j,1
lwml,1
mrcb,1
rtj,1
rkk,1
d31,1
gh4,1
gns,2
pinp,1
h1t,1
3i,44
pqn,1
zdw,5
2pc,4
85,465
v6,54
kzdp,1
ujcz,1
x0z,1
lg8,1
emq,3
jyq,2
sbg,3
yoz,1
z3ra,1
izz5,1
pwyt5,1
mif,2
kzx,1
ldph,1
yicwrq,1
m064,1
kyg,3
6jg,1
4n5,1
57b,2
e3x25,1
xwt,1
mx4b,1
n1e,1
vtr,1
kjg,3
zsv,1
lyn,1
kap,1
yrb,1
5kv,1
brgz,1
b18,1
h8l,1
j5ga,1
1nm,2
nzfzn,1
8o,51
cy5,1
l3,44
lsi,1
sfz,1
omtu,1
2m24q,1
w0,41
bnu,5
hjl,3
snr,4
fr1,1
bnm,1
n5v9,1
qfm,1
84s,1
snl,8
ert,1
tiu,1
7uh,1
3gs,2
mzy,1
cet,1
fimf,1
lw4q,1
km4,1
sy1m,1
5wk,1
5k4,1
els,7
v2,109
ytnl,1
mlb,2
jojb,1
nkv,1
xvl,1
gwc,1
67vf,1
kmn,1
ae,53
ywm,2
ki7,1
jtm,3
kmz,1
6hr,1
fpnqm,1
xe1,2
rdx,1
yug,1
ikpp,1
nx,53
3t,21
8oy,1
l5l,1
vmb,1
x6,24
zvn0er,1
qn7x,1
pv0,3
m2a,1
nibon,1
9ww,1
tqkx,1
sa8,1
dod2,1
lto3,1
k5,38
vezu,1
rur,2
kvc,1
qe6,1
guuq,1
v7ib6,1
iq2,1
zdjg,1
caf,4
gn2,1
7f5,1
1e,29
n1,158
0v7,1
d4c,1
pqy,1
pm7,3
fiq,1
qfe,1
nos,5
k9v,1
zmcd,1
wt7,1
vqjy,1
eaz,1
h3ja,1
imh,3
yod,1
dgtk,1
zyx,1
gchw,1
jdg,1
tzd,1
bik,3
vzfx,1
p4f,1
66ww,1
3ck,1
eutp,1
966,28
wk486,1
50yf,1
mfgi,1
mlj,1
zza,1
ifcw,1
odhme,1
1n,43
ihh,1
hwq,1
jq5,1
u3lp,1
rzj,1
r0x,1
mvm,1
e2,88
o8ku,1
pks,2
meu,1
wuj,1
6o,40
9oy,1
nvn,1
6mhm,1
3kqf,1
cfe,3
kig,3
abt,3
nzv2b,1
lhbrj,1
btjr,1
itl,1
495,74
3f,44
j6n,1
eki,2
60,908
knyj,1
tip,67
inn,12
amkmmmf5y,1
xny,1
dym,2
7yv,1
zjy,4
i9y,1
bzg,2
scjb,1
tuu,3
olb,3
tqt1v,3
qkn,5
3wp,4
rzc,3
bjh,4
s2,59
qsja,3
bosw,3
zqo,4
iaz,5
xgl,5
t9vn,3
ayt4,3
wbi,3
5t,38
yaa,3
hih,2
4jb,1
n1d,1
xla,2
fr6,2
y4,42
p9f,1
t1o,2
yiv,6
05e,3
uhce,1
ra4l,1
m4lc,1
xca,28
7xq,1
n3w,1
zx6,3
poqg,1
bw1,2
taum,2
kfmu,1
hkzmz,1
jar,7
hmx,1
okko,1
iguu,2
7k,90
rpk,2
wbm,4
n1u,2
amx,2
ji4,2
qhse,2
qip,2
tk,43
wsk,2
d5,37
ofv,2
ag56,2
xjk,3
rir8,2
3ii8,1
4zo,1
zfv,1
n5,39
fil,1
2ki,1
ooy,1
7z8,1
0v5e,1
6so,1
q5,39
yth,1
aps,140
hgf,1
ook,3
nii,4
9ayr4,1
opea,1
blv,8
vf,35
cxh,3
cfb,4
lmg,2
pbu,2
e8khg,1
9bq3,1
bqt,2
yir,1
75,747
ahju,1
83c,1
it9,1
ri9,1
15el,1
vija,1
axgq,1
0n,39
fbc,1
prf,1
c1n,1
o49,1
ccs,17
fjoo,1
kne,1
4gi,1
zor,1
ym0a,1
m0e,1
p31j,1
za0hox,1
6ab,1
x3e,1
alr98,1
icv,1
tpt,1
fefq,1
rizup4,1
sch,16
sew1,1
zgh,1
19q,1
lla,2
957,71
7c3,1
6ofk,1
bmx,1
3te,1
zpq,1
yio,3
u4,28
rhe,1
beu,2
cag,1
1olq,1
nzn,1
ndby,1
bvgi,1
xetn,1
yua,1
ahu,1
lb,39
kkcb,1
lna,1
tbp,2
ima,5
fro,1
xjw,2
qqnik,1
rsck,1
tcb,1
pde,1
rons,1
ivl,1
4xd,1
yweo,1
kji,2
4b,46
au1,1
gh2,1
v2h,1
b8f,1
ifx,1
hof,2
nhh6,1
eae,1
qief,1
qqy,1
bbqx,1
a1,70
ggv,1
rzu,1
ebte,1
lm6,1
afu,1
1k6,1
cul,3
d9n,1
ckfz,1
rrl,1
xpd,1
uhb,1
ccr,1
qhb1w,1
dvc,1
sqo4,1
1g0,1
0f,25
w1g,1
x3,50
vrf,3
zlf,3
oh,103
mcb,3
qrp,1
b9,30
n70m,1
oiu,1
ghh,1
mhsh,1
kchh,1
4nn,1
k5d,1
xna,1
q9r,1
dmpc,1
cq7,3
g57,1
ksev,1
rbeun,1
8fe,1
tdn,1
32x,1
6sa,3
02,2114
a5,16
okz,1
u6c,1
4bh,1
ve6z,1
zqf,1
qon,2
pwc,2
kzk,1
kxg,3
6btj,1
8vh,3
o9nup,1
ym3,1
pdz,4
fpv,2
syw,2
ldst,2
68g,2
w2v2,1
cey,2
kbb,2
kay,13
ma7,1
gge,1
d7m,1
0oe,1
icx,1
4n,51
bwa,2
g8o,1
lbw,1
zo1,1
ujk,2
2wl,1
bok,3
2jismp,1
japh,1
g6j,1
tku,2
bykf,1
ybe,3
gsz,1
wlgp,1
gfz,1
lfg,1
f9v9wl,1
ldo,1
nao,1
jl3,1
v1g,1
m0,31
wec,1
1un,1
ant,130
38s,2
c8g,2
pls,5
cdk,2
8li,1
yas,2
92c,1
2pvq,1
kgm7z,1
3qg,1
vbf,1
wlz,1
5kyt,1
5xk,1
o7v,1
tfo2,1
zaa4,1
gj5,1
w6h,1
q6fs,2
lai,22
hlkc7hwiee,1
66,789
w3y,1
yfk,1
gfg,1
lnh,2
sid,28
zeo,1
xth,3
hy9,1
ec7,1
byf1,1
oic,1
nk5,1
qv8,1
hrb,1
yjn,1
crj,1
tmn,1
p47,1
riz,3
g6,42
kls,1
vdfw,1
hdr,5
lwi,1
3o,45
ooa,1
gt0,1
foc,2
p7p7r7u,1
gnb,3
tvsvv,1
rn9,2
xlf,1
2zni,1
yqa,1
jpi,2
wiq,2
p3,46
qn4,1
4gs,2
dm41a,1
g46,1
b1d,1
cci6p,1
i6x,1
ws1,3
tzd2,2
dfi,4
trbb,2
8n,46
3jq,2
myo,3
kcss4,2
4gd,2
pcp,1
yd6,1
hpz,2
adt,4
5ow,1
qfn,2
razi,3
pdq,1
lesv,1
blb,3
m5i,1
1hh,1
mqx,1
abr,1
d5n,1
edx,1
nyk,1
zzz,1
7my,1
ufg,3
wa1,2
a4o,1
kb1,1
bd6,1
jzm,1
5b,26
osg,1
w5t,1
jdt,2
e3m,1
e3,19
wvb,1
obm,1
ajm,1
k7cg,1
xaq,1
rffq,1
tpep,1
ol8,1
k5flgnx,1
xj5,1
tj6u,1
71,648
kdv,1
e6q,1
hth,1
1xh,1
raa,1
z7t,1
kdx,1
ycwo,1
jka,1
cll3,1
6il,1
asd,5
hj8,1
3yl,1
xfo,1
7vg,1
lz8,1
cggz,1
1zb,1
d5e,1
gsg,1
gro,3
kft,1
diud,1
fkag,1
ll4z,1
deb,11
vw3,1
zb1,1
hb6,1
81g,1
b7,27
zwv,1
vzhjj,1
hkt,1
wvc,1
bsk,1
lg6,1
6tu,1
ftr,2
uzu,2
7je0mvb,1
4z4,1
dpd,3
hqb,1
jra,1
mgw,1
xuh,1
gap,194
gbua,1
e4o,1
jkm,1
sht,3
ov,55
bs6,1
motzm,1
3ke,1
nrp,3
eb9,1
vyh,1
61u,1
mmca,1
jlf,2
4ozr,1
6h,38
cms,16
zks,1
zdo,1
8k3,1
jua6zj,1
j8g,1
vjf,1
oyl,1
0oq,1
y4k,1
wp6,1
o9g,2
7q,36
lbh,1
dya,2
lze,1
5zk,3
yok,1
inr,3
7hc,3
hcy,1
7kcy,1
gub,1
aoz,1
qka,1
egf,1
ujm,1
a6w,1
7x,44
8sv,1
f0a,1
wgz,2
yzkn,1
cfx,2
fb9,1
u22,1
wfz,1
b3n,1
5ng,1
15x,1
ytu,1
mak,8
byqu,1
jzga,1
xzzo,1
lgjk,1
ctl,5
m1e,2
n4ee,1
psi,56
d0,22
rcc,1
6oh,2
dwp,3
5zs,1
zbk,1
qxha,1
kaq,1
skf,1
lzm,1
zrnw,1
y17,1
luz,1
2no,1
djlp,1
9fa,1
bsq,1
q5q,1
avf,1
82,423
x6lw,1
dwx,1
kaf,1
j1j,1
efl,1
qoz,2
k8lr,1
iqlty,1
hg6t1,1
kxw,1
mkw,1
f34m,1
c0hr,1
dzp,1
fya,2
3ya,3
9b7,1
jq9z,1
hngr,1
bgn,1
l0d,1
7b,38
8jy,1
lcx,1
vy7lg,3
dqt,3
q0j,3
s9l,3
oeo,3
hvb,2
3kv,2
dzx,2
5041c02b,1
aaa8,1
4de0,1
ae35,1
193cb2069193,1
6b823173,1
7cfd,1
4d6b,1
9a35,1
cae3f865f2a6,1
20190325205013,1
26w0p,3
mwd,1
x7c,1
fqr,1
d29,1
306b2d83968ab04fb0f1a3e08b28018d,2
122223,1
eid,4
5z2,3
3uh,1
uqom,1
rd,38
wko,2
dpr,2
86,462
s8sk,1
fym,1
fp6,1
q0f,1
t37w,1
91,422
9b3im,1
hjbno,1
rbf7,1
xwj4v,1
6tf,1
2k,132
7d0g,1
fcs,1
pkik,1
d5x,1
iz0,1
xed,1
pnk,1
jfp,1
uotw,1
7z6,1
79,416
rpb,1
4vn,1
bfm,1
gr0,1
vsc,4
i5cjeq,1
8kl,1
czz,1
nda,1
wvv,1
sui,2
p2aj,1
scq,3
9p0,1
rxb,1
tnb,3
egp,1
zvq,1
kqp,1
mrr,3
mqn,1
rgt,1
gez,1
mk5,1
vgf,1
pfu,1
iyyex,1
gavrh,1
lme,4
xeyh,1
tre,10
dhh,1
k9t,1
ous,4
z9m,1
oy6d,1
khv,1
ojy,2
0xe,1
v1,112
lwp,3
ijq,2
qyi,1
apr,133
8wt,1
0nf,1
8h,35
9k7,1
zne,2
m95,3
0mr,1
k1,38
eo7,1
fze,2
1tx,1
mdr,1
4ps,1
rtw,5
p0r,1
tqy,1
lxbc,1
96,468
csh,10
trd7,2
nej,2
p4j,2
asgv,2
zfb,2
kcjv,2
bxb,5
vmz,2
yoctx,2
suwq,2
d6u,2
df7,5
8ek,2
wbzb,1
7oo,2
3kw,1
909ss,1
rgi,3
lqj,1
nrw,1
xyq,1
m5m,2
j1e,1
tepz,1
srt,1
xs2,1
rzavzi,1
mmk,1
stw,1
zr9,1
lch,3
lsh,1
l73,1
dd8,1
2ya,1
p5b,2
qsy7,1
yav,4
ph84,1
m1m,1
vus,1
e2w,5
loy4,1
jze,3
zckq,1
b1m,1
tjg,1
ksm,1
bqf,3
tul,1
62q,1
gc21zz,3
05,2947
eog,1
l93,1
c9x,1
a6,25
a0t,1
qu2,1
os7,3
cl8,1
eax,3
whr,3
81,444
qmz,3
c5l,4
e9d,3
bcqh,3
rsy,5
4bbc,3
tju4,3
xuu,5
rqtu,3
y9n,3
5ba,3
dsg,1
1fb,1
iwf,1
9yl,1
ki4,1
rkgo,1
rzi,2
b3d,1
74,545
m6mfl,1
l9q,1
myc,2
77pk,1
rpq,1
vwj,1
4f2,1
7bzy,1
zofh,1
g36,1
goib,1
zjw,1
z7y,1
gx5,1
6aya,1
ybex,1
vgoy,1
kyk,1
dpm,9
roi,3
pef,2
3fs,3
jwfw,1
6i5,1
gst,1
88y,1
v8tl,1
kcey,1
954u,1
zrl,3
erx,1
ot9f,1
zc6,1
cqd,1
cuf,3
5mi,2
eij,1
gb5,1
uaxb,1
dgl,1
emwh,1
3i7,1
lys,1
hqm,1
pdg,1
tg2,1
wxnm,1
ll565,1
9pa,2
p43,1
sir,22
fen,3
rus,1
qjp,1
swc7,1
e4j,1
jvd,1
vs3,7
nmfcm,1
hop8,1
nrtc,1
tbq,1
aqd,1
rqe,1
mj8,1
vlw,1
tnl,1
pva,1
dr0t,1
eq8,1
miq,2
pzm,3
i6o,1
ztw,1
r1z,1
454d,1
fofr,1
zyu,1
rph,1
hzj,1
0pp,1
3xyp,1
9zue,1
ube,2
xvgb,1
q4y,1
k8,32
bj0d,1
kv9,1
8w5,1
z8k,1
04p,1
o8j,3
hr4,1
ssu,1
2rqz,1
jww1,1
6or,1
cq6,1
jqu,2
jg1,1
oad,1
dgt,3
powb,1
ergvd,1
yif,1
82h,2
nmf,4
izp,1
atc,3
qlzkq,1
mkk,1
igos,1
swz2,1
ax4,2
fwgg4,1
rtf,1
xmm,5
mpg,1
rkw,1
pyk9,1
qtz,1
d4x,1
c33,3
n25oz,1
7p,44
wqb,1
cu6,1
iy2h,1
erl,1
44k,2
ysw,1
lqf,1
ldmv,1
z6k,1
vle,1
s3y,1
khqa,1
ojx,1
o5zp,1
4gu2,1
dhq,1
b3,41
cur,4
lnnl,1
zy9,1
wvn,1
ucp,1
9ed,1
s1z,1
1gt,1
knl,1
4j5,1
qj7,3
kncc,1
fi2,1
xyt,1
suh,1
f9jeo,1
0dwa,1
71s,1
cvc,3
j4,22
2du,1
bpsn,1
x6x,1
eodqg,1
tn9,1
qq1z,1
many,2574
amk,1
rxcy,1
ybx,1
wgzdk,1
vst,1
ivzp,1
f2f,1
qo5,1
wuz5,1
r0q,1
igj,1
odo,1
jxd,1
upp,1
avh,1
vwo,1
4a,30
9yn,1
hohox,1
lji,1
vnk,1
jmf,1
ekh,1
wo7,1
iaq,1
dswo,1
fnj,1
ukp,1
dl0,1
pyu,2
udz,1
js4c,1
1h3i,1
m4v,1
fhv,1
izh,1
tklg,1
o6p,1
fhrt,1
ccxfe,1
fui,1
xfx,1
c2l,1
6d,35
zgbm,1
nhu,3
oh4,1
ejk,3
wrr6,1
tij,1
fvh,3
trd,1
eqz,1
o8id,1
1mg,1
njq,1
ktp,2
f1ha,1
8e9,1
fn1gl,1
s6r,1
t64,2
s1w,1
xq5,1
3k5t,1
s9k,3
ydss,1
36c,1
gty,1
gj2qng,1
vvn,1
oa6h,1
h4st,1
nqy,1
sgy,1
yga,1
8p,26
6o5,1
n2m,1
cqp,1
27g,1
gov,80
euy,1
weu,1
7nx3,1
rxg,1
1l,31
tcm,1
jpg,894
mh6,1
lbpr,1
7xo,3
6ga,1
c4e,1
vhmj,1
jlb,2
0ux,1
a8tr,1
4gb,5
0c,39
flk,1
zjm,1
ntb,1
3z,29
yhy,2
70v,1
cyz,4
zsr,3
s6jm,1
kzi9gw,1
tx61s,1
rnl,2
7yrk,1
fgtx,1
ygy,1
lolg,1
qff,1
6pg,1
mrp,1
zwi,1
efq,1
vxgfs2,1
pu0,1
oqc,1
23s,1
s7n,1
yohf,1
lfx,1
wm9,1
5jy,1
poo,1
5ne,1
v0h,1
dzz,1
g8e,1
ygp,2
bfun,1
876i,1
nc8,2
wz75,1
tcy,1
6xk,1
aocococ,1
n4kz,1
idq,1
ndk4,1
hao,38
ruuq,1
zbnk,1
auf,1
akg,1
lqn,1
g3w,1
yvi,3
c1t,1
78,476
ygl,1
nmj,1
ylo,2
kpe,2
tv8,6
blc,1
yfa,2
dptbd,1
zhlb,1
xhr,1
f7d,1
4zi,1
1cc,1
3ge,1
ul4tlu,1
gxb,1
jl7,1
5ill,1
sws,1
jto,1
yvs,3
twpjh,1
sak,1
igz8,1
zan,3
jzcfzk,1
euh,1
hat,27
xcns,1
nhk,3
t6w,1
1zm,1
gnd,1
zsmn,1
iwjb,1
eno,1
zb9,1
bci,4
cch,2
iuv,1
jri,2
bbe,1
svsv7,1
r7j,1
mch,4
8jj,1
uh1,1
2za,1
stf,1
5lm,1
qqr,3
rqn,2
euw,1
n2i,1
6ml,1
ijbm3,1
nme,1
twb,1
3ld,1
tyu,2
bcz,2
llc,12
jyw,2
porg,1
hik,1
4qk,2
alw,1
mbe,2
wgj,1
0ks,1
uti,1
ju8,1
ehd,1
kk3,1
er4,1
pva0,1
vgx,1
sxob,1
e81,1
f18,16
4im,1
2il,1
ruui,1
sis,2
jqdb,1
kut,3
l1o,1
rfn,1
gin,2
beh,1
lcs,43
twkl,1
eju,1
xsjbn,1
knu,1
rray,1
jfd,1
pvm,1
gk3,1
ell,12
09b,1
l96,1
q9o,1
54x,1
oe06,1
h0i,1
sku,1
gpg,1
qwg,1
mrs,17
c2t,1
rtv,1
6uk,1
zk,62
t2k,5
qr5,1
bpd0,1
ugu,1
zyl,1
3bm,1
dgq,1
q9q,2
irl,2
zhd,1
dyg,1
nqz,1
drk,1
plk,1
num,21
pvdw,1
id1,9
h0h,3
jiw,1
jkg,1
wlh,1
kkv,3
hjq,1
plvp,1
mbq,1
gml,9
t5i,1
vcc,1
q0t,2
55u,1
myf7p,1
jtqb,1
zbn,3
f1t,1
mee,1
psl,1
hhba,1
q1ae,1
spx,1
utz,11
wdo4,1
1px,1
yre,1
vpme,1
chczy,1
izq,1
vnsb,1
uww,1
jpx,1
juek,1
fdo2,1
bbv,1
0ju,1
hza,1
vob,2
e55,1
c3l,1
rgg,1
3b,57
a4em,1
ilaj,1
bjld,1
7ai,1
cfc,2
inl,1
lth,1
bae,29
hym,2
1kp,1
rwu6,1
4o4,1
4w8,1
xpw,1
kpy,1
vo2,1
r19,1
lsw,2
ksg,1
bh7,1
an6,1
abdp,1
lkem,1
knvwp,1
3vel,1
xmda,1
lsj,2
5akf,1
whm,1
2z,33
20z,1
w2v,1
uzf,1
kku,3
jcy,1
ijl,1
09,5913
ctf,7
biw,1
s6c,1
hgc,1
suf,3
cxe0,1
z6y,3
vfx,1
d8fso,1
aku,1
mpe,4
7kk,1
6zo,3
6mb,8
zo1o,1
dewt,1
s0s,1
m2u,1
uw6,1
geq,4
obh,1
3tr,1
yxe,1
7zpn,1
bvb,1
hkg,1
nih,80
gnc,2
q7r,1
9fq,1
ysx,1
36s,1
vyw,3
ldh,2
ggqa,1
yygy,1
yp9,1
0n1,1
kp1,1
4mj,1
bdz,1
kzj,1
caq,1
fzk,3
cvu,3
coo,1
vuw,3
htw,1
xcw,1
uuv,3
rzy,1
fi7,1
7uccu,1
td9,3
mlm,1
ded,1
aik,3
su3q,1
mjv,1
oq5,1
055,61
orr3,1
h8p,1
qalh,1
zgq,1
l9x,1
2d0,1
eqbi,1
6tt,1
d0bc,1
sjxd,1
2jt,1
te1,1
agjl,1
hq0e,1
7hp,1
9bd,1
qnf1,1
sx1,1
ll1,1
pwq,3
8ir,1
k9,35
j8x,1
pwt,1
w3wswcw,1
wcw,3
8k9m,1
ptv,1
gti,1
bzdi,1
i7ep,1
esu,270
e5,33
tyqnx,1
2an,1
t5h,1
h5f,1
uaj,1
9uk,1
ee9,3
jty,1
3pf,1
fqs,2
rfc,124
de6dw,1
eu1qy,1
tva,1
dlp,1
9an,2
9irl,1
pa1,1
zpi,1
hs4gmls,1
7iv,1
iioq,1
8dg,1
nkp,1
ve5,1
09q,1
q6,30
b6f,1
emb,7
2k3,1
vx1,1
lhj,1
644,53
dvm,1
ngl,1
daq,1
cg0,1
jprdn,1
soz,1
ffg,2
lwj,1
ovp,2
rrj2,1
m9p,1
jyc,1
jxer,1
wqd3,1
ue0,1
r55,1
okp,1
pxe,7
7tn,1
px0xra,1
bfo,1
fyu,2
ggy,1
czp,1
wqkg,1
mves,1
vg0,2
wvq,1
koy,3
xno,1
c1x,1
f5z,1
nri,10
uv5,1
vqr,3
3yp,1
aeq,1
uio,13
4p9,1
ttwn,1
rxy,1
opg,1
pby,2
961,41
nh4,1
qhq50,1
qo0,1
erf,1
tjf,2
jsc,2
x9zddh,1
nllq,1
vcr,2
wkfls,1
rmiw,1
ydx,1
2kt,1
dx3y,1
nky,1
us4,1
yci,1
syh,1
wwgmr,1
iaidax,1
wep,1
iymt,1
ogk,3
pwb,1
yio3,1
ewr,1
iyd,3
mck,1
0yt9,1
pmi,1
4dh,1
bro,6
977,49
hkh,1
7bag,1
ayjyy,1
9j6,1
v7zdo,1
xutf,1
6wr,1
8gr,1
5ql,2
fuq,1
fum,2
xs7,1
pes,3
dj8p,1
nqb,1
cho,15
mlv,1
vtw,1
dyq,1
kqflp,1
kks6yo,1
4ck,1
x7zm,1
i5gp,1
fqagsv,1
wbsc,1
383,86
t7y,1
u7,30
gdqd,1
yktuh,1
yvm,1
yyo,15
uzs,3
lnyt,1
4fi,1
kpn,1
tbj,2
pws,8
u7z,2
ozva,1
lgj2,1
dzfo,1
z9,30
jks,1
rl4e,1
dpjg,1
9wu,1
rlc,3
oos,3
f5t,3
jgs,2
vwx,1
rnm,1
cno,3
uei,1
rjs,7
8za,1
mf3,1
35,1302
hma,1
fdolv,1
bvbv,1
vfq,1
jon,19
buv,1
dvd,12
rv9,3
toq,1
zgg,2
9rj,1
nf,67
nrmi,1
ioa0,1
evd,1
rwi,1
qso,1
i9125,1
mpo,3
n4o,1
3pt,1
czd,1
hru,1
of7,1
k4e,1
t41,2
3jw,1
zmg,1
326,95
cekk,1
mrv,2
alk,2
230,53
573,58
objstm,3
a9s,1
avx,1
gqq,1
scam,1
hvi,1
3978,7
subtype,6
xml,152
xpacket,2
begin,137
w5m0mpcehihzreszntczkc9d,1
xmpmeta,2
xmlns,7
xmptk,1
xmp,10
core,244
c016,1
163616,1
rdf,27
http,1522
www,1631
org,995
1999,402
syntax,205
description,662
com,1083
xap,4
xmpmm,7
purl,3
elements,329
pdfx,7
modifydate,2
createdate,2
metadatadate,2
creatortool,2
documentid,2
36ca64f2,1
08d6,1
41b8,1
b735,1
8d1adcca6171,1
instanceid,2
3e36d6c5,1
ab13,1
424a,1
b563,1
d6909d5830e6,1
seq,40
format,307
alt,80
lang,34
default,208
creator,200
producer,14
keywords,730
sourcemodified,2
20190325204522,1
comments,1282
229,132
np4,2
ket,1
decodeparms,1
columns,37
predictor,4
e386543c5a25ef46926128186211f644,1
45730f7b05c60b4cb9cbfe62d4c5a449,2
102,319
137707,1
xaf1,1
l36,1
9iir,1
nnh,5
cm8,1
dq7,1
9btf,1
87s,1
pfo,1
8clv,1
vgi,1
zuz,1
bf6,3
mxf,2
fic,3
oup,1
du9,1
yyt,1
mbl,8
dhvn3k,1
mdim,1
9kn,1
62k,2
udwd,1
6ly,1
lz9,1
qdd,1
easq,1
48j,1
xqz,1
hbq,1
cb8,1
gq4,1
pvnb,1
ngm,4
xzkf,1
hw1s,1
ip0,1
xtb,2
b9c,1
mjrwgi,1
c4ab,1
9k6,1
edrj,1
elj,1
wtp,1
8k9,2
9jc,1
tal,16
zq0fl,1
97w,1
2mh,1
idjn,1
1bx,1
hbz,1
ittj,1
qft,3
uwmo,1
mns,3
dug,2
gav,2
ivn,3
qsm,1
rwv,2
kal,1
v9t,2
0be,1
o9l,3
yyc,1
vgb,2
ot3,2
paznp,1
wfx,1
wi3,1
3nzn,1
7qb,1
dz7,1
6svl,1
wuga,1
bx4,1
vaz,2
gvh,1
mb7,1
2lqj,1
mqj,1
xuj,1
ieb,1
8ua,1
bb6,1
jh7,1
6pk,1
f6v,1
gej,3
poat,1
ldb,1
3hu,3
xtu,1
2la,1
cdxgb,1
kmxui,1
xvw5,1
jjl,2
jbn,3
7mo,1
wikd,1
bfu,1
fpp,1
3fl,1
lb2,1
zzg,4
l5i2,1
hsy,1
qwz,2
i0e,2
jzc,2
tiut,2
5ue2o,2
2jf3wf,2
yj63,2
j2q,3
enu,2
0ej0,2
tok,3
b96,2
2xcq,2
ioe,2
dtm,2
73,560
qyri,1
aab,1
ys3l,1
xkl,2
w3n,1
425,86
ixc,3
fcnl,1
pou,1
l3g,1
dtu,3
l06,1
lzo,1
nzo,1
p2q,1
f5y,1
eicv,1
l59,3
f3q,3
evt,1
hwww2,1
00t,2
jujua,1
g6z,1
fo9,1
dps,3
u5zv,1
vozj8,1
oal,1
an9,1
no9sn,1
q2k,1
a55,1
vwg,1
89c,1
mjbd,1
crm2,1
y2o,2
44rh,1
wlu,1
mpb,1
2c8,1
mrzl,1
we5,1
uvqs,1
shd,1
9kzs,1
lpz,1
ufk,3
npu,1
bxe,3
pud,1
np6,3
ay7,1
qrjfid,1
7oa,1
dhem,1
mm1h,1
zkf8,1
crz,5
i8r,1
vjcc,1
myps,1
umvna,1
te4,1
mpz,1
f6q,1
sup,19
ved,1
ldu,2
iah,1
oca,1
8ns,1
5ju,1
czx,4
hiyi,1
77n,1
2com,1
c7n,1
ra4,1
9x8,1
ogv,1
ude,1
do9,1
edz,1
ylt,5
2kdu,1
t4q,1
osa,19
hzv,1
l8g,1
ouf,3
cjt,5
cyvzk,1
boq,1
apas,1
eus,1
zeun,1
qfpa,1
81t,1
06,1043
drl,1
scmm,1
fnp,1
eek,2
cpw,1
xlb,2
liak,1
chze,1
0mz,3
tof,4
f5lk,1
vql,1
xnb,2
e1vi,1
iqo,1
nxg,1
vsd,1
03dycsmv,1
8mo,1
lrc,1
neav,1
fu5,2
4tk,1
tic,10
qbj,5
g5y,1
bjq,1
tejy,1
svlu,1
5rtc,1
yuz,1
1ned,1
r4w,1
5qa,1
def,40
gqm,1
xxl,2
yu2,1
cyzh,1
jhx,1
mvv,1
h02,1
bdv,2
hmp,5
df2h,1
k6w,1
o6j,3
fca,3
u9e,1
vh0,1
b8s,1
ecv,1
xfa,1
3um,1
ufr,1
vlg,1
fpq,1
wjs,2
kec,1
zro,1
a9c,1
e3ja,1
kxs,1
pfi,2
dbs,4
9yar,1
brp,1
32p,1
sji,1
anp,2
sud,2
sqiqz,1
gzh,1
5adr,1
8km,1
vwv,1
sfl1,1
tgq,1
pfx,1
pz0,1
tveh,1
6wjy1,1
ank,1
uilj,1
opk,1
s3f,1
h9l,1
fxe,1
kio,1
ryt,1
uew,1
m13,6
yvo,1
gfq,1
wwn,2
7op,2
3qc,1
0s9,4
1hms,1
olu,1
kllo,1
zyc,1
cuu,4
cuxg,1
36dn,2
sxs0t,1
mdn,1
fmf,6
8nb,1
bju,2
gkw,1
qbtv,1
zi7,2
gu2,1
jlt,1
vj9,1
u71,1
tmo,1
sxr,1
iq0,1
jrb,1
dut,1
z6x,1
ceg,5
eyk,6
fgu,1
seu,3
q8g,1
4tm,1
dmf,1
9hu,2
r5n,1
cof,1
uuw,2
nffb,1
ckf,2
9yr,3
kjzfi,1
7g2,1
l57h,1
qbr,1
72f,1
1ge,3
mrg,1
2pk,1
jrzu,1
vjj,2
snj,1
rdztoe,1
rkt,3
ikx,1
suz,1
808,43
t6s,1
0ce,1
bgl,1
f0w,1
cn9,1
gdi,1
dnqh,1
kos,2
kl6,3
wnsp,1
lhl,1
24li,1
nn3z,1
ade,2
df8i,1
mvw,3
izo,1
erk,1
n4w,1
rnx,1
daa,1
aww0,1
rpqf,1
xmer,1
hq1,1
eei,1
4hy,1
xo69,1
nsi,2
hga,2
rnf,1
ksy,2
v5cw,1
mgnn,1
t5tv,1
z9q,1
qm41z,1
vcd,3
psjy,1
spy,5
icl,2
zea,1
aky,1
twwuw,1
cxb,1
94l,1
fjy,1
hhy,1
exf,1
nmzw,1
bzd,1
3zi,1
h5yh,1
mtd,3
s05,3
jlg,1
x1v,1
wp1,1
dxz,1
a2l,1
ljd,2
ybjm,1
o07,1
wvzo,1
es3,3
ajmop,1
pgj,1
jzcki,1
iqj,1
2bf,1
cbu,1
yev,1
2cv,1
1cn,1
3le,1
un2,1
cxa,1
8wg,1
fni,1
imbrb,1
rrx,1
kro,1
87w,3
afh,1
8gn,2
rmqk,1
iyv,1
jr3,1
zmv,1
czu,1
yir6l,1
gt4,1
iz3,1
sush,1
g7k,1
ihs,1
cfv,2
x9l,1
zcle6,1
zlk,1
cte,1
cqy,1
9is,1
dwv2,1
4us,1
vjt,1
x0f,1
qpu,1
3dj,1
kakp,1
jol,1
zxg,1
qjb,2
srtk,1
dru,1
jbzh,1
pxhbq,1
gxu,1
usw,1
3r5,1
cgs,5
oxf,1
a0l,1
mia,4
cd6,1
9ut,1
q7f,1
oyr,1
4pj,1
rrq,1
lgy,3
dns,44
60md,1
uqu,3
mb8,1
3id,1
ond,2
2qk,1
w27,1
h6eksd,1
zbf,2
ziq,1
gaxu,1
qxq,1
wkx,1
qu1,2
niz,1
wzx,1
wol,3
adf,2
btm,1
qd8,2
0hc,1
50j,1
vne,3
vot,1
r5p,1
j5pufkk,1
3xtl,1
oei,3
bzk,1
mty,1
ace,16
aqh,1
8yz,1
sxw,2
hizd,1
ylj,1
6whq,1
m4m,1
uil,5
kqyh,1
4vk,3
cydx,1
i4j,1
6wez,1
0qpn,1
g96f,1
nddva,1
2o,38
ufh,1
r1m,1
jsh,2
7dz,1
ezq,1
j6f,1
6vv,1
8fen,1
slo,2
n0s,1
df9,1
87p,1
okf,1
gwjf,1
dxt,1
o4n,1
yim,2
vyf,1
ogz,1
kwy,1
o7f,5
ibtz,1
k9tc6l,1
esn,1
bkk,1
gec,3
l7k5,1
ths,2
nxv,1
brv,8
79m,1
o3c,1
ff6,3
hk9,1
2uwj,1
mglc,1
fw4cc,1
gog,1
tktu,1
rgk,1
vhl,1
xwfy,1
10w,1
qtp,1
xdp,1
iuy,1
5ag,2
k48,2
vgwp,1
lnb,5
gpf,1
jlw,2
vyi,1
ynx,1
sw6,1
w7cw,1
ofc,1
jnj,1
gn45z3,1
wvw,1
ghk,1
ani,3
g4ypt,1
dmg,2
td7,1
g7u,1
yyy,1
dgsb,1
kqgf,1
apch,1
g6hs,1
cda,3
4sx,1
y9x,1
qmc,5
rjqhj,1
nbws,1
b7y,1
1fw,1
coj,1
yf1,1
vpp,1
dxh,2
avv,3
6lb2c,1
khu,1
ool,2
dkp,1
a24,1
fik,1
fw2gy,1
3dd,1
rcp,1
nj7,1
4xc,1
7l,34
cbc,4
dqc,3
hlt,2
kwis,1
zzy,1
ugsgs,1
mjmjj,1
0n2,1
a3l,1
a1t,1
egt,4
pao,1
zco,1
ker,39
435,71
xpww,1
qyl,1
iyj,2
oyv,5
yuw,1
5tm,1
mts,4
l7w,1
p5qmr,1
aud,1
bsi,1
83g,1
pq7,4
kpi,1
pwry,1
r0w,1
ff17,1
uzi,1
ydf,1
de6,2
apm2,1
8f,22
fa4,2
a5r,1
x7v,1
lra,3
fcf,3
6ti,1
jau,1
tllttd,1
im1x,1
7fx,1
syb,1
gls,7
vrql,1
bah,1
33u,1
dgkga,1
5xi,1
m81,1
m0w,4
a3l6,1
mri,4
wbnh,1
0u8,1
bou,2
pqv,3
d1fr,1
mjd,1
34,504
imu,43
hdc,3
tdhyp,1
j48,1
s0e,1
isly,1
nwl,1
hst,10
dgu,3
squ,1
7vn,1
rzm,1
y0t,1
cabp,1
1r9,1
37e,2
lypo,1
bjv,1
5pw,1
i9h,1
ysqpxr,1
me2,1
p4h3,1
8e8,1
nx9q,1
r8k,1
o03,1
qtskc,1
ccp,3
djm,1
2by,2
lqr,1
j0b,1
112,247
d72cvg,1
w8y,1
hy7xq,1
rj7,1
y9c,1
bpc,5
hby3,1
8lv,1
h4z,1
0hvw,1
xkxz,1
lkn,1
ugj,1
5sb,1
ifu,1
0ew8a,1
xgdy,1
vhp,2
su9,2
yc5,1
5vs0,1
edl,1
dso,2
1ic,1
lnj8,1
u88z,1
rzzcw,1
y8pg,1
jul,70
93e,5
txu,1
747,76
unu,3
humgt,1
7tzdg,1
3axvi,1
9ew,1
z63w,1
f4f,1
r7m,1
enm,1
hzm2,1
muz,1
aqy,1
qwr,2
ajz,1
xoc,1
bc9,1
kir,1
jmgl,1
znoj,1
ijg,1
bbxk,1
202,119
gbk,1
yjh,1
awu,3
idc,1
ypt,1
dpf,10
te5,1
itt,1
lyg5,1
utw,1
rjb,2
e5t,1
furoa,1
39g,1
9ljus,1
mi6,1
h4x,1
q4x,1
9vk,1
t97a,1
nct,1
szjt,1
qhw,1
gh3,1
1bb,1
n8o,1
whc,2
oxgk,1
pvs,1
cit,8
lm8v,1
fis,1
nbm,1
pau,1
sve,1
key,1642
sqm,1
iru,1
tihs7,1
nb1r,1
lrg,1
lfd,1
emn,1
2oe,1
rwn,3
ykbt,1
w6d,1
mcvd9,1
bmw,5
w6i,1
9dud,1
v7qs,1
q7i,1
qje,1
ckg,2
t4c,1
4ekzob0,1
8bci,1
d3rh,1
cy9,1
i19q,1
gm0,1
bpg,1
hxn,1
ic6,1
ocn,1
5eznaa,1
nex,1
ipw1,1
wwm,1
vxr,1
leqh,1
t9sn,1
3wf,1
qyin,1
7qmf0,1
kxd,2
1cs,1
01mr,1
9dtg,1
zum,1
orq,3
gmg,2
gyx,1
hms,1
msg,2
ko1,1
qhg4,1
pqzd,1
ol5n0n4,1
3wg,1
gvq,3
6gq,1
qb4,1
vpojq,1
91bl,1
quel,1
3y3,1
phf,1
pxw,1
swy,1
70w,1
raq,1
xtl,1
hm5rr,1
eh3,1
gdk,1
1ii,1
i6v,1
asbfd,1
dpc,1
1hrg,1
gyb,1
qjc,1
y7f,1
6cn,1
jxv,1
eox,1
juj,1
h0be,1
ueq,1
1g2,1
xf3,1
q4a,3
wgk,1
fqe,2
ul3,1
ig30,1
enc,6
jpd5,1
knd,1
vbi,3
7nukr,1
jnw,1
nmx,2
2d5a,1
uyv,3
nsdy,1
cji,1
hjhs,1
9f3u,1
bwl,1
nkr,1
gah,2
fod,3
lbb,1
02y,1
wa9,1
mzp,3
t3i,1
lrm,1
tuc,1
gyw,3
fd0,1
guc,1
k3k,1
mzr,1
zueh,1
jwp,1
ufz,1
pny,4
mjyz,1
dsc,6
frr,1
p32,1
ymb,1
7td,1
l7j,1
gfd,2
iqf,1
jmie,1
unn,1
8wi,1
fwp,1
6zt,1
3czjp,1
0jd,1
pfk,1
rhg,2
dc4,1
2y3,5
cgf,2
9hi,1
ynh,3
bhk,1
3ov,1
dzn,2
iazz,1
d13992b6,1
4adb,1
405a,1
9b8e,1
d991ed743406,1
2c903c7e,1
d21d,1
4e27,1
abc6,1
4cb588246560,1
20190325204145,1
0sj,1
226a5222030a494e81b79d21d5e327ab,2
1c800365691f13488102527c8fe11ab6,2
121447,1
esj,3
mfk,1
ipr,1
i1v,3
w7q,1
7ys,2
zld,1
h6e,1
mqc,1
gjv,1
fvp,2
kqz,2
ows,1
chz,1
gtku,1
tno,1
ztql,1
2ce,1
opr,1
douso,1
vtzp,1
chy,1
ku0i,1
0hu,1
rkc,3
bxx,2
vmw,1
g76,1
b6m,1
qyx,2
40b5,1
60sck,1
ixz,1
llif,1
apk,1
pc3,2
3u3,1
pob,2
jpk,1
36e,1
ddjd,1
gmln,1
fdi,1
2fbgl,1
ajs,1
quw,1
c9s,2
wti,1
96u,1
kuo,41
3vf,1
zu1,1
2cq,1
ivr,1
xmj,1
2yyn,1
9jh,1
hfuz,1
mkog,1
vkt0,1
lak,2
mlu,1
tio,4
2ne,1
fsz,1
yx8,1
n6hq60,1
nrn,2
swk,3
gic,5
v3xe,1
frq,1
crx,6
0wgk,1
x5p,1
c2x,1
gnho,1
5bs,1
9y5,1
4ax,1
0gm,4
a3kt,1
c8t,1
8p8,1
a3i,1
xpt,1
r8lk,1
oom,6
uep,1
cqo,2
l3k,1
8j9e,1
hcv,7
daxy,1
nrdy,1
371,85
fah,6
qhq,1
itbq,1
7ab,1
5w0,1
vwa,2
plp,2
rmy,2
l3f,2
o8u,1
qmk,3
iete,1
qhf,1
ms6,1
7md,1
xit,1
hfb,1
yam,1
4pg,1
pueue,1
jywb,1
nhy,1
pij,1
hbv,1
2de9,1
g87u,1
tw9,1
nqx,1
hyr,1
b4v,1
fek,1
cpbb,1
nqthvm,1
xetka9,1
gxu4,1
jqd,1
wta,1
jhkkc5,1
mcs,161
vc0,1
uql,3
mzqo,1
cel,1
7w5w,1
dyw,1
2vht,1
cmb,7
wa8,1
ufb,1
52g,1
n9md,1
sko,1
0jgg,1
lag,7
gy6j,1
5anwgyfq,1
kgxmv,1
pll,1
8v0,1
cua0,1
mro,4
pmn,1
ucy,1
qwx,1
ct5,1
kqs,1
3udg,1
j7t,1
wca,1
8kze,1
u5r,1
veq,1
4mw,1
p21,2
pjm,1
6c3,1
567,65
k80,1
g131,1
nth,5
uldt,1
s8n,1
cjg,3
ly9d,1
vmk,2
rem,9
yc6,1
jnzp,1
61e,1
buq4,1
pwkl,1
bt4,3
ugded,1
ax8,1
m8u,1
qqlq,1
gd5,1
vpz,1
pdu,4
wsl,1
0qd,1
rfk,1
iae,1
mn5,1
ig0,1
ukac5,1
wfah,1
ecwei,1
5qlgi6,1
kkz,1
ztvi,1
q4v,1
v7f5f,1
hu5,1
kd6,1
ibip,1
ssw,3
dyey,1
cz8,1
e8s,1
3qk,1
vzt,1
xqp,1
fce,1
svj,1
2hge4,1
red,136
mgh,1
50b,2
8lgd,1
ql7s,1
2qy,1
dsv8,1
lot,405
omq,3
1t6u,1
ts5pq,1
uge,1
qyy,1
qse,2
jug,2
bzc,1
dr2,1
gmos,1
npj,1
okc,2
dcc,1
wya91,1
sssc,1
qrv,1
z3s,1
viz,7
d8v3,1
vuv,1
uek1,1
euj,1
mzv,1
k9q,1
iq6n,1
r2h,1
xfrf,1
3uv,1
max,235
zc0,1
e8j,1
mqr,1
t5u,1
20y,1
u4bh,1
czc,3
lph,3
uy0,1
lht6,1
hply,1
64jpu,1
pta,1
cqr,1
lice,1
oxv,1
djz,1
gjashi,1
yzvsow,1
2hd,1
zo2,1
eaj,1
xjs,1
aa4a,1
srl,1
czg,1
dum,4
evv,1
bmm,1
75u,1
kiu,1
eqe,1
liw,2
djx,1
ff3t,1
rdevyvv,1
4ww,1
qbx,1
iyl,3
9ga,1
hw8,1
fzld,1
rzh,1
2ua,1
5fz,1
kovc,1
btmp,1
1e0,1
tqir,1
gbj,1
8lj,1
tjft,1
u6w,1
vlgb,1
vve,1
mue,1
xcl,1
d9fe,1
rfa,1
lqv,1
srv4,1
fsp,1
lh0,1
xqt,2
qvh,3
rex,3
now,1898
737,45
t3kvk,1
djt,1
bdr,1
h1u21,1
ljc,1
suta,1
r3hz,1
i4hd,1
aip,8
3t2,1
zqk,1
mix,25
uv8,1
yx5c,1
uiu0,1
5dajs,1
jky,1
xpl,1
27f,1
l9l,1
rtl,1
ldc,1
cju,1
rxh,1
iuh,1
wa6,1
zna,1
con,39
txr,1
al3,1
wng,1
igtkl,1
1vw,1
iuxw,1
fef,3
043,79
lqq,1
gjw,1
btv,1
zoq,3
ibv,3
cuk,1
m62,1
lkc,1
osx,7
wco,1
ods,7
xmr,1
pii,19
xk9,1
euyk,1
jnkti,1
hl3,2
uof,1
wiw,1
swik,1
otgez,1
tjy,1
wog,1
thnx,1
rlo,4
619,62
wf9i,1
st7,1
son,34
8nejg,1
7ms,1
w5i,1
raum,2
ofn,3
rtsp,1
298nsr,1
xjf,1
wtk,1
on4,3
ccl,2
yqc,1
eoa,2
yyb,3
dnk,1
wdf,1
0rf,3
1ke,1
wnkp,1
8o6p,1
o0g,1
qbc,1
hek7,1
iwi,1
kto,1
f9q,1
325,78
jaur,1
jjo,1
nxm,3
rrwgs,1
zwb,1
1tn,1
yjvhe,1
dlx,1
eih,3
j0o,1
hfv,1
iqb,1
l97,1
ywh,1
axu,1
p0w,3
f33,3
9xi,1
n20,1
iea,1
11i,1
lmi,3
fkyr,1
1n3,1
t5m,3
khdhthl,1
rcjb,1
keyfy,1
kla,1
uyo,1
enf,2
fne,1
jsl,2
t9o,1
0fm,2
fns,1
ash,12
dmyg,1
2cf,1
jqm,1
e65,1
r3jn,1
t1s,1
bdm,1
2o6,1
49r,1
irf,3
yd4,1
jqi,1
j5w,1
u5z,1
yg6,1
1ar,1
2ze,1
3sc,1
tzibh,1
mjkoq,1
djba,1
bzj,3
q9up,1
z73,1
ykk,3
qwo,1
uel,1
hcf,1
ynv,1
bbm,1
apvhh,1
ka3vp,1
jbs,1
sfp,1
csl,6
sq5,1
kl7s,1
txg,1
gol,1
x3m2,1
kerl,1
tmx,1
pft,1
g6i,1
eyro,1
lfp,2
jw6,1
mwrx,1
lhsh3,1
hgrj,1
6atx,1
xo71,1
pst,57
ifv,1
imc,2
b99,1
fgv,1
lv7,3
rcu,1
ufh3,1
jo7e,1
phy,3
uh8,1
mdx,1
6qp,3
7jg,1
cxk,2
8dd,1
xxy,1
0c1,1
ayg,1
6qr,1
vp8,1
4uq,1
qmr,3
kev,9
mdi,1
vip,1
xto,1
j8l,1
luc,2
7jkq,1
bq4,1
iimi,1
ntkajk,1
89jn,1
h8jfs,1
i6m,2
63i,1
gjtyb,1
krg,1
sqmn,1
rrf,1
rdb,3
hevjz0,1
dmm,1
xb0,1
wsn,1
onq,1
6sb,1
bgo,1
78w,1
7xm,1
zqwm,1
a8h,1
vtn3o,1
dha,1
hbc,2
atuk,1
ptp,1
yhq,1
b2f1,1
nsa,6
hum,6
dmxwxw,1
gmo,1
xxkg,1
dkv,1
2qb,3
cis,9
kmr,3
g2i,1
igp,1
hgb,1
kqj,1
uy9g,1
c5s,1
ryj,1
y3z,1
p5z,1
moq,1
dwml,1
chx,1
dzy,1
ctt,6
9mlf,1
dei,12
x51,1
ddi,1
n3n,1
tj6v,1
a88,1
xxo,1
qvkz,1
jy8,1
mo3u,1
qzg,3
ftl,2
2fg,1
lstj,1
pk9,1
fyt,1
iqijw,1
fet,1
zkku,1
v3z,1
ezt,3
k1oea,1
0m3,1
f1iyqb,1
mvq,5
a1my4,1
haf,1
s4w,1
dfhf,1
jpr,1
9ui,3
84u,1
q5m2,1
ur6t,1
nrd,1
tjqi,1
h3thx,1
cch7,1
lxf,1
1mk,1
dmt,1
d0di,1
t5l,3
dos,22
y99,1
5xv,1
p6o,1
czw,1
vp9,1
vbl,1
sqi,1
pvnl,1
c15,4
jjj,1
hmy,1
bxbrb,1
hc8,1
i1x,1
cn3,1
qnn2,1
s4lt,1
au2nn,1
s4b,1
7h6c,1
vjc,1
bp7,1
44s,1
i2t,1
xyj,1
lcy,1
vzz,1
ugny,1
q9n,1
vqn,1
fc7,1
jefb,1
3nd,3
cfh,1
gsp,1
mre,1
uv4,1
yfx,1
hge,1
7bsecd,1
6gw,1
oqkt,1
uozw,1
g4n,1
eyi,1
0ga,1
wy5,1
pmd4i5,1
clb,1
dol,1
2mc,1
poi,3
wwi,2
nub0,1
c5gs,1
tk3,1
8e2,1
ngio,1
jam6,1
ams,74
krd,1
yqfj,1
9nm,1
wrd,1
5i0,1
9ra,1
d7hi,1
cw9,1
llf,1
w0w,1
lcl,3
uijutjispb,1
ejz,1
i04jb,1
3pa,1
ikp,1
eli,27
8gt,1
qif,1
ahee,1
qkg,1
vr8,1
rbr,1
udcz,1
dtt,1
u8x8r,1
nks535s5,1
6nki,1
mlzu9,1
zdoa,1
hwa,2
uap,1
nax,1
iud,1
vt9,1
lsm7,1
lyk,3
ej7m,1
hzov,1
kvxz,1
zid,1
niut,1
k6b,1
xlea,1
qlc,1
ai5u,1
x57,1
jwk,1
a4s,1
y5o,1
tz8,1
9dst,1
kld,1
aww,1
gfn,1
h0fd,1
qan,3
6rtj,1
i3g,1
vfgsg,1
sxh,1
r7c,1
365,231
pn0,1
zim,3
oa1,1
jzn,1
fux,1
ear,23
nv7,1
ywq,1
2qfq,1
js6,1
n3h,1
jwu,2
mzi6q,1
nki,1
edf,1
j3v,1
sgx,5
31pl,1
e1rl,1
htje,1
58p,1
tdr,3
srf,4
u7m,1
akj9,1
lqwif,1
oomy,1
0ge,1
61m,1
vuh,1
h4qhl,1
vht,3
rt2,1
obsavf,1
17w,3
j7z,1
rk4,1
jvlc,1
un8,1
qmb,3
nwc,1
isb,1
3iv,1
z6obq,1
xuc,3
pot4,1
pyz,1
htk,1
tjv,1
9og,1
dblf,1
ydm,1
8cp,1
fzz6,1
avcp,1
2zhy,1
ynuy,1
msbs,1
qxi,1
3yfbf,1
ram,101
igwy,1
lrc8,1
rt4,1
bfpf,1
0cvr,1
krg4,1
tsw,1
h6vb,1
fgvg,1
ypf,1
gzt,1
z9t2,1
kaauai,1
a5x,1
t5ix,1
ka2p,1
d3v,1
o6o,1
ifq,1
xd1,1
zlr,1
17l,1
owf,1
nudwyu,1
35um,1
oll,1
ckqw,1
nic,4
ot6,1
o7e,1
0ol,1
etj,1
u2ee,1
9vs,1
icd,1
iv9,1
by4,1
w59,1
bir,3
hb4,1
ish,7
n75,1
3mp5t,1
r0ub,1
bnq,1
wsx,1
ygm1,1
97qv,1
7xz,1
hbo,1
j4w,3
9bk,1
joe,55
nkh,1
gim,1
swz,3
n3b,3
4op,1
cyf,3
rz2znf,1
6f9,1
ohw,1
e07fm,1
eenbm,1
7aw,1
uxs78,1
q4s,1
juh,3
cro,3
5bn,3
x1gbm,1
h80,4
sgu,3
dna,50
pjfqf4rr,1
d7b,1
e38,1
r17,1
ynxh,1
dle,1
u31,1
x7r,1
v7v,1
jkb,1
9ma,1
nte,1
20d,3
dkc0,1
usp,2
wgu,1
kur,3
77658d03,1
65f4,1
4e7a,1
9202,10
e3ffce2c2987,1
1335f0cc,1
bb15,1
42e7,1
aa27,1
c442e9aa33a1,1
20190325203820,1
t0p,1
fj1qj,1
annie,21
integrating,77
source,1188
block,123
wise,24
join,512
zoom,347
fabrizio,4
ruggeri,1
italian,13
council,298
milano,21
classes,327
orders,93
reliability,65
krishna,4
balasubramanian,8
davis,89
normal,357
iterative,62
estimators,9
martingales,1
utts,154
enhancing,63
ethics,145
practice,247
download,690
mengyang,1
orthogonality,1
meets,100
marginalization,5
fast,458
correlated,98
mine,78
dogucu,48
strategies,128
fair,119
grading,37
aurore,1
delaigle,1
fragments,14
diagnosis,59
diagnostic,51
xiwei,1
virginia,120
berrocal,23
spatio,63
disaggregation,4
survey,230
estimates,47
areal,3
proportions,11
accounting,30
sonia,3
petrone,1
bocconi,1
milan,9
quasi,30
recursive,83
evolution,175
rouder,1
order,968
restricted,160
understand,462
qualitative,46
individual,436
differences,919
alan,28
gelfand,10
surya,2
tokdar,1
dependency,12
meila,1
unsupervised,51
validation,42
categorical,157
matrix,180
factorization,15
double,204
allocation,423
heping,1
yale,40
back,2177
basics,17
residuals,10
diagnostics,26
talks,637
bruno,11
sanso,1
monday,298
edward,29
kennedy,7
jose,54
miguel,26
yamal,1
machine,2240
extraction,93
predictions,49
mimi,90
liljeholm,2
invariance,11
sociology,18
identifying,100
geometry,1766
curvature,47
gongjun,1
noisy,34
bit,233
helen,12
oracle,48
values,562
uri,63
eden,3
complex,406
phenomena,169
dana,2
postdoctoral,861
researcher,1348
recovery,77
observations,136
cinelli,1
transparent,31
jesus,9
arroyo,2
maryland,41
raaz,1
dwivedi,4
perspectives,78
old,2327
yinqiu,1
hypothesis,79
efficiency,139
youjin,4
fellow,612
replication,56
crisis,101
sameer,24
deshpande,16
vcbart,1
coefficients,22
scarlett,3
bellamy,1
dean,291
diversity,721
inclusion,392
development,1142
drexel,6
sustaining,5
initiatives,56
increase,643
enar,1
fostering,42
workshop,816
laber,2
bioinformatics,103
considerations,15
precision,129
medicine,192
illinois,95
urbana,61
champaign,57
characteristics,196
fields,364
song,73
analyzing,172
mediators,9
integer,406
briana,3
stephenson,4
accommodate,30
cohort,95
excursions,1
robustness,25
mahlet,1
tadesse,1
georgetown,6
uncovering,9
relevant,254
features,1019
tchetgen,2
upenn,21
introduction,319
proximal,4
alicia,1
carriquiry,1
wrote,195
forensic,27
handwriting,8
denti,1
doc,38
shrinkage,1
parameters,359
luohua,1
jiang,120
translational,34
interventions,71
historical,57
propensity,4
trial,51
calcium,16
recordings,29
smoothing,31
jing,88
regulatory,27
grammar,16
single,811
resolution,357
highlight,124
driving,175
epigenetic,8
dysregulations,1
regina,2
liu,348
rutgers,37
combine,108
inferences,28
diverse,421
sources,304
heterogenous,7
katherine,20
heller,2
towards,373
trustworthy,34
andrew,513
holbrook,3
quantum,1355
parallel,466
shujie,1
artificial,208
causation,4
endowed,139
mediation,18
00am,50
radford,1
neal,2
emeritus,89
accessibility,810
curriculum,266
erick,2
matsen,1
fred,19
hutchinson,4
phylogenetics,3
systematic,60
gradient,40
ascent,2
siddhartha,3
chib,1
harry,22
hartkopf,1
louis,28
moment,92
sha,2
cao,70
transcriptomics,3
jeremy,19
taylor,127
pharmacia,1
surrogacy,1
potential,444
person,600
designated,48
everyone,126
else,148
wenxin,1
shortfall,1
miaoyan,1
wisconsin,77
madison,42
completion,131
sign,168
remote,1251
bettyann,1
asche,1
anderson,60
elastic,13
dynamically,71
borrow,7
jairo,3
quene,1
pati,1
formulations,11
elizabeth,28
read,2726
chemical,130
biomolecular,10
engineering,3146
bridging,60
shed,17
light,862
sastry,1
pantula,2
bernardino,3
belonging,29
profession,26
talk,1249
arm,64
synthetic,114
built,176
rwd,1
dabao,1
defining,87
beyond,327
ehwerhemuepha,2
children,303
hospital,58
pediatric,95
choc,103
microbiome,2
mckinnon,1
certain,339
internal,238
implications,106
western,84
water,134
6020a4524757264d8533716519d37f4c,2
114850,1
302,120
3ob,3
gjk,1
outlines,37
yic,3
icyw,1
a84d,1
brb,1
gdv,1
uafj,1
li2,1
dt4g,1
ut1,2
jwm,1
e4k,2
ygx,1
wfkt,1
su4a,1
0jom,1
xj8,1
oam,1
8ph,1
sqa,3
b58,1
tmh,1
sry,1
1sw,1
pay,108
ac0,1
isga,1
hre,1
cft,1
qea,1
zqmt,1
unemu,1
cyx,2
ssb,1
p8j,1
jre,1
19k,1
bsn,3
ug6z8,1
ek9,1
nom,3
5evn,1
3xf,1
nndh,1
n8f,1
3fj,1
taq,1
hux,1
r8e,1
puk6,1
91j,1
bop,4
vg4u,1
sczk,1
6nk,1
z6u,1
ums,1
tenw7,1
3ig,1
6se,1
k1b,1
epz,1
rb3,1
ada,24
nmfy,1
ziks,1
3no,1
tmz,1
rh4,1
h95er,1
g278,1
wasr,1
z6a,1
frb,1
uqj,1
oib,1
krvj,1
svk,1
j2e,1
l2m,2
aq7b,1
l8q,1
99w,1
0j0r,1
6bqu,1
46y,1
uu3,2
crd,1
fnn,3
5tp8,1
c8het,1
ndr,1
byua,1
bysxfv,1
f9j3,1
hlc,1
olrl,1
itba,1
yrs,10
vjkd,1
5f6,1
t5c,1
nwel,1
4ez,1
nr8e,1
sy6,1
q41,1
qke,1
satat,1
rsja,1
pkjcm,1
zpo,1
l9w,3
ryi,1
h5v,1
jvi,1
6us,3
ouw,1
fqk,1
p9b,1
cy4,1
wkz,1
nr1,1
tiutm5tkuto,1
izj,1
egk,1
bsbj,1
2pvd,1
y1f,1
2cr,1
d5em,1
nys,1
8wds,1
urymc,1
cxf,1
a4t,1
ubo,1
gc4,1
ubj,1
udg,2
twi,1
e5c,1
uvzl,1
zvr,1
5jqo,1
c92,1
ydk,1
5dw,3
qswu4,1
ufcc,1
ltg,1
cyne,1
r74,1
s25,1
h60,1
wjfm,1
b6g,1
yzs,7
0nj,1
gl1,1
8qp,1
8nd,2
xsu,1
v3k,1
77ax,1
o0jd,1
fpw,2
1dlr,1
8tjz,1
bv0,1
cotk,1
lvhr0,1
yyp,1
iiw,1
lpx,1
3ml,1
jaka,1
q4z,1
zvk,2
s3jyu,1
wquw,1
o3j,1
igpu,1
dncz,1
8om,1
ilc,1
85g,3
kyv,3
rhf,1
2uh9,1
wxo,1
lwg,1
sae7n,1
wow,30
eaea,1
7ow,1
r1vt,1
q8u,1
rep,339
jtf,1
vyv,1
pid,3
sxz,1
zde,1
bkx,1
d8x,2
fcp,1
xr6,1
xq6,1
zmx,3
bj1,1
rxp,1
rtxg,1
16w,1
ywocc,1
rkf,1
vrs,2
y7b,1
7ye,1
e0o,1
ebmv,1
1xq,1
0xx,3
3iz,1
vdi,3
op2b,1
fq1j,1
uxb,1
cqj,1
jm6,1
v0f,1
t5n5,1
bodnk,1
5rt,1
khqn,1
7ov,1
yzc,1
keq,1
tujvr,1
kuj,1
bes,3
iyq,3
4ff,1
ejx,1
qua,1
jeyu,1
bex,1
ljr,1
6di,1
sd9,1
ic2,1
ojw,1
5ev,1
slj,1
kgs7,1
cyy,1
u799,1
pxu,1
wf1,1
bwn,1
odcj,1
ogze9,1
sqfyz,1
dtf,1
haz,1
nff,1
xcz,1
qrq,1
9wl,1
to729,1
l6fd,1
ng8,1
dbc,1
lfqz,1
srw,1
2ix,1
vaq,1
cjd,9
nlo,1
mkh,1
pac,9
doj7c,1
d8q,1
ucfe,1
7fo,1
r57pno,1
blq,1
vex,6
lp6,1
zv3,1
yg3g,1
wn3,1
bed,12
n8z,1
j1aw,1
5dq,1
njk,1
kwr,1
8jx,1
pso,1
zib,1
a4q,1
14f,1
yyv,1
r9q1a,1
xeu,1
ad9,1
hcu,3
meb,1
sfw,1
yfg,1
f4ru,1
7tc,1
gki,1
kztp,1
wnds,1
r1l,1
4cu,1
10x,4
suv,1
fr3,1
ccq,1
iyba,1
ihr,3
xioe,1
trqy,1
wrz,1
f2i,1
qr1n,1
m3n,3
1od,1
c3qw,1
qysrg,1
jc7,1
uij,1
wc1,1
xwj,1
q9t,1
czq,1
uhofy,1
rtp,3
4gn,1
kfd,1
nsp,1
rnt,1
m2z,3
opv,1
x4sp,1
qjr,2
5db,1
i69,1
hy0,1
gdrhs,1
asn,2
xpi,1
xvc,1
r0f,1
lt9,1
z3p,1
yjz,1
rvk,1
vxl,7
kaj,2
fpan,1
hfp,1
pjd,1
wf6dw,1
xal,2
bk3,1
wf3o,1
npc,3
ngx,1
75n,1
i3r,1
4hf,1
gk7,1
60f,1
een,5
iq7,3
dt2,1
wnw,1
8cjr,1
ut8,1
dcv,1
xhje,1
9qt,1
asv,1
gkpwb8,1
kfo,1
cgo,1
2hka,1
2uw,2
jus,3
x2w,1
1dn,1
smf,1
lri,1
cnl,2
nbf,1
mbz,1
wao,1
a1n,1
aug,145
lco,1
v6w,1
ckv,1
rwq,1
i1j,1
fq3,1
x78mu,1
nnm,1
z5p4,1
iog,1
qhr,1
drj,3
ezx,1
scs,2
uqbku,1
dmd,1
j1y,1
6sc,1
kqm,2
8rz,1
ptt,3
6ol,1
jdd8,1
d9i,1
8fg,1
1yj,1
o5p,1
ajd,1
rnr,1
rsj,7
tjetn,1
2z6c,1
12v,1
hbl,1
j0q,1
aynip,1
7yu,1
a4l,1
m4le,1
mkx,1
sa5,1
i1m,1
dqit,1
ris,2
jvog,1
ezv,1
ex9me,1
qh3h,1
ecf,1
5ik3,1
el1,1
w2a,1
far,307
i6d,1
z10wv,1
5zgwob,1
vto,1
nskl,1
ny4,1
mpc,1
mob,1
grm,1
gmp,1
bmc,46
0rs,1
lae,1
mljjl,1
ilhz0,1
iqu,1
qyfqu,1
nbh,1
ss37,1
x0qb,1
uhc,1
sfvt,1
sgt,3
zmvat9,1
uae1pc,1
ngjp,1
zl2,1
cuv,1
jzb,1
5tsi,1
j0x,1
tjr,1
njmj,2
zfn,1
qw3,1
yaw,2
upi,4
fie,1
3vso,1
ssg,1
fvf,1
4ejt,1
qcq,3
jq9,1
lup,1
wdi1i,1
f7vsj,1
okk,1
l1i,1
dtlt,1
dyz,1
yvw,2
u5f,1
hmj,1
mbn,1
vsq,1
fnw,1
ixf,1
hgwbk,1
nmo,1
qoc,4
qqst,1
whz,3
ljh,1
s3ie,1
5nm,2
gkby,1
0roi,1
bg39,1
swm,1
sct,7
48o,1
ovl,1
uotw5,1
4z2,1
nag,15
qfg,1
ddur,1
ciwejkuu,1
vkj,3
mgg,1
dwyp,1
iwmi,1
zn1,1
13s,1
joy,24
yr1,1
bem,10
whs,1
y7w,1
tss,1
a1v,1
y4vs,1
8ye,1
tmg,1
8nh,1
tyb,1
iwkw,1
jc3,1
ycl,1
yk5,1
xo4,1
fpu,1
yem,1
fct,1
l6g,1
ijvlyv,1
gtr,1
fqx,1
zp9i,1
0ac,1
4x2,1
emc,5
qrh2,1
uypv,1
vo7,1
rqu,1
zvlo,1
tqe,1
i9yh,1
ve7,1
gyc,2
m8e,1
ehe,1
tsb,3
jrkc0,1
hdoh,1
hnx,1
eev,1
xbq,1
4kia,1
2km,1
znc,1
cgt,9
5mg,1
he4,1
caij,1
un7xc,1
voc,14
ncyr,1
otq,1
v6j,1
8r3,1
hl7,5
qcbm,1
ew1g,1
3zf,1
koo,11
bod,3
oor,1
f5c,1
wbfd,1
6ai,1
nqjp,1
2xz,1
2po,1
1lx,1
rey,2
rg6,1
5uf,1
fvxbi,1
ew4,1
31w,1
8r6,1
5wo,1
xvd,1
fkw,1
jkk,1
qtc,3
fs4,1
rf9,1
2rv,3
uf9,1
xbpc,1
hlx,1
qyz,1
aos,2
uangu,1
urc,1
ozv,1
zxo,1
emz,1
ml6,1
9fw,1
ckp,1
okg,1
pns,1
ick,2
n0l,1
1cl,1
jr8,1
srs,2
4ase5,1
7zo,1
3nw,1
w23,5
ttkcc,1
q7y,1
9op,3
q6i,1
qfb,3
ly2,3
m4x,1
g9j,1
sd7,1
9mz,3
gp6,1
8jf1,1
ahs,1
kyogx,1
cf6,1
cto,19
5z5,1
xxw,1
lpk,1
7dv,1
5j3,1
kyr,1
jrq,1
lpom,1
r32g,1
9qjs,1
52t,3
zit,1
wu4,1
ypn,1
4lni,1
kmg,3
uow,1
i55,1
ydpl,1
8fw3,1
514,73
wpw28,1
mwsgs,1
sksks,1
zam,1
8nc,1
fb0,1
wh7,3
cldvl,1
m4j,1
h2k,1
vwww,1
wn9,1
edy,1
esh,1
qcnb,1
q3n,3
dznq,1
agz,1
lsn,2
dfdavds,1
etqqi,1
ohf,1
9arl,1
k46,1
7vl,3
yxo9a,1
5ns,1
zms,1
vig,1
bky5,1
nu6q,1
n5x,3
v6q,1
psp,1
xd6,1
4mu,1
s2s,3
hs5h,1
t6l6,1
vbp,1
svf,1
4kz,1
uhp,1
fbe,1
6yu,1
dsz,1
mfnd,1
tl9,1
cbfc7q,1
33m,1
d6m,1
bp6hw,1
fdx,1
ot9,1
z0o4,1
bpm,1
bsc1,1
xdl,1
d3ipb8,1
2xkp,1
ccrzag,1
hf0,1
jmm,1
gkj,1
igt,1
xrd,1
dfb,1
rze,1
0pq,1
16z,1
nwi,3
mqhv,1
md9,1
b4m,1
ytf,1
iv8,1
exs,1
yzq,1
tkr,1
y4jnhem,1
odvm,1
qli,1
cdgj,1
4q7,1
djg,1
vz4,1
6rtk,1
r21,1
d11,1
4io,1
2ve,1
2es,1
kie,1
hwx,1
ssp,2
mnn,1
ab9,1
rds,3
4cs,4
pne,1
mda,2
29m,1
byqy,1
fjut,1
yx0,1
nc1,1
dii,1
v6cuo,1
ztc,1
1ph,1
zi5,1
sqt,3
ein,2
7qop,1
ewehn,1
yur,1
d4o,1
x3p,1
wdm7,1
aea,1
nam,4
4b7,1
nim,14
v5o,1
pibc,1
njl,3
t0bxfj,1
mlw,3
as1,1
9zn,3
iwp,1
2o9,1
yz1,3
mvk,1
dex,2
fje,1
tudcu,1
a4ew,1
8iwz,1
8mt,1
upg,1
kfj,1
ifl,1
1fha,1
svql,1
yoy,2
w16,2
kxa,1
a6b,1
fa7,1
otg,1
pui,1
ui8,1
bno,1
wrm4,1
x4d,1
h7f,1
wor,3
ttu,1
uoa,2
fsi,1
3lc,8
lwe,1
yssi,1
iio,1
9qs,1
c4p,1
wdx,1
k9c,1
gxe,1
01t11,3
a479ee35,1
414b,1
4461,9
8e9d,1
e44ccf2e9416,1
60784d22,1
63da,1
482f,1
92de,1
ca39b8beb33f,1
20220301192409,1
21u0p,1
qwjkmr,1
nh0,1
federico,15
camerlenghi,1
management,2899
bicocca,1
italy,144
genomic,18
variant,55
genevera,1
allen,23
electrical,111
powerful,211
minipatch,1
ensemble,24
xuan,19
driven,579
label,432
poisoning,4
backdoor,3
attack,64
xiaowu,1
dai,22
markets,68
tapered,1
exponential,114
mladen,1
kolar,3
booth,13
confidence,44
sets,716
note,771
jacob,24
bien,1
operations,286
thinning,2
sufficient,89
xue,22
auxiliary,31
improve,457
pseudo,29
samples,67
copula,2
edray,2
herber,2
goins,2
math,1064
experience,1410
prime,54
reflections,33
peyman,6
kassani,1
controlled,77
genomics,64
angela,33
asst,6
marshall,120
confounding,8
sequentially,9
exogenous,3
unobserved,1
confounders,1
herbert,29
wertheim,3
compression,82
baolin,5
gwas,7
summary,302
jane,6
ling,8
homogeneity,1
trouble,138
yifei,3
triggered,30
intermediate,43
events,6036
tree,1052
ensembles,8
cory,1
zigler,1
weather2vec,1
representation,365
air,95
pollution,14
climate,115
naisyin,1
goodness,2
fit,212
differentially,4
private,248
frequency,101
xiaotong,1
perturbation,12
peng,72
ding,35
adjustment,9
armed,8
possibly,127
factorial,18
zhengling,1
george,113
reinforcement,84
unmeasured,4
stefan,28
wager,2
cancelled,43
zhe,14
combinatory,1
subsampling,3
zhu,147
misspecification,1
respondent,2
tanya,5
garcia,237
north,98
carolina,32
chapel,10
hill,60
censoring,7
jie,54
carter,15
butts,18
chancellor,210
eecs,186
ben,53
shaby,1
shape,463
limiting,30
cloud,496
amy,11
braverman,3
jet,23
propulsion,7
matt,80
koslovsky,1
accommodating,2
compositional,18
jingyu,1
clusterde,1
expression,267
method,612
positive,441
inflation,29
dipping,1
global,329
null,181
bhramar,1
mukherjee,17
struggle,9
unseen,12
membership,93
vianey,1
leos,1
barajas,2
extending,85
hidden,156
calit2,80
auditorium,31
yingying,4
administration,69
knockoffs,1
coupling,72
actigraph,1
wearable,150
devices,647
chengchun,1
shi,46
london,63
political,93
rebecca,44
betensky,1
truncated,107
yulia,2
gel,8
dallas,17
topological,234
multilayer,3
guo,66
repeated,76
measurements,138
regularization,8
tuning,62
novel,289
framework,548
estimate,131
electronic,384
records,150
aggregate,26
patient,146
level,762
jingjing,1
zou,13
residence,37
longevity,4
modal,39
cross,413
masked,2
autoencoder,2
digital,768
steinke,2
deepmind,2
jingshen,1
adjusted,22
delayed,30
canceled,3
liang,126
automatic,283
melody,4
huang,369
humans,199
decisions,161
week,821
tba,33
yuxin,6
neurology,7
fixed,274
yazhen,1
box,264
https,1885
96267791125,1
yuqi,34
generative,125
locally,73
grade,132
identifiable,4
encoders,4
wasserstein,4
executive,87
moving,225
yun,38
investigating,49
omics,7
startrail,1
stimage,1
1k4m,1
ting,17
multivariable,1
mingyao,1
smart,475
ali,44
shojaie,1
norm,17
breslow,1
changing,187
hyun,7
drph,1
president,149
asa,24
everyday,95
impact,1433
advancing,110
team,942
environments,1325
marron,1
society,687
integration,163
subspaces,18
divas,1
anthony,57
schork,1
collegiate,117
task,421
graphical,102
covariates,20
klusowski,1
decoding,15
game,1186
minimax,5
optimality,30
heuristic,93
text,1952
generation,692
tianchen,20
qian,64
mobile,908
giordano,5
deletion,64
influence,93
sumanta,2
basu,5
emma,11
pierson,1
ann,38
tisch,1
equity,55
healthcare,581
3926417239,1
monoculture,1
welfare,12
algorithmic,114
market,150
competition,250
gramacy,1
surrogate,7
journey,97
van,199
dyk,1
imperial,8
hybrid,184
principled,14
astrostatistical,1
2026,156
skip,995
main,777
content,1805
clear,619
submit,515
admissions,1095
aid,376
anteater,400
starts,517
leading,480
schools,366
nation,295
offers,463
broad,350
range,795
programs,1700
informatics,3464
experiential,2321
apply,920
mission,327
facts,730
figures,709
paying,232
advising,789
thrive,241
success,521
enjoy,300
limitless,230
extracurricular,231
build,744
majors,538
minors,695
honors,1524
outreach,1994
access,2613
career,1278
clubs,245
organizations,423
entrepreneurship,1412
discover,371
pushing,253
boundaries,364
curiosity,231
committed,242
pioneering,250
technologies,1092
transforming,279
areas,1190
people,4515
institutes,263
centers,837
connected,1085
lab,1418
hpi,270
intelligent,600
responsible,334
ethical,412
accessible,392
awards,2847
placements,222
academia,357
startups,277
get,2008
involved,877
innovate,223
collaborate,264
stimulate,219
vibrant,248
check,1050
participate,387
see,2414
happening,301
spotlights,1774
signature,236
fame,474
expo,320
showcase,290
calendar,1228
lecturer,299
reports,640
publications,3347
annual,625
brochures,214
newsletters,214
partners,1956
connecting,515
engaging,266
sponsoring,232
capstone,778
projects,4944
becoming,426
corporate,1184
partner,764
supporting,457
scholarships,274
recruiting,280
partnering,229
endless,218
engagement,539
partnerships,307
advisory,303
board,479
leadership,371
gift,275
follow,1492
support,10353
home,6537
share,1310
facebook,490
twitter,475
linkedin,370
email,1176
copy,355
permalink,46
staff,2729
achievements,38
colleagues,166
announce,779
award,2394
winners,52
plans,125
coming,684
outlined,79
dates,121
provided,509
forward,208
welcoming,25
thursday,294
location,1115
address,1394
92697,532
united,129
states,328
map,763
link,1722
category,133
add,786
ical,16
outlook,210
newsletter,33
6210,271
3425,328
7427,257
like,2426
youtube,389
instagram,301
footer,273
navigation,2416
emergency,413
preparedness,256
maps,587
rights,548
reserved,510
toolbar,258
decrease,538
grayscale,475
contrast,1050
negative,618
background,653
underline,472
readable,488
font,623
reset,547
statement,293
general,1238
strives,7
ensure,168
disabilities,36
invested,12
amount,381
made,769
easier,121
strong,457
belief,42
every,745
right,922
live,337
dignity,4
equality,19
comfort,11
independence,34
makes,357
available,1793
userway,2
widget,181
powered,1391
dedicated,112
server,3868
software,5400
allows,431
compliance,76
web,2258
guidelines,83
wcag,2
enabling,122
menu,895
enabled,264
clicking,176
icon,27
appears,197
corner,120
triggering,9
wait,100
load,205
entirety,5
disclaimer,26
continues,138
efforts,256
constantly,32
site,2796
collective,48
moral,11
obligation,11
allow,661
seamless,16
unhindered,6
despite,82
yet,356
adapted,15
strictest,2
standards,132
result,686
found,675
identified,103
appropriate,339
technological,168
experiencing,38
difficulty,55
require,295
assistance,71
hours,683
detailed,252
happy,136
assist,44
wish,183
report,557
issue,564
questions,603
communications,245
ucibrenics,2
since,743
1965,30
spirit,23
innovation,282
inspiring,32
earning,31
international,2161
respect,116
seeking,65
exceptional,49
candidates,91
applicants,114
latest,461
review,821
catch,48
directions,222
vacancies,5
five,423
focused,233
universities,157
aau,2
members,1389
100,685
tenure,77
track,1176
include,699
nae,3
member,616
acm,1979
fellows,146
ieee,1977
aaas,96
active,385
wellness,40
committee,486
maintaining,105
culture,195
collaboration,261
ranked,68
top,1882
ten,103
york,215
low,581
income,70
done,367
rank,70
sierra,6
sustainable,37
colleges,54
eight,97
row,165
located,113
miles,36
pacific,69
ocean,47
south,216
safest,10
communities,268
pleasant,16
round,95
numerous,80
recreational,76
cultural,113
highest,76
equal,253
opportunity,290
affirmative,7
action,408
employer,40
inclusive,91
excellence,236
qualified,26
receive,493
consideration,54
regard,35
race,69
color,301
religion,56
sexual,19
orientation,91
gender,70
origin,111
disability,38
protected,28
veteran,45
status,351
categories,167
covered,174
nondiscrimination,5
personnel,47
listed,280
position,378
full,1097
list,1866
intelligence,345
regularly,46
updates,753
unit,355
senate,94
workload,33
policies,2005
scholar,190
specialists,5
20256,13
ranks,21
specialist,19
facilities,761
office,652
intranet,68
innovative,268
highlights,138
chance,209
answered,78
achieve,230
goals,265
connect,313
online,918
invite,77
attend,211
professionally,66
mds,186
mswe,132
playback,24
soda,214
azeem,22
zahaib,20
akhtar,20
amazon,136
resource,377
intensive,127
modern,288
serving,82
tens,34
millions,77
concurrent,66
users,859
delivering,51
academics,136
aco,210
variety,264
special,1283
throughout,147
come,365
together,583
experts,134
offered,223
related,1272
visitors,589
courses,6024
qual,226
isg,1417
reunion,700
attendees,279
sponsors,378
visitor,939
sponsored,183
azazie,6
couchbase,126
matteo,13
interlandi,10
microsoft,556
query,832
processing,1043
runtimes,7
3011,59
farzad,42
habibi,43
brook,44
2pl,22
tolerating,15
contention,29
workloads,75
deadlock,24
phase,533
locking,28
protocol,216
taina,7
coleman,11
borders,11
domains,101
july,2113
michal,24
shmueli,20
scheuer,20
ibm,212
genai,16
benchmarking,38
celebration,91
4011,144
fangqi,13
vanderbilt,11
xiaozhen,35
binbin,36
poneglyphdb,22
interactive,795
zero,194
knowledge,818
proofs,84
arbitrary,172
sql,144
verification,123
yicong,355
lessons,72
day,886
yiming,113
toward,172
building,748
document,335
abhishek,49
singh,133
transaction,106
edge,1088
jiawei,20
han,141
retrieval,339
structuring,36
llm,76
enhanced,98
theme,2417
exploration,171
lukas,15
lokowski,9
enterprise,83
leverage,83
sainyam,25
galhotra,25
context,549
aware,766
ketan,10
maheshwari,38
oak,33
ridge,31
enacting,7
distributed,801
hpc,19
workflows,71
jiadong,14
bai,155
texera,148
infrastructure,330
amr,14
abbadi,10
ucsb,31
broaden,12
xiaodong,15
ohio,49
architecture,692
logposedb,19
handoff,7
agreement,46
shengquan,283
icedtea,14
responsive,71
travel,2262
debugging,64
dataflow,54
queries,676
kunwoo,8
park,152
cloudmapper,13
accelerating,51
clouds,20
jungmair,7
munich,71
compiler,58
centric,82
engine,224
hardware,1491
yannis,37
papakonstantinou,15
vector,171
databases,396
nika,16
mansouri,8
ghiasi,48
eth,40
storage,3876
metagenomics,10
arnab,25
nandi,8
osu,8
camera,396
aditya,18
parameswaran,25
replace,128
recipe,26
tooling,9
mohammad,80
sadoghi,40
blockchain,168
fabric,35
pat,38
helland,18
salesforce,38
oltp,17
deal,131
ramesh,6588
received,1035
winner,283
best,1260
paper,3046
multimedia,2138
august,2425
promising,300
attended,327
socal,266
successfully,386
defended,300
thesis,1070
congratulations,500
copyright,1751
hit,282
enter,457
esc,223
close,1460
photo,476
recipient,143
presented,503
honor,148
recognizes,68
whose,276
service,781
demonstrate,189
promise,57
leaders,130
celebrated,20
33rd,64
teach,103
ceremony,72
engraved,1
000,800
monetary,4
prize,965
friends,229
warmly,4
invited,314
prestigious,72
recognition,635
dedication,15
outstanding,276
achievement,111
multimodal,89
agents,65
vision,2875
reality,228
selected,365
stood,8
highly,203
competitive,89
pool,61
submissions,78
originality,5
rigor,8
contribution,102
field,2408
ieeexplore,39
10807648,3
passed,141
heddes,7
cardinality,32
sketches,22
pursuit,19
holy,9
grail,8
typically,164
split,93
isolation,23
semantics,230
used,1981
app,265
scalability,78
system,2520
thought,432
experiment,217
explores,64
asymptotic,30
limits,244
domain,400
specific,569
rcsi,2
snapshot,36
database,950
provide,1253
transactions,265
provides,576
contractual,1
focusing,78
shows,623
today,506
popular,293
unnecessarily,2
limit,2413
similarly,80
identify,273
common,1237
inhibit,2
reimagine,2
way,1158
empower,40
complying,2
established,159
perhaps,102
provoke,1
discussions,91
bio,172
messaging,20
multiprocessors,11
1978,41
shortly,13
dropping,8
bachelor,105
stopped,13
passion,77
publication,362
1982,29
1990,151
chief,83
architect,41
tmf,2
facility,51
logging,394
nonstop,1
message,959
fault,63
tolerant,48
availability,154
solutions,639
critical,328
1991,199
moved,309
computers,302
mercury,8
interconnect,7
cache,138
coherent,32
uniform,122
multiprocessor,3
1994,272
develop,554
dtc,3
starting,245
2000,565
began,62
broker,11
transactional,16
exactly,271
execution,164
deeply,35
2005,716
2007,1129
worked,170
user,3082
facing,48
product,280
feeds,25
sellers,5
eventually,60
consistent,96
including,1324
streams,146
cosmos,31
kept,38
10s,1
terabytes,5
allowed,251
affinitized,1
placement,108
joins,130
launch,86
doubled,10
performed,121
250pb,1
store,466
baja,1
implemented,165
lsm,36
atop,4
targeting,21
ingestion,11
entire,142
table,526
visible,52
seconds,68
running,483
interests,236
latency,106
bounding,34
face,531
jitter,5
metastability,1
downtime,250
upgrades,17
stateful,2
spare,13
writes,108
queue,157
various,599
conferences,373
organization,418
hpts,2
1985,70
blog,912
pathelland,2
substack,1
parsimoniously,1
tweets,93
handle,95
icalendar,89
details,775
venue,170
xinyuan,25
tasks,573
scripts,35
versus,41
gui,106
good,1032
bad,161
ugly,16
primary,350
optimizers,5
determine,297
seminal,16
sketch,48
equi,5
relations,92
advancements,40
significantly,166
improves,51
upon,157
sketching,10
secondly,7
extension,74
however,730
strengths,38
maintain,152
ensuring,45
update,642
trivial,51
remained,30
problem,2087
decades,118
highlighted,27
existing,267
literature,86
introducing,31
even,1222
capable,66
accurately,58
confirm,184
improvement,74
complexity,369
resulting,233
magnitude,59
accuracy,212
4th,105
supervision,46
alex,158
nicolau,35
tony,41
givargis,28
focusses,3
venues,38
sigmod,323
kdd,22
jmlr,2
interned,7
intel,116
labs,807
advanced,479
concepts,273
european,132
agency,54
tags,303
mohammed,19
kateb,6
redshift,29
becomes,183
developing,507
capabilities,110
increasingly,130
compares,18
benefits,150
drawbacks,8
implementing,53
commonly,140
paradigms,32
code,2290
implement,148
phases,86
typical,74
cycle,261
wrangling,13
examine,62
relative,117
implementations,67
paradigm,96
settings,120
discuss,297
implementation,319
foundation,698
third,270
juncheng,34
fang,79
immortalchopper,9
real,1292
resilient,76
dive,21
lifecycle,69
executing,29
price,53
alkateb,1
leads,143
optimizer,17
aws,48
warehouse,17
thousands,66
customers,20
rely,94
gain,132
insight,47
joining,138
spent,93
decade,109
teradata,19
contributor,15
manager,1720
adjunct,21
worcester,8
polytechnic,43
wpi,10
northridge,4
csun,10
patents,1165
industrial,115
tracks,77
premier,26
edbt,93
icde,389
vldb,372
holds,77
vermont,3
cairo,3
lukasz,19
golab,18
emerging,325
things,817
iot,489
wearables,54
headsets,7
motivates,16
utilization,51
nodes,378
vast,46
cities,127
spaces,497
expensive,57
perform,226
span,120
less,402
reliable,96
relatively,93
slow,53
prohibitive,2
protocols,107
rounds,13
communication,626
participants,130
propose,105
designed,338
goal,473
commitment,115
coordination,39
chopping,15
breaking,88
smaller,227
hops,3
hop,23
commits,2
rest,309
guaranteed,52
commit,34
utilize,55
closest,118
node,618
participating,45
direct,159
suitable,48
either,366
blocking,22
behavior,287
failures,46
necessity,8
replicate,19
step,561
defies,13
purpose,283
concept,223
choppergraph,1
utilizes,27
lazy,32
enables,92
resilience,100
added,271
synchronous,12
overhead,91
3rd,153
supervised,80
prof,811
faisal,115
nawab,141
focuses,139
yinan,39
spendabledb,6
utxo,6
decentralized,28
making,637
hard,508
troubleshoot,3
explanations,24
fairness,62
bias,71
avoidance,3
canada,180
2006,1003
obtained,154
bsc,5
distinction,47
gold,77
medal,54
agenda,437
calls,85
societal,49
focus,420
managing,128
speed,136
engines,152
blockchains,8
safety,789
sustainability,54
bratin,8
saha,39
scaling,109
abs,130
tract,5
blo,7
ckchain,5
tec,12
hnology,4
att,10
racted,1
sig,23
nificant,1
ount,2
ention,1
ver,10
ince,3
tcoin,1
bloc,3
kchain,2
ccess,1
rently,3
ost,4
eng,25
ineering,1
forts,2
ave,22
ntered,1
ound,1
netary,2
tran,23
sactions,1
uch,3
oken,1
pro,36
tocols,8
pot,6
ential,2
ilding,2
dat,5
abases,2
ckchains,2
rgely,1
ove,1
rlooked,1
mains,1
pen,14
oblem,2
lit,6
erature,1
vided,1
nto,17
perm,9
issioned,1
issionless,2
acco,1
unt,2
kchains,1
wever,3
rmer,1
ully,1
dece,1
ntralized,1
tter,7
ffers,1
rom,10
cha,12
llenges,4
per,771
formance,3
opose,3
spen,1
dabledb,1
utx,1
tabase,2
ovel,3
proach,5
ata,30
decen,3
tralization,3
int,1029
egrates,1
ind,5
ividual,1
txos,2
hieve,2
rue,1
ership,1
curely,1
tra,6
nsferred,1
aded,1
milar,1
gular,1
tected,1
und,5
erlying,1
tocol,1
addi,1
tionally,1
spe,1
ndabledb,1
ovides,1
crypt,1
ographically,1
cured,2
egrity,1
imm,3
utable,1
neage,1
sily,1
ified,1
impl,2
ementation,2
exp,191
eriments,1
omically,1
pra,9
ctical,3
curs,1
mall,10
nsaction,2
ees,1
inan,1
hou,16
sec,27
udent,2
mputer,3
ience,5
dep,1
artment,1
vine,3
imary,1
ocus,1
infr,3
astructure,3
lication,1
deve,1
lopments,1
yunyan,12
mouse,40
image,1013
transformational,3
opening,50
finance,33
manufacturing,57
others,459
trends,124
enterprises,23
businesses,50
innovations,58
likely,235
evolve,38
vice,154
helped,100
fastest,16
growing,161
three,1438
alumnus,30
indian,254
granted,60
pending,50
papers,1805
journals,145
nvidia,185
different,1760
spanning,520
raul,13
fernandez,14
ecology,42
governance,33
circuitry,8
crucial,78
disorders,20
introduce,133
tile,171
images,758
captured,92
tissuecyte,1
efficiently,193
stitches,1
tiles,153
stacks,40
sections,177
construct,212
volumes,61
facilitate,62
secondary,70
analyses,38
registration,168
segmentation,196
counting,115
volumetric,9
visualization,478
utilizing,52
specialized,55
distribute,31
achieves,56
reduction,126
additionally,69
flexibility,39
developed,438
effort,192
teams,179
exemplifying,1
addressing,102
second,593
joseph,108
hellerstein,14
hydro,11
stack,135
economic,92
valuable,93
seek,58
inducing,15
flow,196
dataflows,12
thus,219
example,1725
companies,2604
profit,31
accessing,158
engineers,111
language,506
train,91
possible,924
judge,34
hypothesizes,2
materialize,2
analyze,188
synthesize,9
present,620
seeks,35
principles,225
beneficial,19
sharing,400
conclude,51
discussing,58
ideas,368
interwoven,2
trust,93
elusive,34
notion,73
discussion,332
complement,33
escrow,1
permits,22
unlock,11
collaborates,9
economists,2
legal,56
scholars,126
prepare,139
integrate,53
traditionally,21
continue,703
uchicago,18
postdoc,80
madden,4
stonebraker,6
completed,207
pietzuch,1
welcomes,19
sutter,3
ventures,13
nearly,110
interest,445
unfortunately,93
traditional,186
languages,199
compilers,30
correctness,21
affairs,150
unduly,1
hampers,1
ability,255
creative,196
individuals,170
invent,20
advantage,75
ubiquity,5
taking,312
hydroflow,2
rust,1
runtime,99
algebraic,37
correct,174
transformations,137
refactoring,1
given,1302
refactor,1
blocks,104
launched,81
machines,149
whether,650
safely,18
replicated,34
deployment,96
partitioning,124
inputs,85
partitioned,62
sharded,3
turn,170
optimized,66
parallelism,49
pipelines,25
geoproximity,1
physical,955
although,240
early,562
stages,106
showing,143
ranging,108
stores,97
shopping,34
carts,4
tricky,7
consensus,37
gray,69
includes,501
codd,3
sloan,99
six,257
longtime,5
participant,47
founding,62
venture,36
funds,68
directing,3
enjoys,21
playing,109
legendary,2
musicians,4
henderson,5
joshua,238
redman,1
carey,206
volker,25
markl,19
berlin,78
mosaics,21
defined,345
jobs,605
increasing,203
behaviors,47
techniques,837
particular,383
interact,89
retrieve,34
previous,1298
interaction,866
retrospectively,3
show,2396
demo,369
give,452
underlying,120
advised,77
chen,1601
summer,1052
intern,29
henry,60
korth,14
lehigh,19
dima,1
bifold,3
head,130
german,61
dfki,3
greatly,40
impacted,25
functionality,162
along,375
define,300
velocity,60
veracity,2
fronts,11
contributions,289
establishing,21
inspired,80
unifies,1
augments,11
drawn,195
iterations,19
forming,85
institutions,146
create,806
stratosphere,2
realize,86
activities,441
apache,458
flink,3
thriving,8
developers,153
production,118
looking,375
overall,155
remains,164
ease,63
heterogeneity,20
involving,164
aspects,253
graph,3079
algebra,53
currently,636
aim,69
advance,152
nebulastream,2
agora,2
remedy,3
hamper,3
developer,73
productivity,73
just,1125
privileged,19
coveted,5
outline,70
art,445
spes,1
exploit,46
tackle,40
asset,27
ecosystem,28
offering,117
components,380
addition,290
conducting,64
intersection,202
led,255
resulted,90
creation,283
elected,135
germany,279
minds,77
digitale,1
pfe,5
brandenburg,22
academy,255
programmability,3
served,102
endowment,36
serves,72
advisor,606
governmental,7
eighteen,2
founder,97
mentor,97
several,830
shahram,7
ghandeharizadeh,7
displays,99
flying,16
specks,6
start,1039
basic,323
introduced,111
assuming,40
properties,526
distinguish,28
explained,69
next,1444
briefly,57
latter,41
presents,117
underway,12
architectures,228
mechanism,143
central,140
bank,54
currencies,1
manner,74
transparency,14
regulatability,1
layer,237
brief,128
internals,9
cse,89
broadly,24
author,1556
seventh,17
edition,92
previously,502
bell,58
laboratories,70
panasonic,2
1995,420
bases,41
cad,39
chosen,128
influential,33
proceedings,834
ago,268
directed,126
unique,274
courtesy,25
appointment,115
vishal,32
chakraborty,30
undo,8
semantically,15
meaningful,92
erasure,11
speck,2
fls,7
miniature,1
sized,23
drone,9
equipped,30
generate,259
colors,134
textures,10
adjustable,2
brightness,24
synchronized,14
swarms,5
flss,4
illuminate,12
display,195
cuboid,4
sits,12
hangs,12
wall,40
dashboard,13
self,859
vehicle,87
etc,412
illuminations,1
haptic,1
touch,93
exert,4
force,180
presentation,329
describes,250
localize,12
compute,199
flight,54
paths,396
render,21
motion,212
illumination,14
dark,385
standby,1
stag,1
battery,149
charging,13
networking,311
augmented,102
demand,127
servers,412
dvds,5
licensed,340
purposes,108
recognized,226
nsf,750
young,383
investigator,122
inception,9
bitcoin,3
renewed,13
democratic,20
ingrain,1
integrity,61
accountability,11
fundamental,248
behind,135
generic,81
ledger,6
cryptographically,1
ensured,2
accountable,6
prove,273
combination,144
arguably,9
shift,74
story,779
called,460
resilientdb,4
incubating,2
insightful,8
intuitions,3
ongoing,77
speculative,2
property,537
geo,27
weaker,8
consistency,52
sharding,14
primitives,19
formerly,23
watson,37
expolab,1
pioneer,22
flagship,10
centered,167
around,608
aims,146
unify,2
secure,168
analytical,69
envisions,4
serve,117
foster,38
creativity,70
founded,64
spinoff,2
moka,1
blox,1
filed,3
middleware,449
entitled,129
quecc,1
concurrency,26
dissecting,22
bft,18
trusted,138
eurosys,3
bedrock,2
byzantine,13
tolerance,14
unified,87
experimentation,17
nsdi,1
authored,45
books,3246
published,1049
morgan,27
claypool,2
lectures,107
book,630
spreadsheets,6
visual,603
libraries,152
often,387
pose,113
especially,230
extensive,80
programming,700
terms,398
interactivity,6
usability,32
rather,369
forcing,45
switch,79
instead,270
taken,211
eye,64
draw,137
describe,522
couple,59
successful,237
adopted,44
widely,67
finally,201
reflect,61
opposed,10
replacing,52
revisiting,13
exciting,173
arena,11
forms,289
epic,3
works,264
area,1273
usable,25
intuitive,26
recieved,4
github,194
stars,172
downloaded,32
spectrum,40
industries,45
ponder,3
cofounded,5
acquired,70
snowflake,10
vendor,8
alfred,115
fellowship,757
tcde,11
rising,76
star,312
recognitions,1126
adityagp,1
net,176
friday,352
pervasive,142
cameras,256
smartphones,47
vehicles,38
drones,7
revolution,105
combined,120
rapid,94
deluge,6
complementary,28
specification,74
searching,173
collections,115
unaware,10
contents,198
exact,168
terminology,27
putting,65
loss,80
specifying,30
guide,426
interfaces,178
executed,49
faced,36
presenting,74
poses,37
impedance,7
mismatch,16
cumbersome,5
skim,2
modality,20
compared,114
v2v,4
returns,62
edited,64
allowing,159
consume,9
videos,416
fluid,32
innovator,9
editor,147
hilda,9
recently,438
azuga,1
bridgestone,1
acquisition,62
startup,39
mobikit,1
unprecedented,41
metagenomic,7
suffer,26
movement,73
overheads,6
fundamentally,26
genstore,2
reduces,56
exploiting,101
cost,354
accurate,155
filters,418
lengths,137
rigorous,52
accelerators,43
flows,67
inside,375
nand,1
flash,50
ssd,55
baselines,8
similarity,305
reference,635
megis,5
reduce,155
lightweight,77
effectively,126
leverages,38
orchestrates,1
outside,216
careful,48
optimizations,47
types,427
integrated,126
outperforms,34
respectively,79
tool,280
speedup,16
accelerated,26
achieving,65
higher,577
safari,3
rich,105
onur,5
mutlu,5
dense,60
isca,91
asplos,3
micro,123
ismb,2
nature,429
reviews,396
engineer,161
semantic,235
embedding,201
vectors,95
indexing,246
gcp,100
enable,144
confers,2
familiar,90
furthermore,78
transactionally,1
adoption,52
postgres,34
pgvector,1
appreciation,22
raises,39
abilities,58
pure,43
respective,16
emerge,52
align,35
following,1772
regular,519
etl,3
databricks,28
earlier,224
consultant,34
ceo,58
enosys,2
commercialized,1
semistructured,20
oem,3
sold,24
bea,4
liquid,93
aqualogic,8
brand,25
names,167
2003,531
mostly,93
querying,92
hundred,15
twenty,27
articles,136
citations,92
diploma,17
1997,694
compi,2
ler,2
uery,3
gine,3
ixed,1
kloads,2
dern,5
rdware,2
chael,3
gmair,1
hnical,3
uni,75
versity,7
nich,2
rmany,1
rel,49
ational,3
gines,2
incr,2
easingly,2
pected,1
ndle,2
ore,9
ust,6
eries,3
lso,5
rallel,1
dist,32
ributed,1
lear,1
isting,3
stem,220
signs,83
eal,1
ith,13
hese,3
effe,1
ctively,1
hol,4
istic,1
cessing,3
stems,26
signed,42
ghtly,1
egrated,3
opti,1
mization,1
exe,3
cution,2
fun,212
ctions,1
har,23
dware,1
ngmair,1
hird,1
ervised,1
ceva,1
inte,2
rsection,1
mpiler,2
minated,1
ngodb,1
lingo,1
ased,2
lir,1
fra,1
mework,1
rna,32
scrna,3
bottleneck,17
cellranger,1
limitations,128
requiring,50
days,611
setting,207
necessary,172
frequently,102
demands,43
familiarity,10
slurm,647
barrier,26
simplifies,15
accelerates,6
manage,181
providers,56
automating,5
setup,123
streamlined,4
options,174
bioinformaticians,2
balance,75
reducing,82
architectural,444
tailored,43
minimizing,85
manual,119
configuration,309
expert,85
pre,121
provisioning,62
expand,149
broader,66
reaching,27
consequences,55
lasting,39
tedious,16
unscalable,2
produces,84
manually,40
fine,86
tuned,27
rigid,28
fails,20
adapt,42
severely,6
avert,2
fate,16
explainable,15
equitable,40
importance,136
automatically,751
identifies,21
behalf,33
lastly,6
proposal,797
counterfactual,25
reasoning,142
quantify,17
pieces,216
puzzle,162
easily,183
deployable,4
evolves,19
pursuing,70
massachusetts,48
amherst,14
barna,2
lay,19
tier,19
pods,34
neurips,16
aaai,18
aies,2
fse,62
reproducible,14
artifact,31
honorable,65
mention,81
daad,31
ainet,2
krithi,2
ramamritham,2
umass,14
sainyamgalhotra,2
sensitive,145
dual,180
imperatives,1
confidentiality,15
provable,1
verifiable,44
introduces,80
zkp,5
provability,2
unlike,83
enhances,23
raw,47
exclusively,17
host,643
verifying,18
responses,89
clients,82
proposing,13
circuits,76
operation,254
form,1887
larger,254
carefully,58
cryptography,31
plonkish,2
proof,333
composition,43
polynomial,261
constraints,272
tpc,10
benchmark,46
outperforming,5
popularity,88
longer,190
hindering,2
causing,27
frustration,15
actor,56
pipelined,8
featuring,27
messages,163
seamlessly,20
customize,12
incorrect,17
deterministic,62
difficult,237
pinpoint,5
cause,105
bugs,88
created,921
debugger,8
tuple,18
recording,89
roll,18
investigate,119
operate,43
adapting,27
must,2285
addressed,76
record,207
workflow,123
jump,648
replay,2
demonstrates,44
helps,170
minimal,156
original,556
achieved,85
faraway,4
datacenters,2
faces,502
inefficient,16
due,859
arising,74
trip,168
absence,79
untrusted,37
spans,47
overcome,32
proposes,47
detachment,1
treated,43
disjoint,151
ensures,18
avoiding,50
locality,19
detached,3
commutativity,2
desired,104
targets,117
principle,59
asynchronously,2
entered,35
era,65
characterized,31
coexistence,2
processors,51
priority,197
cpu,178
evolved,54
fits,33
steadily,8
declined,4
unsustainable,1
rapidly,141
obstacles,39
inherent,25
rdma,1
associated,295
transition,83
textbook,66
shares,47
cambridge,58
press,175
last,1292
critchfield,1
translate,50
cutting,129
microarchitecture,4
boulder,28
honored,116
lutron,1
chairing,8
governments,9
essential,141
skill,37
encompassing,18
collection,616
llms,57
play,328
heavily,23
audience,75
backgrounds,85
engage,89
emphasizes,30
docs,36
overleaf,8
choices,79
interacting,67
executions,11
aimed,56
comprehensive,271
integrates,40
empowerment,9
guidance,100
reach,132
tochi,7
pnas,13
nexus,29
jamia,15
amia,33
plos,33
bytedance,38
visa,89
observe,84
contributed,59
earned,86
runner,29
dissertation,281
homepage,166
biography,57
miscellaneous,42
external,750
dblp,305
2086,10
3435,135
chenli,16
dot,90
9470,8
tsinghua,163
china,787
visiting,1191
treasurer,10
commercialize,3
vitae,60
theoretical,312
spending,55
quarters,92
preference,27
believe,246
great,506
stay,106
paced,9
asterixdb,177
2027,22
steering,40
tutorial,375
tkde,167
gave,255
titled,255
curation,7
udf,19
codebase,6
officially,133
denoted,10
name,1248
changed,228
18th,104
dknet,8
bootcamp,10
deployed,71
auto,96
middle,123
photos,641
wei,118
organized,109
hosted,62
odej,1
kao,16
commencement,44
hood,4
meetup,19
accepted,731
graduation,83
release,260
instructions,133
install,357
docker,238
incubator,4
plan,536
organize,87
ds4all,19
incubation,2
dse,16
k12,10
quarter,2057
122b,2
122c,2
222,154
alibaba,171
fudan,76
beijing,250
glad,126
draft,13
released,141
2009,1311
2008,923
psearch,25
official,97
grant,340
undergraduates,705
participated,33
cs221,4
cs122b,48
ndbc,6
dalian,7
keynote,122
liaison,4
exhibitors,3
cs222,19
cs222p,4
taewoo,46
kim,202
visited,387
summit,37
article,1692
organizing,182
dbms,20
edit,225
distance,694
jaccard,20
cloudberry,341
plus,100
jianfeng,74
jia,84
drum,11
rhythmic,8
thanks,285
arl,25
nice,333
picture,214
monitors,11
call,317
billion,104
million,242
pixels,107
caching,63
geospatial,31
objects,580
browsers,22
sigspatial,104
vis,15
profs,12
vassilis,24
tsotras,27
thank,105
twittermap,19
bycloudberry,3
2tb,5
msr,13
redmond,32
receiving,355
eager,37
subcontract,4
though,253
hiv,14
renamed,7
textdb,19
proposition,39
army,51
excited,102
huge,97
huawei,100
planning,322
adding,196
cs290,6
conduct,762
interested,441
feel,269
gis,163
francisco,113
apweb,18
suzhou,17
cs122c,11
seok,20
samsung,13
korea,111
mhsrs,16
symposium,865
poster,273
almaden,12
zika,10
surf,57
declarative,12
solve,353
aditi,131
majumder,135
graduated,109
win,97
hackathon,36
exploring,226
amounts,53
cs122a,8
eecs116,3
taught,104
declaratively,3
got,204
materials,628
jmeter,4
balancing,43
securing,116
going,574
hawaii,55
came,163
leave,1021
srch2,8
pvldb,96
beta,706
pictures,167
lunch,141
laguna,16
beach,120
attending,74
dasfaa,64
wuhan,22
sharad,741
ppt,127
collaborated,32
string,433
measures,103
synonyms,4
jiaheng,47
chunbin,5
renming,3
strings,194
xiaochun,45
northeastern,57
alpha,122
celebrarion,3
dinner,63
soon,288
xiaohui,49
662k,3
assembling,7
complete,598
genomes,14
assembly,28
asterix,91
behm,94
cloudera,5
party,179
linkage,61
cleaning,148
approximiate,6
flamingo,131
election,43
bigspatial,3
redondo,23
write,332
want,662
encourage,108
universties,3
commercialization,9
dbrank,3
istanbul,7
turkey,18
ahead,91
sigir,21
guoliang,57
jiannan,18
jianhua,38
amazing,79
reviewers,36
tastes,5
encrypted,51
provider,56
envisioned,12
instant,66
logs,64
fuzzy,142
showed,114
interesting,966
mentoring,138
improved,232
version,923
hobbes,166
gram,39
nucleic,7
acids,9
omniplaces,3
bimaple,23
iphone,85
cool,47
sattam,59
alsubaiee,68
zachary,38
heilbron,17
rares,78
vernica,76
miss,51
nagesh,10
honnalli,6
clip,26
speller,18
qspeller,6
prototype,60
knwoledge,3
chime,7
ijcai,23
package,316
dqis,6
hong,277
powerpoint,57
file,1671
evolving,150
pinyin,7
collaborators,1512
yabin,8
maosong,6
shengyue,78
ssdbm,6
joined,132
evil,6
overflow,9
hiring,63
html,1049
weekend,32
hacks,12
kindness,6
rhok,3
manik,8
sikka,8
vijay,41
rajakumar,5
inci,27
centindl,3
finder,21
heri,11
ramampiaro,11
answering,84
yahoo,170
arcs,161
xie,68
receving,3
ipubmed,17
nfic,3
set,2574
hadoop,40
personal,1832
ray,243
wins,154
announcement,426
excellent,93
releases,47
mapreduce,78
demos,92
keyword,123
cs223,11
1030002,14
structures,708
reunification,41
disasters,42
haiti,42
earthquake,53
chile,25
busy,53
arrangements,161
getting,282
medline,17
sabbatical,20
cs295,10
marios,48
hadjieleftheriou,12
icde09,9
funding,297
caey,3
funded,150
nacs,4
proud,62
mingya,3
wen,52
uiuc,30
finalist,39
contest,41
mid,95
grew,33
hometown,4
jinan,6
shandong,43
took,165
child,159
started,479
launching,26
tastier,22
iis,52
0844574,13
clue,13
www2009,3
attachments,25
journal,1249
compress,11
2gb,3
1mb,8
submitted,152
month,470
according,280
port,302
compatibility,29
gcc,46
oversea,3
documents,301
mainly,33
minh,25
doan,22
mubark,5
icde2009,3
constrained,164
budgetary,6
yosi,6
haggai,6
roitman,6
ralf,9
schenkel,6
gerhard,10
weikum,6
cs224,5
sigmod08,3
solves,56
vldb07,6
vgram,13
four,634
months,147
forum,177
workforce,82
able,405
enough,315
workers,70
gives,255
meet,288
motivated,103
requirements,738
java,316
skills,301
merging,48
filtering,51
searches,100
appear,218
95k,17
sger,4
grams,33
traveling,102
visting,3
pursue,66
tenured,15
liked,49
collected,204
sites,471
sigmod07,3
scholarship,164
click,437
ics214b,4
ics185,3
ted,39
janice,11
smith,110
seed,30
fund,61
corclr,3
needed,316
rescue,89
sepia,45
selectivity,55
predicases,3
junior,61
expecting,12
singapore,311
500,107
renewable,21
thankful,12
largest,165
exchange,114
finished,41
foto,21
afrati,21
vassia,9
pavlaki,6
ntua,5
greece,54
arithmetic,33
went,115
twice,77
think,847
subtle,14
fagin,3
really,705
internship,93
places,191
sri,46
keep,237
sons,6
shanghai,158
jiaotong,79
asia,70
relaxation,56
relaxing,16
nick,52
koudas,30
tung,52
seoul,30
relax,22
empty,120
answer,336
rdbms,6
answers,166
skyline,13
consider,460
conditions,241
extends,35
similar,635
cleandb,6
dongwon,7
colocated,19
vldb2006,3
stringmap,38
supports,164
unrestricted,19
generous,24
encouraging,41
charge,126
placed,105
permission,78
anyone,131
duplicate,15
modify,108
redistribute,4
notice,465
attached,67
absolutely,48
warranty,69
kind,270
implied,33
merchantability,15
fitness,56
liable,18
damages,27
limitation,28
lost,79
profits,31
incidental,21
consequential,17
complies,15
gnu,23
copyleft,5
gpl,14
txt,460
construed,9
employees,34
employee,1274
readme,42
gzip,8
tar,28
2004,536
1st,161
2002,456
partially,67
supported,234
0238586,11
return,326
errors,343
inconsistencies,22
commercial,132
collect,110
instance,363
ssn,5
birthday,61
schwarzenegger,3
misspelled,4
swarzzengaer,3
challenging,160
approximately,130
representations,189
offline,51
consuming,33
studying,155
inverted,46
lists,344
clouding,4
portals,15
limited,369
updated,257
toolkit,53
contains,361
mysql,205
22nd,70
23rd,68
29th,47
7th,92
14th,146
17th,52
renmin,63
summers,12
pptx,29
keys,334
collocated,4
conferencelink,4
part1,4
part2,4
selectivities,4
predicates,30
extended,490
vldb05,3
vienna,30
austria,36
trondheim,27
norway,46
histograms,8
heraklion,19
crete,32
mehrotra,761
8th,101
kyoto,24
japan,207
557,80
584,55
dasfaa03,6
acknowledgements,24
0742960,11
1r21lm010143,5
01a1,6
kensuke,9
ohta,9
documentation,403
regarding,134
send,368
contributors,47
refer,90
included,216
explanation,77
modules,91
filtertree,36
listmerger,13
partenum,20
recommend,84
module,162
pairs,352
descriptive,21
region,177
match,136
lbak,12
levenshtein,15
aka,26
cosine,16
dice,31
corresponding,183
decomposing,9
subsets,167
facilitated,15
corresponds,50
charsum,4
flavors,11
indexes,37
compressed,38
uncompressed,5
disk,626
requires,302
occur,96
least,489
depends,118
metric,202
threshold,51
referred,50
occurrence,46
implements,41
solving,226
described,257
mat,32
predicate,31
numeric,44
speilberg,7
algorithm,1265
euclidean,297
uses,617
arvind,15
arasu,9
venkatesh,11
ganti,7
raghav,8
kaushik,47
excluding,25
topk,4
choosing,104
util,16
damerau,2
swapping,35
adjacent,113
characters,74
compilation,31
warning,112
fixes,7
apple,310
bibtex,702
misc,81
flamingo4,3
url,566
institution,363
parent,256
src,132
tgz,17
license,566
permitted,45
bsd,22
discardlists,8
combinelists,8
invented,45
royalty,9
covenant,7
proprietary,12
redistribution,8
binary,359
modification,34
nonprofit,33
met,76
redistributions,14
retain,35
reproduce,14
neither,42
endorse,8
promote,96
products,274
derived,108
written,622
understands,15
reason,228
basis,207
maintenance,1902
enhancements,19
modifications,26
specifically,134
disclaim,5
express,77
warranties,19
noninfringement,5
shall,27
exemplary,18
procurement,9
substitute,28
goods,16
lose,187
interruption,28
liability,20
contract,30
strict,60
tort,8
negligence,8
possibility,86
damage,34
agree,126
modified,572
writing,214
authorized,29
signatory,4
parties,50
header,78
ubuntu,346
443,137
embedded,498
cetindil,25
icetindil,2
gmail,69
dustin,4
lakin,4
cleansing,6
liangj,4
ortega,35
binderberger,6
miki,4
authors,560
outputs,28
files,2024
cpp,42
rect,9
fastmap,13
gilleland,2
merriampark,2
htm,29
calculate,44
orignal,3
rtree,4
parts,199
mapped,45
numdims,4
dimensionality,26
delta,68
realdelta,2
4000,456
total,456
str,15
contain,156
resultfile,2
consists,90
half,186
constructed,84
knew,43
compile,84
unix,106
cygwin,5
windows,546
commands,1152
prompt,178
assigned,242
stored,202
locate,39
ran,31
amd,41
512m,2
80g,2
accepts,10
performs,43
removed,100
unused,11
reduced,71
requirement,98
maxlen,1
maximal,193
size1,2
size2,1
src1,1
source1,6
src2,1
source2,5
wants,130
put,221
say,350
usa,707
sing,11
converted,36
clean,63
unittest,3
rerun,1
save,169
percentages,1
depend,65
rtreeparams,1
111k,1
linux,728
8ghz,1
pentium,1
1gb,30
105,339
recall,86
nested,46
loop,151
100k,2
average,315
079,91
restructured,1
modualized,1
397,78
408,71
composed,51
ppd,9
correction,23
might,436
customized,26
turned,77
tested,44
gentoo,4
makefile,19
ftable,2
freqest,2
ppdtable,3
simfunc,2
actors,58
lastname,3
vldb06,1
compiles,4
subdirectories,4
linked,132
executable,19
100000,515
1000,227
percent,88
sampled,23
pivots,12
entries,59
thr,4
min,295
minimum,912
steps,211
scenario,106
defs,4
section,538
defines,71
sim,12
editdist,1
jaccdist,1
samplemethod,1
lex,1
lexic,1
medoids,2
specifies,11
activate,432
print,254
disable,12
clust,1
suppress,3
deadline,157
confs,1
intl,18
conf,520
hence,126
worthwhile,9
noting,14
truly,90
defray,3
costs,92
lodging,6
awardees,11
insurance,60
sessions,132
enrolled,266
eligible,116
considered,318
equivalent,203
applicant,69
contacted,7
later,310
sent,144
sigmod07ugrad,2
plain,12
postscript,69
grades,54
gpa,170
affiliations,1137
chapters,59
words,374
benefit,123
nomination,119
nominator,1
standing,105
nominee,22
percentage,30
justify,13
deserves,7
sending,56
nominators,5
explicitly,71
clarify,12
proper,101
lines,517
satisfy,48
flagged,7
junk,36
mail,414
discarded,15
notification,82
reserves,11
luck,30
visas,8
suggestion,16
earliest,35
submission,795
magdalena,5
balazinska,5
alin,5
claudio,4
gutierrez,53
qiong,11
joan,6
luo,72
felix,19
naumann,28
hasso,32
plattner,32
institut,14
potsdam,2
prasan,1
india,792
tengjiao,1
outdated,13
motivation,64
checksum,3
completely,122
separate,164
generators,48
positional,5
bugfixes,3
mirror,56
autocompletion,2
stands,15
earch,1
echn,1
dblpsearch,1
try,488
seaform,3
lizhu,5
partly,11
60873065,2
863,42
2007aa01z152,2
thunderbird,4
client,287
emails,48
finalize,9
stable,150
javascript,57
already,349
indepdent,1
earn,48
credits,12
directly,265
toggle,33
theses,46
supporters,11
bdms,17
base,144
250k,2
newest,15
initiated,42
consistently,21
ingesting,4
storing,43
quantities,29
distinct,140
scales,53
nothing,150
commodity,13
hardening,8
passive,29
cases,286
targeted,37
typed,19
tends,13
datum,7
textual,46
ultimate,21
schema,16
anticipate,33
front,107
performant,3
fruits,10
labor,36
known,620
angle,255
intention,14
beginning,338
hope,231
class,1842
pig,7
hive,3
hbase,4
mongodb,9
mottos,2
bunch,21
feather,8
logo,76
trademarks,5
ways,383
graphix,12
json,55
tinted,1
glasses,37
glenn,30
galvizo,28
sushrut,1
borkar,54
wail,14
alkowaileet,21
python,320
luke,11
ren,64
shiva,14
jahangiri,10
publish,70
subscribe,301
hang,17
thi,3
thu,65
retargetable,8
dataframes,66
sinthong,8
valued,35
repartitioning,1
sort,256
mikhail,4
lychagin,5
christina,51
pavlopoulou,3
activating,5
xikui,16
vinayak,43
sorting,132
alsuliman,1
ildar,4
absalyamov,4
sharon,5
babu,1
steven,168
jacobs,19
akshay,4
manchale,1
sridhar,12
murtadha,1
hubail,1
pouria,12
pirzadeh,16
raman,27
grover,29
yingyi,21
abdullah,10
alamoudi,2
khurram,6
faraaz,7
noorullah,1
hussain,14
madhusdan,1
cheelangi,7
indexed,31
groupjoin,1
operator,38
manish,5
honnatti,1
hyracks,13
console,55
ching,3
siripen,6
pongpaichet,6
herder,1
vandana,1
ayyalasomayajula,1
guangqiang,6
shredded,1
native,58
dbmss,5
shao,35
xeditor,1
agnostic,21
editing,67
proc,781
35th,44
macau,17
idea,415
enrichment,21
vol,218
ouaknine,4
bpod,2
westmann,24
bigdata,47
spark,21
delhi,23
algebricks,1
backend,12
carman,4
onose,16
symp,942
kohala,1
coast,28
australia,67
bigfun,1
clara,34
xquery,3
processor,98
timely,48
2nd,165
enriched,11
pigmix,1
hpcc,1
kirkpatrick,11
congress,28
short,278
brussels,16
belgium,18
pregelix,3
ger,4
condie,6
altowim,33
altwaijry,30
gabrielova,7
dreseler,4
bloat,1
guoqing,1
sigplan,2
ismm,1
bulletin,21
neoklis,3
polyzotis,3
tyson,7
markus,25
weimer,1
raghu,12
ramakrishnan,19
practices,298
pitfalls,2
possibilities,55
tpctc,1
yasser,44
hotham,25
nicola,19
jian,73
crossroads,9
style,390
iiweb,1
ogres,2
onions,5
parfaits,2
deutsch,5
distrib,7
185,151
216,138
niketan,1
pansare,1
chris,74
jermaine,2
extensions,83
jeffrey,82
ullman,44
extensible,17
familylinks,4
crawled,3
cnn,92
ireport,7
websites,60
861,47
dump,25
88131,3
604,76
86188,3
952,43
83755,2
659,76
64235,3
645,76
schemata,1
denormalized,1
icrc,10
034,72
normalized,32
401,71
seeker,1
layout,102
20100121,1
813,44
840,7
489,77
127,217
188,139
285,105
koneksyon,3
571,71
knexu,3
posts,319
817,45
816,58
miami,20
herald,4
helping,114
haitians,2
victims,4
aids,21
hunt,19
register,116
denied,646
loved,39
ones,178
disaster,97
affected,71
hurricane,4
katrina,6
kid,14
keeps,28
micheal,2
mistyped,1
william,134
bill,177
reasons,105
crawl,4
extract,70
repository,844
persons,24
matches,64
crawling,7
subscribed,4
missingkids,1
publicpeoplelocator,1
familymessages,1
nola,1
lickfett,8
ajay,11
shah,51
trezzo,3
wiki,4761
username,502
password,750
required,595
redirect,17
redirected,6
indexers,1
stringcontainer,1
resident,91
choice,136
flamingo3,1
xhx,2
phone,374
9289,14
profesor,2
lives,142
geonomics,1
clinically,2
applicable,96
organs,7
delineation,4
vtnfp,1
body,281
clothing,12
preservation,14
iccv,69
bmvc,28
tagan,1
tonality,2
aligned,31
realistic,63
hand,246
nodulenet,1
decoupled,7
pulmonary,3
nodule,2
miccai,3
structed,1
triplets,2
pos,35
tag,314
guided,68
attention,206
question,373
automated,134
convolutional,40
biomedical,112
lou,10
vang,1
assignment,290
mammogram,1
quang,5
danq,1
recurrent,14
xing,24
zeng,38
skeleton,62
regularized,3
lstm,6
narayan,1
subramanian,4
handwritten,5
hangul,1
preprint,39
gradients,9
303,80
355,98
alternating,16
direction,192
multipliers,2
stats,123
bregman,2
fused,1
cs273p,1
cs175,1
cs206,2
ics6n,1
227c,1
equations,68
convex,687
cs190,2
295,103
programmng,1
cs284a,1
molecular,187
ipumbed,1
mesh,317
heading,76
affiliation,21
references,228
supplied,18
publishers,19
jamshid,6
esmaelnezhad,6
ended,30
proximity,59
ranking,66
newman,15
webdb,2
617,39
640,23
proudly,61
wordpress,1318
reloaded,1
morteza,3
geransayeh,1
improvements,78
insert,102
delete,72
operating,378
switched,10
cmake,9
qspell,6
spelling,21
roughly,45
spell,8
checker,4
ngrams,1
jdb2011,1
134,200
randomly,71
publicly,41
aol,15
asked,144
assessors,3
corrections,11
judged,11
assessor,2
reviewed,63
plausible,8
suggestions,121
bing,2
trainig,1
fold,165
evaluated,25
splits,17
1711,8
reported,94
line,1920
tab,39
suggestion1,1
suggestion2,1
citation,381
ganjisaffar,4
alteration,3
bellevue,4
inproceedings,499
ganji,1
andrea,23
zilio,5
sara,16
javanmardi,3
sandeep,14
paul,297
katumalla,5
narges,3
khatib,3
astaneh,2
cristina,18
booktitle,510
acknowledgments,7
grants,475
oci,5
074806,1
spellchecker,1
downloads,80
faq,197
hobbes3,40
mode,75
hobbes2,10
mappings,29
indels,6
paired,40
hamming,61
trying,209
appreciate,35
maintained,79
jongik,16
andreas,67
viklund,9
acid,7
prefix,33
popcnt,4
instruction,147
fix,49
crash,18
unalignable,2
generated,274
overlapping,41
greater,125
doesnot,1
versions,392
bitvector,5
bitvectors,7
complie,1
choose,366
linker,1
zip,51
bzip2,8
boost,28
iostream,5
libz,5
libbz2,7
libboost,7
suffixes,4
symbolic,38
named,442
pointing,40
blank,83
unaligned,3
mappers,1
razers3,1
masai,1
rabema,2
figure,281
snippets,6
substitutions,15
insertions,48
deletions,55
cores,31
multithreading,4
formats,63
fastq,55
fasta,32
ambiguous,13
character,98
mismatches,13
lts,55
builtin,10
compiling,18
sudo,151
apt,69
dev,28
iostreams,4
zxvf,4
nocompress,3
budil,1
option,178
binaries,5
usage,713
sref,49
threads,39
hg18,51
hix,36
dref,4
dir,30
chromosome,8
dramatically,21
pthreads,4
noprogress,4
indicator,28
indel,27
10000,261
seqfq1,18
seqfq2,18
reads1,8
150,152
varies,75
accordingly,291
guarantees,26
finds,106
specified,129
reverse,77
norc,4
nofw,4
locations,137
upto,3
heuristics,69
aligns,13
cigar,11
printed,29
stdout,6
nohead,2
suppresses,4
nosq,2
mapout,8
prints,28
runs,82
unmapped,4
separated,59
bitwise,13
flag,40
rname,6
leftmost,12
coordinate,103
mapq,3
255,516
indicates,39
rnext,3
fragment,25
template,35
unavailable,71
pnext,3
positon,3
mate,9
tlen,3
ascii,16
sanger,10
optional,60
descriptions,99
bowtie,4
popcount,1
flags,10
cpuinfo,1
hobbes1,1
16bitvector,1
bits,85
32bitvector,1
alternatively,8
followed,88
hg18hobbes,1
hammign,1
indication,9
slower,26
ouput,1
alternative,123
hits,8
chr,3
strand,4
hg76,3
500k,10
76bp,2
picked,13
fist,2
drr000617,1
hg100,15
100bp,10
srr062634,3
filt,3
pe1,5
pe2,7
caenorhabdities,1
elegans,11
wormbase,1
ws201,1
ce100,3
srr065390,1
drosophila,55
melanogaster,13
flybase,1
dm100,3
srr497711,1
1000000,12
500000,94
110,242
290,37
follows,114
issuing,10
command,358
specify,80
builds,54
minutes,195
quad,27
xeons,1
x5670,1
ghz,17
aligning,8
produce,167
gapped,9
disance,1
estimated,47
7616,10
read1,2
read2,2
consult,47
accuracies,3
holders,45
disclaimed,3
directories,478
browser,160
hide,29
compiled,20
convenience,23
affiliates,74
dealing,59
accordance,11
act,61
contained,48
herein,6
rented,2
strictly,31
forbidden,65
assuring,1
mailing,78
telephone,37
covid,349
boss,107
pubs,184
communicates,6
adapters,2
frontend,6
restful,1
continuously,52
ingested,5
envelope,5
diagram,182
illustrates,14
mac,67
cpus,16
sbt,13
move,232
wget,2
img,743
uncompress,1
unzip,7
opt,109
execute,41
clusterdir,1
installdir,1
logsdir,1
waiting,36
19002,5
jps,4
ccdriver,2
instances,558
ncservice,3
ncdriver,3
59264,1
59280,1
59265,1
59446,1
59263,1
59279,1
localhost,13
19001,5
dataverse,3
dataversename,2
dataformat,2
nontaggeddataformat,2
timestamp,15
wed,267
pendingop,2
stop,134
clone,5
git,53
suppose,262
cloned,3
folder,295
neo,9
failed,70
falling,10
unsupported,13
numberformatexception,3
0x100,1
forinputstring,1
parseint,1
580,10
valueof,1
766,52
export,20
xterm,1
usr,336
gone,72
stackoverflow,3
44317384,1
shell,442
shown,164
loading,49
plugins,32
white,216
definition,191
reloading,2
nettyserver,2
listening,35
9000,7
ctrl,11
ingest,4
window,144
script,133
adm,5
ingestalltwittertolocalcluster,1
finishes,3
socket,18
10005,6
260000,1
268497,2
elapsed,2
134248,1
city,261
9001,10
depending,164
firefox,11
config,110
trackingprotection,1
shuang,23
sadeem,83
alsudais,82
dayue,3
qiushi,113
baihao,1
former,119
tao,40
liming,6
dong,34
yue,30
leng,4
undergrad,93
tejia,1
weifeng,5
qiancheng,1
ruiyao,1
monique,3
moledo,1
vignesh,1
sankar,2
vidhyasagar,5
thirumaraiselvan,5
lishengzhen,1
deng,19
nishad,1
gurav,1
victor,20
phung,1
shengjie,2
haohan,3
dharini,1
sreenivasan,1
kaiyi,1
liangju,1
chu,29
aishwarya,2
kapse,1
zongheng,2
sicong,1
jiliang,3
1u01hg008488,1
cns,14
1305430,1
w911nf,1
0110,4
allergy,5
infectious,20
diseases,63
niaid,3
1r56ai125105,1
r01,8
ai132030,1
panels,14
magna,1
cum,5
laude,4
saddleback,2
1983,33
1981,34
1979,42
archives,285
monthly,170
hello,59
uncategorized,174
reply,958
cancel,103
comment,1241
yearly,39
youtuble,1
slide,40
rewriting,53
querybooster,24
maliva,7
rewrite,14
rainbow,14
rendering,106
scatterplots,4
budgets,16
egpgv,4
visbooster,4
tableau,7
bigvis,3
marviq,4
materialization,6
taiji,2
weidong,4
virus,59
surveillance,101
shahir,2
masri,2
guofa,2
ming,29
chieh,2
guiyun,2
heatflip,2
progressive,42
heat,41
niklas,7
stoehr,4
johannes,15
bsmdma,1
visually,28
simon,71
vincent,27
perry,19
disparate,27
barton,2
brian,50
panneton,2
presidential,27
suellen,24
hopfer,22
miryha,2
runnerstrom,2
zuozhi,77
coronavirus,44
tiancheng,3
visualizations,28
meng,76
ernesto,2
alvarez,4
berumen,2
sarah,51
asad,4
ball,66
risheh,6
kun,9
woo,17
king,87
saud,14
avinash,44
kumar,90
kacst,3
partial,225
shenghao,2
mse,11
hartley,3
northwestern,21
mscs,34
minchong,2
xudong,4
yihong,4
kelvin,15
yiqun,2
msce,2
jiahe,2
quan,3
thai,23
seongjin,2
yoon,16
tianyun,2
duan,6
zhuoyi,2
jingqi,2
liqin,2
cathy,9
zhuang,18
zhen,10
guan,23
zunyao,2
mao,14
sust,2
jiashu,4
ziyue,2
nanyang,63
mingji,2
cmu,68
chaomin,2
isaac,70
youan,2
rohan,2
reddy,53
mannem,2
yongfei,2
tan,38
tongjie,3
bihao,2
shiqi,3
christine,16
xinrong,2
tianran,2
univ,234
guanyang,2
yutong,3
ucd,5
tingxuan,2
yichi,4
xinyue,4
qiaonan,2
hugo,24
huai,8
quanzhen,2
shiling,2
zhuo,12
qiandong,2
georgiatech,2
jiahao,2
yitan,2
bolin,4
ximing,2
yinhao,2
netsys,6
jiaqi,9
zichang,2
anqi,2
sjsu,4
sibo,5
jingkaihui,2
yuran,2
anonymous,18
postdocs,33
rui,73
zhihui,10
prevention,40
qinhua,2
politics,59
law,105
hui,34
henan,3
agricultural,14
wenhai,9
athena,15
ahmadi,5
chonbuk,3
norwegian,14
ntnu,6
houtan,4
shirani,4
mehr,4
became,188
iseb,92
1330,7
teaches,32
sentiment,30
instructors,95
professors,188
gallery,123
showcasing,11
classroom,67
certificate,63
kundu,3
schedule,1194
tentative,42
morning,47
afternoon,20
intro,28
operators,53
importing,5
shallow,11
consist,49
fees,169
59pm,16
pdt,2
acceptance,69
eligibility,153
9th,99
10th,101
11th,87
graders,6
prerequisites,44
cuturrufo,1
closed,261
sophomores,2
juniors,4
topic,258
slide01,1
projection,56
cast,26
slide02,1
union,90
diff,45
api,57
slide03,1
exercise,164
slide04,1
hands,170
slide05,1
chatgpt,10
assistants,43
tas,34
mingyu,2
derek,20
yanqiao,1
jeehyun,1
hwang,22
12th,117
graduating,67
ics2,7
92617,7
instructor,742
tweet,24
lambda,212
udfs,2
custom,151
aggregations,2
statements,35
apis,24
parsing,49
geolocation,20
milestone,8
jsonl,1
rnn,2
mlp,4
transformer,10
representative,23
recommender,23
ready,137
fonts,105
angel,11
congenital,2
chd,3
countries,232
confused,16
fact,677
meaning,75
born,52
dennis,29
danhao,1
lbs,2
ozs,2
3820g,1
51cm,1
kenny,1
kangxiong,1
3920g,1
5cm,1
looked,55
identical,28
dandan,1
kangkang,1
bitmap,28
bitmapped,5
pcl,3
macos,16
saw,137
tell,171
latex,31
dvips,10
xfig,7
poorly,19
screen,116
sometimes,152
printing,48
whenever,63
pdfs,16
generally,115
simple,607
displayed,34
nicely,23
browsed,2
illustrate,24
difference,163
copied,29
viewed,50
reader,121
400,37
sty,1
psnfss,1
forces,51
bring,231
typing,11
miktex,1
letter,201
ppdf,2
mypaper,4
dvi,2
rid,6
missfont,1
exists,233
misses,10
eps,15
produced,125
leon,10
bottou,4
nips,45
patterned,4
solid,250
circle,424
pattern,436
fig,21
amsfonts,1
tex,21
type1,2
gat,1
diag,17
pci,9
ltx2pdf,1
landscape,40
inches,26
1200,42
0000,40
6966,13
6882,12
7050,6
pods2005,1
baltimore,29
cfp,3
contacts,671
gottlob,1
formatting,116
prepared,56
templates,42
sigs,6
proceed,33
numbers,410
inserted,91
lower,363
left,398
copies,123
fee,116
bear,15
republish,2
59593,1
062,70
alternate,54
cls,2
pubform,1
directives,1
conferenceinfo,1
copyrightyea,1
crdata,1
overwrite,2
defaults,10
government,148
volunteer,35
5proc,1
headings,1
descriptors,56
omitted,12
printers,7
therefore,180
absolute,46
responsibility,39
substituting,3
sigfaq,1
a14,1
freely,19
sub,137
paperid,1
428,84
capitalize,15
rules,154
hyphenated,2
yen,12
tse,50
compound,10
underscore,8
gulik,2
accents,1
wolfgang,34
schr,1
umlaut,1
der,117
schroder,1
schroeder,2
jean,61
acute,57
rene,3
renee,2
apostrophes,1
replaced,75
neill,2
periods,34
abbreviated,4
melissa,55
drop,86
corbin,1
jones,62
fax,58
4056,15
424b,1
cover,264
firm,27
turning,32
submitting,25
guarantee,45
cerritos,2
bioengineering,3
saturday,59
teachers,70
niddk,7
diabetes,35
chronic,27
32nd,62
anniversary,31
marathon,5
excitement,39
224p,5
yinghui,10
reserve,40
pasta,2
generating,95
pipelining,2
schedules,23
dags,27
udon,13
cyrus,6
shahabi,6
chairs,59
10m,7
coordinating,11
harnessing,42
forcollaborative,2
album,38
webinar,30
talked,51
fellowships,212
doctoral,178
substantial,31
sphere,258
flyer,12
canvas,49
accepting,29
temple,21
presentations,1236
vancouver,99
reuse,35
hooded,1
squidster,7
simplify,35
alteryx,2
jedi,4
nikolaus,9
augsten,9
christoph,12
kirsch,3
organizers,42
anaheim,23
elevated,25
fries,9
reconfiguration,34
sydney,56
debuggable,7
pipp,7
gsviz,5
influences,28
thrilled,14
photon,56
correlative,10
proxy,126
cs220p,3
amplification,7
attenuation,9
perception,90
shaping,28
mask,35
wearing,41
2107150,3
iii,82
medium,147
oppose,12
pandemic,109
stats170a,2
timberlake,6
trdrp,2
tobacco,7
amber,7
tempura,13
incremental,84
gloria,149
hopefer,2
coronavirustwittermap,2
visualize,48
grosbeak,5
curricular,45
cpt,71
empowering,43
transformation,172
elevate,22
equips,4
graduates,94
professionals,105
bridge,133
proficiency,38
hear,103
anushka,3
cybersecurity,107
cisco,41
avid,6
traveler,6
love,138
painting,18
experimenting,9
baking,10
recipes,11
curled,2
fiction,50
anil,57
arista,2
gained,41
walks,12
podcasts,12
food,252
spots,13
town,22
midhuna,3
mohanraj,3
ambassador,447
peer,101
actively,51
speak,50
trained,89
classical,105
dance,24
hold,120
guinness,3
revathi,3
priyan,3
fintech,2
loan,35
underwriting,2
credit,205
scoring,15
sms,13
swimming,11
exclusive,29
accelerate,29
coaching,30
proven,35
equip,8
connections,198
stand,43
boards,26
fairs,19
salary,39
engaged,52
tracked,22
appointments,54
workshops,283
completing,48
stepped,6
analysts,30
cyber,391
consultants,10
raj,9
sanghavi,2
alongside,38
actual,118
impactful,28
marketability,7
invites,10
segment,133
meeting,354
domestic,64
admission,54
prospective,696
accept,378
rolling,27
admitted,45
admit,20
yes,446
preparation,71
prerequisite,52
recommended,132
boolean,60
fill,116
gaps,38
defer,3
valid,84
reapply,2
gre,52
exam,961
gmat,1
lieu,20
photocopies,1
toefl,15
institutional,25
4859,7
waiver,25
waivers,15
letters,403
recommendation,400
portfolio,65
items,375
transcript,37
resume,125
anything,381
obtain,226
enroll,105
remotely,33
normative,16
fifteen,6
extend,110
mornings,1
afternoons,3
evenings,5
ends,49
comp,1524
sci,1398
250p,4
250,67
approved,67
merit,33
strengthen,27
recipients,70
grader,4
mandatory,37
strongly,146
chances,20
ship,10
charged,42
criteria,151
request,1365
filing,46
lock,30
extra,1035
counselor,46
posted,185
5158,48
branding,32
interviewing,30
guides,27
checklist,48
competitively,1
forthcoming,10
positioning,5
builder,11
boosters,4
target,224
incoming,60
checklists,3
jumpstart,1
cycles,128
changer,15
upskill,1
curious,45
competitiveness,3
account,4429
profile,127
12twenty,1
mhcid,153
easy,319
recruit,27
accounts,2212
profiles,1343
ucinetid,131
navigate,300
hosting,61
pathways,36
dcp,4
hour,101
scheduled,51
weeks,136
mock,15
interviews,1160
viewable,5
bookable,1
closer,97
scanned,33
ats,16
scanner,33
postings,30
applying,222
jobscan,3
tealhq,3
interview,116
hosts,623
agencies,36
sourcing,8
posting,56
timelines,8
webinars,7
lookout,5
handshake,9
late,110
usually,245
deadlines,84
notifications,247
alerted,1
away,178
regardless,68
thing,324
recruiter,6
harmful,15
confident,14
referral,5
seniors,21
managers,33
recruiters,9
hired,11
quickly,168
gatekeeper,1
wherein,12
actually,185
advice,76
happens,110
unable,205
foremost,8
mental,263
tremendously,4
said,636
concerned,72
udemy,2
coursera,7
hackathons,5
leetcode,2
hackerrank,6
dedicate,1
authorization,41
restrictions,53
circumstances,59
legally,16
compliant,13
reminder,224
internationalcenter,1
tomorrow,37
innovators,16
residency,22
intensives,3
geared,9
prepares,25
accredited,16
wscuc,2
overseen,3
versatility,3
equipping,2
continuing,56
soft,54
atmosphere,24
ties,21
universally,9
counts,33
units,562
kickoff,12
inf280,10
hci,63
material,288
laying,10
groundwork,13
inf281,4
preferences,32
artifacts,29
endeavor,20
aggregating,16
findings,114
requisite,7
inf282,4
prototyping,30
fundamentals,81
fidelity,17
inf283,4
prototypes,30
walkthroughs,5
card,67
inf284,2
brainstorming,5
wireframes,2
ups,73
inf289,6
frame,52
mini,18
critique,13
practitioner,3
meetings,115
kick,18
inf285,4
studio,53
communicate,107
css,65
scripting,9
ajax,3
jquery,5
mvc,3
inf287,4
reinforces,4
learned,156
knowing,53
formalizes,4
offerings,55
inf286,2
vary,46
progresses,15
inf288,2
portfolios,9
ideation,7
arts,95
humanities,27
educates,3
designers,60
beautiful,50
theories,78
personas,7
scenarios,71
storyboards,2
explaining,43
closely,123
winning,92
mastering,3
subjects,95
maintains,37
coursework,96
leaving,51
contacting,20
qualify,24
minute,45
upload,148
formatted,11
managed,374
payment,36
reg,11
quarterly,32
payments,21
decided,89
detail,67
attempt,57
notify,25
delay,42
capability,44
english,135
forwarded,20
gradapplicant,3
kinds,100
writer,16
uploaded,25
sales,20
pitch,9
superstar,3
uxer,1
period,338
sounds,44
true,389
probably,109
bootcamps,1
figuring,9
aptitude,1
says,756
mastery,7
seriously,43
underlie,2
tuition,134
accommodation,8
except,404
rail,4
transportation,64
bills,7
in4max,1
280,43
portion,50
visits,38
expect,94
intense,20
picking,13
portions,27
accrediting,1
formal,153
oversight,15
rests,3
relate,37
gather,35
evaluate,120
gship,4
purchase,242
independently,55
referrals,3
concierge,1
shc,1
reading,701
in4matx,75
readings,50
newly,62
revised,31
registrar,35
enrollment,138
paid,81
installments,2
expenses,87
hotels,21
meals,15
living,222
recreation,6
calvet,1
discount,6
awarded,369
announced,179
waives,1
constitutes,7
photography,69
broadened,2
reflects,32
strength,62
accompanied,6
played,80
transferable,8
programmer,23
richer,22
depth,323
confidential,19
redact,1
intentionally,12
weak,59
worry,32
requesting,34
regionally,1
trajectory,41
peers,51
unofficial,35
transcripts,109
notified,29
demonstrating,48
marriage,32
immigration,9
attorney,2
20s,2
strengthening,16
anne,32
marie,37
piper,25
judd,1
antin,1
coach,14
dugan,2
crunchlabs,1
kabisch,1
vrchat,1
jared,4
loman,1
reena,1
merchant,11
jahmeilah,1
roberson,2
sasinski,1
aaron,170
soto,5
stratascale,1
molly,3
stevens,11
booking,52
tulio,1
shahtab,1
wahid,1
lead,268
designer,56
bloomberg,5
ages,18
artists,15
writers,16
blind,96
dementia,44
speech,172
impairments,6
alumnae,2
nominations,19
chi,144
cscw,33
dis,14
assets,23
steckler,65
involves,139
extensively,16
older,181
adults,51
ageism,2
aphasia,2
trauma,12
equiable,2
explored,36
haptics,3
ampiper,4
kapil,4
garg,28
kana,2
apara,2
marathe,2
dwayne,2
xinru,3
abdolrahmani,2
doe,73
taslima,2
akter,2
cooper,31
barth,33
elham,7
beheshti,2
ets,5
katya,3
borgos,2
robin,19
brewer,2
cornejo,2
maitraye,2
das,44
jes,3
feuston,2
harrington,2
jazette,20
chelsea,4
jpmorgan,2
chase,9
amanda,40
lazar,5
charlotte,7
mcdonnell,2
mchugh,2
mmachi,2
obiorah,2
richmond,4
abir,2
schwaba,2
nneka,2
udeagbala,2
academies,7
emily,21
oberlin,3
needing,7
acquire,26
drove,18
lexsi,2
felt,36
sally,3
personally,48
afford,17
brandon,13
apart,58
5241,10
baldwin,15
baldwinm,1
5059,16
bietz,16
mbietz,2
5208,11
stacy,46
branham,59
1529,5
sbranham,4
6097,15
darren,17
denenberg,5
2901,9
ddenenbe,1
5044,9
blake,7
dicosola,3
bdicosol,1
epstein,56
4197,4
6093,13
gillian,67
hayes,105
kleist,26
provost,48
hayesg,1
5084,13
jackson,12
mazmanian,46
9284,14
5092,11
srmurray,1
judy,22
olson,73
0077,2
jsolson,1
patterson,14
dpatterson,1
westmont,1
katie,40
salen,37
tekinbas,6
ksalen,3
5068,15
tomlinson,36
423,75
6171,9
wmt,5
kolko,2
kolkoj,1
kris,4
bolcer,11
200,334
kaelyn,2
costa,39
kcosta1,1
roles,83
graphic,13
accenture,8
amgen,3
avery,1
corporation,53
boeing,26
fedex,1
glassdoor,8
gopro,1
gunnison,1
imax,3
deere,1
kaiser,8
permanente,5
keller,7
lego,29
bricklink,1
logistics,162
medtronic,1
mojio,1
nordstrom,1
servicenow,2
shop,10
shutterstock,1
thermo,4
varian,1
walmart,3
bringing,125
retail,12
cube,364
museum,31
monterey,11
aquarium,2
culminates,5
leaves,127
something,511
incredibly,31
uncommon,13
3430,5
diane,8
flamm,4
dflamm,2
northern,21
masters,443
aetna,1
cvs,5
netwrix,1
mentored,18
csulb,2
enjoyed,35
educator,20
cultivate,10
responsibilities,154
facilitating,19
avenues,15
aiding,3
talent,466
raised,29
knows,59
backpacking,1
cat,38
anto,13
antop,4
analyst,43
prioritized,11
hopes,45
tracking,290
originally,56
lived,25
occasional,10
nyt,106
crossword,2
games,563
watching,95
nba,4
lennox,4
dlennox,2
paterson,37
counseling,15
concentration,105
montclair,1
passionate,27
relocated,13
outdoor,16
hiking,6
enjoying,13
sunshine,3
vinyl,2
collector,6
jaclyn,12
kung,25
kungj,4
expanded,43
coached,2
overseeing,3
district,13
regional,40
fortune,29
300,104
criminology,1
besides,23
loves,15
urban,61
choreographies,1
spend,94
animals,56
inspire,21
stories,312
milestones,8
stronger,46
celebrate,37
paramount,8
remain,121
akin,4
participation,136
integral,26
alum,11
constituents,15
advocacy,8
sevis,1
advisors,44
arrival,29
families,187
initiate,18
h1b,1
interstride,1
myvisajobs,1
visadoor,1
beaudry,1
marcelo,3
barros,1
steinfeld,2
antrepreneur,2
zotspeak,1
toastmasters,1
zotx,1
affiliated,45
recommendations,109
muse,3
quora,1
careercup,2
prep,10
candor,2
negotiations,4
rsu,1
levels,381
fyi,4
repher,1
stackshare,1
trending,2
strategic,29
coding,103
channel,59
succeeded,6
convincing,7
invest,25
spot,22
articulate,18
compelling,73
remember,201
informational,24
tips,48
saying,59
loud,9
classmates,9
appoint,1
completeness,38
pace,36
voice,47
tone,4
posture,1
gestures,7
film,70
verbal,20
purely,27
relates,34
employed,59
interviewer,1
practicing,17
mil,19
geeksforgeeks,1
portal,70
geeks,12
codility,1
programmers,12
pramp,1
codechef,1
competitions,28
contests,2
interviewbit,1
cake,2
weekly,71
cracking,4
devpost,1
autofill,1
livecareer,1
wayup,1
internjobs,1
parker,37
dewey,20
indeed,83
openings,13
powertofly,1
underdog,3
icrunchdata,1
techcareers,1
expanding,50
salaries,7
meetups,1
octp,1
hire,8
gayle,1
laakman,1
mcdowell,1
silicon,56
valley,73
camp,21
piece,153
marketing,84
summarizes,21
qualifications,13
succinctly,3
screening,12
spends,3
pertain,4
impressive,103
distracts,1
foundational,33
compare,89
tailor,10
scored,5
subscription,76
worded,2
scanning,132
customization,12
unlimited,36
scans,59
gpt,5
teal,1
friendly,52
topresume,1
resumes,10
brochure,1
advertises,1
accompanies,3
supplements,5
summarize,21
compel,1
800,31
spread,61
territories,5
anywhere,51
chapter,296
searchable,13
chrome,4
plug,16
careerflow,1
linkedradar,2
strategy,123
vital,100
selling,17
reputation,19
potentially,58
belong,33
secured,17
diversified,4
definitely,213
conversions,26
extrovert,2
introvert,1
mixers,1
broadening,11
mangoconnects,1
transitions,50
airbnb,1
sap,29
netflix,2
assessments,33
motivations,9
16personalities,1
mbti,1
profiler,1
occupational,3
handbook,38
payscale,2
evaluations,30
virtually,38
negotiation,24
preparing,43
seasonal,17
mentorship,48
talented,42
suits,4
encouraged,76
procedures,58
1280x360,5
multidimensional,34
monitor,63
drive,246
changers,9
covers,97
ai4se,1
se4ai,1
contributing,57
holistic,59
teamwork,22
propel,5
qualification,8
adithya,1
vardhan,1
sum,334
invaluable,19
giving,764
translates,19
delivers,22
cherine,1
researching,32
gaining,47
thoughtfully,3
deepened,2
additions,10
moreover,62
helpful,76
chose,15
pivot,10
obvious,124
land,53
pioneers,9
blends,2
craft,15
exercises,61
swe,53
261p,6
assurance,18
black,288
combinatorial,230
static,132
mocking,3
capture,275
mutation,27
262p,9
styles,225
decomposed,14
exposed,27
mechanisms,187
procedural,9
handling,33
frameworks,32
deploy,28
270p,2
249p,1
neighbors,200
forests,16
276p,2
277p,1
emphasizing,31
240p,5
represent,240
queues,51
heaps,36
hash,172
272p,1
globally,19
scheduling,144
budgeting,1
271p,3
spoken,11
contexts,38
promoting,48
275p,3
individually,16
266p,5
dependability,29
vulnerabilities,54
methodologies,42
265p,1
notations,6
267p,3
amongst,6
263p,1
pragmatic,8
assignments,139
264p,1
contemporary,61
290p,1
advisement,1
248p,1
descent,10
backpropagation,1
247p,1
retrieving,11
tokenization,2
idf,2
246p,1
emulators,2
245p,2
244p,2
locks,1
deadlocks,6
243p,1
reliance,13
nosql,4
242p,1
ports,21
sockets,2
241p,1
fulfill,11
unsatisfactory,9
satisfactory,36
cumulative,35
earns,11
retaken,1
supplemented,7
candidacy,138
determined,136
judgment,6
undertaken,5
establish,69
restrictive,5
grad,934
php,599
failure,94
continual,10
lack,112
disqualified,7
sergio,21
gago,22
masague,15
1925,6
3064,8
shanahan,12
6724,11
464,75
3076,10
madhu,28
mcreddy,3
5086,14
goodrich,469
4091,20
shindler,12
mikes,5
4058,12
nawabf,2
2088,6
elaheh,12
bozorgzadeh,28
8860,7
3092,7
ian,47
harris,33
8842,13
3088,9
6543,14
1910,19
458,93
maaz,1
syed,8
adeeb,1
shefali,1
gupta,181
samarth,2
khare,11
ebay,14
grusha,1
dharod,1
bryan,86
roth,11
mighty,1
vaibhav,16
ambassadors,11
attacks,124
formalization,1
specifications,117
1992,310
producing,44
automate,16
zotgpt,184
nicotine,2
bot,4
ectf,2
fourth,106
appearance,87
cecs,32
cpri,9
conducts,16
malicious,44
prompts,21
mitigating,9
disrupting,5
helpfulness,1
hate,17
toxic,28
mitigation,20
detect,150
offensive,15
145,157
295p,3
297p,6
keystone,4
specialization,29
logllama,1
anomaly,79
llama,3
hashemitaheri,2
conversational,19
genai4sch,1
rahman,19
savior,1
summarization,43
jailbreak,4
defense,1085
nlp,27
trustnlp,1
giyahchi,1
pechmann,1
empathetic,13
reflective,62
conversation,56
icmla,1
abraham,29
rop,1
side,973
jyothi,8
lingualinked,1
linguistics,9
acl,11
derakhshan,1
classifier,24
jailbreaking,1
shield,2
abuse,34
harms,2
woah,1
carlsson,1
fuzzllm,1
universal,210
fuzzing,3
proactively,18
discovering,41
acoustics,5
signal,148
icassp,22
iharris,1
automation,87
reconfigurable,20
vlsi,51
fpgas,5
asics,1
hierarchy,35
interplay,32
volatile,9
nikil,316
dutt,735
7219,14
3091,6
sang,28
swjun,1
3072,12
alexandru,8
4079,5
3082,7
papaefthymiou,31
7405,11
6212,9
scherson,4
8144,12
3226,7
veidenbaum,2
6188,14
alexv,1
3056,8
yeh,22
3066,4
lies,60
reconnect,18
codes,99
regulations,27
aiming,17
protect,42
comply,5
pexels,1
pixabay,2
gdpr,4
consumer,141
ccpa,8
consumers,51
serious,114
stipulations,1
collaborating,57
sense,192
laws,51
adjust,26
dismantling,2
entirely,60
tackling,11
jersey,21
njit,11
legislations,1
collecting,79
puts,25
sobering,10
intimate,3
photocopy,1
imaginable,2
unimaginable,9
watch,88
breathing,3
thermostat,1
temperature,131
absorbing,2
wild,31
west,87
lawless,1
awareness,211
derive,26
heath,5
rady,69
dehydration,68
champions,110
tour,97
blending,69
psychiatry,68
trammell,94
inspires,55
bright,74
celebrates,60
mourns,51
staunchest,49
bob,64
philanthropist,4
staunch,3
supporter,13
extraordinary,36
legacy,65
trustees,2
lauds,13
laurels,13
friend,87
1998,301
wife,52
generously,7
enrich,14
lent,6
condolences,5
loving,8
saddened,3
rejoice,1
remarkable,58
enormous,34
philanthropy,6
touched,9
claire,12
trevor,38
samueli,19
integrative,11
beall,42
merage,14
countless,12
transferring,15
donors,9
roundtable,41
believed,39
enriching,5
enduring,4
educational,180
aspirations,15
heartfelt,3
profoundly,8
lifetime,148
memoriam,6
cute,29
bean,41
doomscrolling,14
cooking,12
brains,22
maybe,198
lifeline,19
humanity,41
inaugural,73
codazen,4
induct,15
perseverance,5
punit,2
educating,22
adolescents,17
cozy,9
gaming,85
mindfulness,4
mainstream,25
gathering,39
purposefully,2
ever,194
relaxed,19
blend,8
passions,7
talking,93
returned,66
seen,230
umbrella,9
comprised,15
creates,76
testament,6
witnessed,5
successes,20
entrepreneurial,37
endeavors,18
axon,7
ronen,34
vaisenberg,35
reinventing,2
hoping,25
minded,11
flourished,3
sectors,47
seeing,114
appreciated,22
reflecting,28
momentum,33
connection,362
cofounder,6
mach5,3
moderated,7
featured,179
ravi,74
jammalamadaka,62
zhijing,12
qin,44
dawit,8
seid,6
panelists,24
trondheima,1
wonderful,56
hearing,36
rahul,34
bhope,13
gratifying,4
gatherings,8
heights,25
pride,27
alma,27
mater,4
reunions,1
meantime,8
considering,161
highlighting,34
stresses,15
comes,189
synergy,14
brings,76
transfer,158
shani,78
venkatasubramanian,455
aster,1
chandra,72
comprehending,3
revenue,18
enforcement,15
ademic,2
pur,1
avi,10
udied,1
nder,1
rof,1
arad,1
hrotra,1
ifornia,4
rning,1
curity,1
esis,1
tled,1
oviding,1
cure,12
rvices,1
rusted,2
envi,1
ronments,1
sides,573
blin,1
joys,2
ife,2
heir,3
goldendoodle,1
johann,2
chrstoph,1
freytag,1
dbis,2
seven,87
1010,22
mehrota,1
privilege,54
delve,12
encompass,4
scope,54
acknowledge,165
nevertheless,17
brilliant,46
accomplished,39
esteemed,7
revolved,3
responders,24
situational,94
transitioned,7
advancement,163
googler,1
positioned,13
mapper,2
fragmented,10
fhir,1
interoperability,13
timeline,48
uber,7
pivotal,10
discusses,121
shaped,88
intuition,22
stakeholders,35
navigating,11
reinvention,6
navigated,1
recount,1
staying,18
negotiables,1
scholarly,21
simplicity,42
priorities,33
openness,3
adventures,42
moments,88
clarity,7
innovating,2
synergistic,164
relationship,145
translating,7
garnered,6
respected,17
rehabilitation,19
nidilrr,1
openai,2
heygen,1
unsolved,21
ill,13
roduce,2
abricks,2
ack,5
bout,4
ncept,1
ehouse,1
ark,16
oton,1
vec,1
torized,1
ake,2
llenging,1
stomer,1
sce,10
narios,1
retch,1
undary,1
ven,4
mingly,1
mple,1
eresting,2
aced,2
ext,13
remes,1
ope,1
rain,11
sol,10
utions,1
vectorized,10
scratch,138
powers,45
impala,2
particularly,232
appearances,12
icpc,5
finals,41
heads,28
america,78
championship,22
incredible,16
compete,35
sven,6
koenig,6
svenk,1
4052,4
4496,5
mdogucu,4
2204,12
klefstad,6
3074,6
moshirpour,16
3125,7
mmoshirp,1
2434,8
wong,34
wongma,1
3062,6
hadar,25
ziv,40
5062,10
tekinba,17
honorees,6
spotlight,111
concatenate,4
primarily,88
correcting,17
misconceptions,3
inventories,1
sizes,87
computations,39
approximation,279
preferably,3
conclusion,29
exams,105
handouts,7
gradescope,22
tentatively,3
expectation,47
compsci,111
161,223
260p,19
260,57
162,190
automata,108
preliminary,47
inventory,15
ferland,4
varun,4
nagaraj,2
arushi,4
arora,13
drew,72
poel,1
luu,3
huynh,13
freddy,8
reiber,3
sandra,13
ossman,6
seth,8
poulsen,5
sigcse,4
computability,8
nero,2
shahar,1
broner,1
yubin,4
mizuo,1
elijah,1
sauder,1
albert,55
ofek,8
gila,13
frederick,66
natalia,1
pinpin,1
markovic,1
jee,3
hoon,2
giles,3
nunez,2
cote,2
palak,1
jain,3656
labonte,1
leena,1
mathur,3
moreno,3
sakuma,1
algorithmics,43
dillencourt,51
ccsc,2
preemptive,5
olivera,1
grujic,1
appendix,14
shahriar,1
shamsian,1
gisele,1
ragusa,1
miller,42
asee,1
meyerson,10
clusterable,2
rafail,4
ostrovsky,5
roytman,2
tagiku,2
erdos,12
array,214
conjecture,146
stoc,34
1996,452
nathan,18
linial,2
eyal,1
kushilevitz,1
extremal,1
permutations,88
cyclic,31
equivalence,36
1987,83
shlomo,1
moran,1
calculator,13
homework,405
syllabi,5
45c,1
167,151
assistantships,19
applies,69
takami,21
sato,22
forough,6
mehralian,6
benedict,12
bono,12
salazar,13
olgado,13
jos,34
coto,15
velez,23
chio,385
xiang,166
martinez,24
latino,11
mayara,28
figueiredo,37
ischools,24
goldstein,13
verne,14
noyes,12
emory,44
edwards,42
neda,7
awardee,93
grfp,42
stipend,210
allowance,21
institiution,7
supercomputer,10
opportutnites,7
grip,9
citizen,193
semester,29
biological,749
budget,69
supplementary,16
considers,95
intellectual,67
impacts,55
extramural,20
iefv,6
ideal,76
newkirk,14
receipts,12
allowable,8
experienced,53
approve,15
requested,48
directors,25
involvement,35
exhibits,34
interpersonal,23
permanent,61
strongest,25
dependents,15
describing,108
nominees,12
women,311
usd,31
phi,73
kappa,22
mfa,62
returning,34
country,222
pbk,8
essay,50
ambitions,14
justification,11
trans,158
tbd,340
5yrs,6
predoctoral,24
3yrs,6
376,78
lawfully,6
issued,30
temporary,20
ineligible,13
assessed,12
productive,47
sponsor,40
taiwan,34
chiao,12
tsing,8
cohen,17
developmental,29
loreal,7
professoriate,15
div,1503
administer,8
hispanic,18
demonstrated,109
assoc,64
idp,9
gof,6
entry,131
stipends,6
entering,40
situations,127
impediments,7
indicate,68
determines,60
eugene,15
cota,8
robles,9
ecr,7
ab540,5
storong,5
tandon,7
nearing,136
lor,15
near,291
expecation,6
fmp,6
supplement,29
320,47
prohibited,17
pdy,7
600,40
gsar,7
prospectus,6
departmental,2739
intent,39
practicum,10
lgbtq,39
identification,134
finalists,15
supplemental,20
underrepresented,80
carried,43
fulbright,37
hays,12
abroad,465
allowances,12
accident,26
admin,25
foreign,53
possesses,15
adequate,29
carry,71
offeres,6
nominated,41
allocated,25
exhausted,9
mexus,17
sheet,55
approval,91
bibliography,68
677,102
156,193
conductint,7
stays,20
invitation,26
2yrs,16
remaining,151
posterboard,5
club,125
willing,62
female,76
corps,21
microgrants,7
pedagogical,11
390x,5
pedagogy,8
canadian,132
formore,6
hertz,12
childcare,6
coordinated,54
schlumberger,12
illustrated,28
sector,47
reimbursement,1330
aauw,6
narrative,31
autobiography,6
uploads,53
citizens,43
latin,80
540,17
passport,10
citizenship,21
gordon,53
hein,6
fafsa,44
certification,17
brython,10
navy,30
marine,12
birth,53
duty,17
discharge,16
otto,13
shaler,7
blood,53
descendent,6
1917,13
1918,95
dod,25
rarang,6
ford,47
daca,5
superior,25
teacher,1170
capacity,225
respond,48
pedagogically,5
sustained,25
tonge,9
documnettion,5
submitter,5
deans,12
unpaid,6
immense,11
dividends,7
transitioning,12
begins,58
spouses,7
comparable,22
kling,11
memorial,110
roberta,13
ellen,22
lamb,10
rosalva,33
gallardo,47
valencia,52
prefernece,6
recommnedaiton,6
ncwit,21
allegiance,6
mentions,29
tax,11
ndseg,21
disciplines,319
fy2022,6
waim,5
50k,20
2500,18
salaried,5
incidentals,6
sickness,7
conferred,17
biographical,12
37k,5
fischer,27
gsr,7
horizon,28
evan,6
peters,26
icaucus,5
hertzfoundation,1
uccs,1
ucdavis,17
phdfellowship,1
researchamerica,1
civic,8
microgrant,1
initiative,117
guid,122
ndq2ndu1fdiynze4njmzfc0xfgnoyw5jzwxsb3jadwnplmvkdxw0mzmznjk3fhwwfdb8otazndizmjh8otuzfdb8mhx8ndmyndy10,1
zonta,5
ucmexus,2
pointfoundation,1
onlineapplicationinfo,1
suite,78
coordinates,206
handles,23
relating,32
exhaustive,23
psychological,30
catalogue,58
lesbian,3
gay,5
bisexual,3
transgender,7
lgbt,2
ombuds,2
housing,468
biting,19
legitimacy,12
traps,17
dourish,78
sigchi,20
skilled,28
jinchi,9
kenneth,51
stonier,9
largely,48
unexplored,6
combines,110
surrogates,3
relies,43
assumption,70
arx,1
observed,84
varx,1
employs,26
bert,7
embeddings,59
lda,4
forecast,14
texts,35
employ,25
labels,61
finite,250
advantages,54
simulations,126
yurou,1
mirrors,15
savvy,6
views,360
condense,6
refresh,19
filtered,505
remove,111
worlds,100
graphics,387
sts,8
aldrich,10
beckman,31
136,222
anthill,4
pub,41
watched,10
autobiographical,1
uninspiring,1
repeat,51
directs,18
anthropology,21
honorary,16
professorial,3
stuff,57
materialities,4
machinery,82
british,79
bcs,4
diana,9
forsythe,5
hons,3
edinburgh,28
xerox,22
parc,9
europarc,1
copenhagen,21
equipment,466
duration,199
forfeit,2
guru,2
gobind,1
pakistani,1
holding,17
webpage,134
doctorate,38
lindau,2
nobel,92
laureate,22
satisfies,20
nnsa,1
matriculated,2
supply,57
20th,99
lucy,12
pei,33
073,116
scgsr,1
lawful,13
lpr,1
solicitation,3
economy,33
contingent,8
exhibited,3
acceptable,25
annually,37
announcements,1741
baas,1
dellums,1
f31,1
788,44
2028,21
covering,90
legible,2
clearly,184
stating,13
redacted,1
associates,21
angell,9
phalen,2
preventing,28
treating,15
waffarn,2
maternal,62
ags,4
layman,1
explain,115
hanna,6
expense,15
questionnaire,3
census,70
moses,2
stamped,6
551,74
essays,35
lenora,1
green,115
lillian,1
lowery,2
gddf,1
eset,1
aspire,10
700,38
outlining,10
periodically,14
initially,53
planned,42
notes,870
exceptions,66
wishing,7
ucounsel,18
gcounsel,31
enforces,8
restriction,41
273a,2
284a,2
cmptsci,2
suffix,33
220p,6
inf,538
281,92
282,88
sys,49
201,165
281a,2
observance,4
lifted,17
dropped,25
webreg,11
opens,30
waitlisted,2
networked,61
upper,142
ece,7
educ,8
gdim,59
paperwork,32
counselors,32
docusign,4
differ,31
docusigns,2
voided,2
delays,16
implies,38
committees,660
containing,159
immediate,37
married,38
couples,18
conflict,30
passcode,54
pass,114
examination,55
ordinarily,4
200a,4
200b,5
200c,3
210,61
211,172
212,130
appointed,35
majority,70
oral,51
arrange,22
sao,12
confirmation,20
signatures,32
cashier,3
differs,19
consent,10
brought,249
emailed,26
emailing,5
passing,49
whichever,5
finish,49
unauthorized,14
repeats,18
nrs,4
clerical,6
occurred,23
subsequent,51
equivalency,2
waived,6
fulfillment,4
exception,43
assistantship,3
nine,73
completes,6
consecutive,46
backdated,2
coursechanges,2
inquire,12
299,100
letterhead,2
preclude,5
residents,10
verify,59
petition,38
transfers,12
waive,5
transferred,25
route,52
overlap,40
substitution,17
certified,24
mind,139
petitions,8
absentia,14
registered,59
evidenced,9
involve,61
illness,11
occupation,18
obligations,5
indicated,18
loa,2
wanting,5
selecting,67
recommends,4
walk,57
237,145
fletcherjonesfdn,1
tad,5
login,1450
yii,4
tapdp,8
perl,31
websoc,9
exempted,2
incompletes,2
vpn,426
oit,312
duo,223
digit,35
brenschool,6
button,79
engages,10
engagements,4
frontiers,61
boundless,4
road,185
informed,50
groundbreaking,41
break,119
silos,27
horizons,8
transform,107
comprising,15
accomplish,18
alums,12
assume,116
giants,7
biotechnology,6
lifelong,20
expose,21
multitude,13
deepen,9
pizza,39
night,82
sought,24
showcased,9
butterworth,14
prizes,23
readiness,6
fifth,103
bigger,87
zylius,21
cheered,3
outgrew,1
courtyard,7
rooms,26
represented,142
culmination,14
tremendous,35
rewarding,30
rania,2
kods,1
cotality,4
ownership,8
kodsy,3
estate,21
fresh,27
lean,2
gen,23
rtx,22
praise,3
fantastic,17
professionalism,5
eyes,34
impressed,33
shine,1
diligently,4
super,124
rigney,3
lifesciences,2
seemed,17
ethereal,1
refracto,1
reshaping,6
realm,21
rolls,4
550,17
375,82
175,137
125,233
geographic,168
hot,120
classify,44
audio,183
footage,10
police,31
streamline,12
bluetooth,4
nasometer,2
therapists,1
treat,36
hypernasality,1
disorder,26
excessive,13
nasal,1
resonance,36
cleft,1
palate,1
reimagines,3
ops,3
combat,18
zombie,1
apocalypse,4
braille,4
smartphone,35
impairment,11
stratification,1
aeroai,1
cs01,1
sigma,190
rot,3
hungry,7
hon,8
reece,1
malone,2
kaixiang,1
yiwen,2
monette,1
howru,1
gamified,2
iridium,1
sparx,1
yangmm,5
winding,4
speaks,29
ella,27
chung,40
leap,26
cells,263
bytes,70
smartwatch,5
intoxication,2
entrepreneur,1168
thinakaran,3
prioritizes,4
promises,20
lathrop,2
pursues,3
combo,1
proved,56
cupertino,2
concerts,2
recitals,1
violin,3
performer,1
financially,7
performing,78
chamber,9
orchestra,1
probe,88
brokers,30
concerns,115
fuchs,6
gil,5
foresee,4
eyeglasses,1
worn,13
prescription,11
eyewear,1
arrive,14
premature,4
inaccurate,11
phones,294
helicopter,2
garage,3
seem,198
physiological,44
sudden,8
embodied,16
avatars,5
rocky,8
circuit,44
fabrication,39
bust,4
boom,14
historic,18
1970s,5
bsp,7
pixel,64
planes,84
telepresence,49
siggraph,33
coons,1
wien,4
organizer,43
dissertations,410
gifts,413
champion,426
blogs,1408
matters,253
kai,91
inspiration,26
physics,9082
undeniable,2
reward,14
corporations,21
apps,229
audiences,21
influenced,41
formative,8
scrum,6
agile,13
dubbed,7
arrived,19
walking,59
onto,55
seize,3
doors,19
examines,43
wikis,28
commerce,30
typography,14
disruption,37
civilization,14
logic,64
algebras,5
trigonometry,7
representing,134
expressions,39
pragmatics,2
32a,4
varied,28
sound,82
iterators,2
overloading,3
reflection,42
ics45j,2
lexical,3
syntactic,7
garbage,57
recognizing,72
flaws,33
139w,2
totaling,8
animated,56
textured,11
expansive,4
scenes,70
activity,245
163,401
ubiquitous,115
locative,2
infrastructures,61
gameplay,4
166,174
aesthetic,14
multiplayer,14
multiuser,5
persistent,101
168,158
169a,2
cut,203
169b,2
101,346
stressing,4
notation,61
imperative,7
aspect,124
suitability,7
113,212
115,266
thoroughness,2
117,265
121,273
122,289
aesthetics,20
124,243
w3c,15
ietf,11
131,253
132,241
undertake,9
elicitation,2
thorough,16
133,186
toolkits,21
141,218
classifying,26
143,240
inform,61
discussed,97
148,171
151,196
organizational,59
153,154
workspaces,9
computerization,9
paradox,15
162w,2
164,168
television,36
171,211
fieldwork,4
172,715
190,71
aided,40
191ab,2
h198,9
199,150
investigation,38
h81,2
inprovides,2
biases,16
justice,28
analog,31
iteration,47
playtesting,8
economies,7
unity,27
emphasize,36
furthering,9
unity3d,2
unreal,4
fluency,7
gateways,6
persuasion,3
playable,8
emotion,17
roleplaying,4
improvisational,4
improvisation,3
connects,31
storytelling,137
emergence,45
hypertext,65
narratives,19
encounter,29
emergent,71
129,252
player,76
telemetry,3
metrics,100
139,191
159,166
mechanics,65
mortems,2
solo,9
playtest,2
165,164
diversify,12
channels,66
publishing,58
monetization,5
esports,78
indie,7
aaa,6
studios,22
167a,2
167b,2
snapchat,6
dozen,18
electives,32
specialize,10
develops,55
habits,31
everywhere,65
automotive,13
aerospace,22
vendors,21
insider,4
prospects,14
satisfaction,54
affinity,33
fewer,70
dozens,20
surrounding,52
arise,58
mere,16
5156,38
competencies,13
flier,4
asuci,3
informal,31
intramural,2
academically,14
socially,25
nights,21
organizes,19
crew,3
performances,8
infamous,2
dunk,1
tank,9
inflatable,2
jousting,1
jams,2
themed,7
vgdc,1
vdgc,1
hone,5
artistic,17
simply,184
gdc,3
speakers,48
maiss,3
bonfire,1
banquet,22
wics,7
excel,41
freshman,23
represents,136
intercollegiate,4
ieeextreme,1
somewhat,46
meaningfully,4
movie,103
journalism,65
radically,20
critically,15
reacted,1
realities,7
forth,26
ideally,25
suited,20
necessarily,115
affects,113
underpinning,2
doctors,38
nurses,14
officials,17
administrators,24
intimately,2
principally,2
nursing,84
doctor,70
underpinnings,15
civil,21
coupled,42
professions,4
deeper,62
flavor,21
internationally,20
mentors,60
tabletop,6
riot,4
disney,36
tencent,39
cartoon,9
conscientious,3
collaborator,7
centrality,22
radical,18
publisher,273
freelancers,2
squarely,3
significance,48
nafiri,1
kusumakaulika,1
lambrix,1
kyla,1
lamontagne,1
jiea,1
monchusap,1
delian,1
petrov,4
polanco,1
govind,3
rai,2
sias,1
uzoukwu,1
vista,7
businesspersons,1
symposia,8
campuswide,9
chp,4
convene,2
socialize,5
minimally,2
ofas,2
aspx,5
firms,8
forums,12
gathers,4
distilling,2
gathered,35
analyzed,45
distilled,3
disruptive,31
drives,53
excelling,5
nonprofits,6
governed,9
familiarize,4
elsewhere,46
mindful,6
adhering,1
exhibiting,10
ugrad,564
wondering,31
affect,78
worldwide,32
competency,2
inherently,13
ethnography,16
culminating,6
expectations,34
device,375
differentiated,3
attain,5
entrepreneurs,57
igsa,5
coffee,81
barbecues,1
advocate,15
omar,2
asadi,2
moury,1
bidgoli,1
collins,41
dreef,1
heather,5
faucett,1
eugenia,20
matias,37
giorgio,9
mustafa,12
reyhaneh,9
jabbarvand,10
mcdonald,27
juliet,1
norton,3
namrata,1
puri,1
rall,1
reitman,1
adriana,17
meza,26
soria,25
proficient,2
booming,6
exposing,8
engineered,8
taste,19
mimic,11
firsthand,3
mature,12
practiced,9
fulfilling,10
managerial,6
believes,32
hallway,5
hesitate,14
sustainably,3
elective,21
practicalities,2
concrete,38
summarizing,20
pertains,3
quote,59
pillars,5
retaining,7
historically,30
dream,47
oai,22
aside,22
rachael,1
zehrung,1
lucas,21
rzehrung,1
disciplined,5
quantifiable,3
bridges,25
msse,3
dependable,34
augment,29
conceptual,33
defend,8
feels,27
assisting,9
kids,111
autism,34
personalization,27
multitasking,20
gardens,3
redefining,5
environmental,107
devising,12
prefer,48
technically,14
inclined,7
classic,41
makers,38
steady,17
noticed,22
heard,88
altogether,32
substantive,2
informaticsdegreedetails,1
affiliate,19
disqualification,18
intimidating,2
extenuating,4
struggling,24
emerges,17
dramatic,7
reliably,22
incarnations,1
exist,237
guaranteeing,4
naturally,50
enjoyable,41
executives,5
transformative,34
collapse,73
evoke,8
hana,8
ohana,1
luci,14
emeriti,7
lecturers,17
758,49
geoffrey,51
bowker,67
acmi,6
redmiles,13
andr,49
hoek,66
bonnie,49
nardi,43
debra,19
richardson,36
mercator,7
kobsa,28
notable,19
pizzigati,3
crista,31
epa,3
healthy,87
subcommittee,4
sigsoft,40
courseware,3
ludwig,7
fleck,2
asist,1
kavli,13
humboldt,38
2001,1179
metro,4
ichair,2
marty,4
mbeach,3
5042,18
parking,110
peltason,38
entrance,21
imap,17
cfm,22
enforced,11
purchased,38
vending,8
pereira,10
windshield,1
314,104
southwest,10
exit,55
sidewalk,3
gateway,29
archway,1
stairs,17
plaza,11
protections,4
ito,160
debates,8
dominant,35
editors,52
mizuko,22
remy,2
karthik,15
dinakar,1
candice,2
odgers,2
harm,20
reporting,54
robots,36
discourses,1
shorter,33
opinion,77
worker,21
parents,61
voices,9
reinforce,7
unequal,25
childhoods,1
hobby,19
geek,18
masculinity,5
never,242
comic,19
transmedia,1
franchising,1
marvel,3
cinematic,2
universe,280
dominance,38
resurgence,3
settlers,1
catan,2
dungeons,5
dragons,4
shops,6
consumed,10
influx,2
bipoc,6
gamers,28
overwhelmingly,3
male,61
heterosexual,1
contends,1
exclusionary,8
tendencies,3
hobbyists,6
preceded,4
railroad,2
twentieth,6
century,101
laid,19
war,40
leisure,6
overlapped,1
strides,3
cloistered,1
homogeneous,12
secret,42
playgrounds,1
men,38
catalogs,6
lonely,3
segregated,2
suburbia,1
sixties,2
seventies,2
eighties,1
hobbyist,3
broke,5
outsiders,3
denial,6
socio,23
charts,7
rooted,18
structural,72
stymied,4
concludes,14
repairing,3
phenomenology,8
provocative,5
reconsiders,1
deceptively,1
wholesome,1
harmed,1
erased,1
theorists,21
wholly,2
constructive,36
broken,36
philosophical,7
tradition,18
ignores,6
hurt,13
narrow,27
complicit,1
systemic,6
indigenous,7
corrective,4
reconsideration,4
expands,11
suffering,17
subjugation,2
taboo,3
torture,3
decolonizes,1
reconcile,5
hurtful,4
upends,1
notions,15
innocent,4
beings,33
subtly,2
unspoken,1
departs,2
insist,2
approaching,10
reveals,48
subjugating,1
renders,12
ignored,32
reparation,1
pleasure,20
recasting,1
painful,15
traumatic,11
depths,7
restore,17
happiness,34
rediscover,2
definitive,6
distraction,34
newport,26
shifting,16
interrupt,11
interrupted,23
psychologist,4
surprising,72
wrong,87
hurts,12
amplify,13
drains,2
refuel,1
recognize,104
kinetic,19
kurt,39
squire,37
incorporate,37
commonplace,7
authentic,4
marketable,3
artist,25
multimillion,1
dollar,99
funders,1
greenlighting,1
astronomy,3137
ships,4
heteromation,6
capitalism,9
riveting,1
americans,26
inadequate,11
dreams,17
filled,65
pick,91
daughter,20
7pm,3
laptop,134
linda,11
thinks,31
wistfully,1
treadmill,4
folding,184
laundry,2
dryer,1
packet,21
clamor,1
overworked,2
vivid,7
capturing,88
impossible,70
amplified,4
homes,26
offices,21
crushing,2
pressure,48
unraveling,3
healing,6
warmth,2
witness,17
constant,415
goes,138
checking,1371
routine,50
seductive,1
myth,12
clad,1
beneath,3
plastic,28
veneer,1
scaffolded,2
retired,20
celebrating,25
strive,14
workplace,50
norms,11
reimagining,2
valuing,1
hamid,275
ekbia,4
transformed,94
compensated,6
clicks,6
swipes,1
logins,135
willingly,1
yield,30
mediated,19
digitally,10
arguing,10
capital,47
accumulation,6
heteromated,1
communicative,3
microwork,1
literary,5
productions,1
emotional,47
utopian,2
refigured,1
prosperity,8
entities,67
populate,10
backed,568
farms,4
fiber,29
optic,2
cables,20
plants,11
microwave,36
sketched,2
whiteboards,3
encoded,50
loaded,46
transmitted,14
encode,13
capacities,6
exhibit,57
databaseable,1
representational,19
entailments,1
materialist,1
polity,1
decoded,5
marian,7
petre,9
innate,3
deliberately,9
sixty,1
spreads,8
explanatory,3
drawing,1025
balloons,4
balloon,10
drawings,395
provoking,22
playful,11
boundary,210
timmermans,2
adele,2
clarke,8
balka,2
leigh,14
1954,13
messy,9
asking,54
marginalizing,1
liberating,2
landmark,30
revealed,33
histories,7
poetics,2
collects,38
marginality,1
philosophy,52
testify,2
youth,74
jenkins,10
danah,1
boyd,18
conception,6
affordances,3
diversification,4
mainstreaming,1
argue,45
ethos,3
readers,32
dialogue,14
abundance,8
effortlessly,19
ubiquitously,2
consequence,104
continually,11
multitask,5
switching,33
ethnographic,10
sensor,407
mood,29
stress,121
interruptions,16
triggers,4
converse,6
distractions,12
spheres,146
attentional,3
habit,15
overload,15
interconnections,8
crafting,6
puppets,2
diy,13
electronics,74
fashion,24
gamestar,1
mechanic,1
gresalfi,1
kylie,22
peppler,48
rafi,1
santo,1
interconnectedness,3
belongs,23
interdependent,7
educators,42
collaboratively,7
nonverbal,2
theresa,26
tanenbaum,56
magy,2
seif,2
nasr,7
nixon,1
expansion,82
accompanying,6
explosion,16
rise,77
populated,1
interactors,1
exerts,2
embodiment,2
assortment,10
literacies,1
linguistic,10
signaling,6
articulating,3
videira,2
conjunction,67
complements,11
explains,119
grouped,23
metaprogramming,1
adversity,4
verbalizes,1
emerged,47
judith,35
wendy,14
kellogg,1
grounded,8
traces,12
ingredients,15
retrospective,11
agent,439
deployments,17
surveys,94
crowdsourcing,37
sensory,50
surfaced,1
roots,46
contributes,17
alike,285
differentiate,20
unsuccessful,3
geographically,12
studied,103
wizard,7
viewers,51
liliana,1
ardissono,1
maybury,1
overwhelming,18
challenged,19
plethora,8
boxes,54
thoroughly,6
europe,64
viewpoints,17
divided,39
examinations,6
assesses,9
newcomers,3
practitioners,49
fiercely,2
beauty,19
elegance,4
brilliantly,2
attends,9
grady,2
booch,2
lays,2
foreword,5
nigel,5
nteractive,3
assistive,16
rehabilitative,1
preserving,101
julie,26
kientz,1
goodwin,1
gregory,50
abowd,10
lie,65
scheme,78
hypermedia,87
brusilovski,2
julita,1
vassileva,1
mutually,26
neutral,17
freedom,61
browsing,42
adaptation,124
impose,3
concerning,20
unstructured,64
navigational,26
subnets,4
inhomogeneous,5
standalone,4
adaptivity,16
tailoring,11
denote,57
constance,37
steinkuehler,42
sasha,26
barab,8
videogames,2
21st,127
breadth,30
thinkers,5
gee,5
soren,1
klopfer,1
colleen,2
macklin,1
malaby,1
sirlin,1
argument,123
boellstorff,2
celia,2
pearce,2
concise,7
nongame,2
ethnographers,1
observation,169
fieldsite,1
draws,19
everquest,2
warcraft,9
addresses,584
myths,11
misunderstandings,1
argues,13
oxymoron,3
distillation,4
renews,1
differently,42
willis,5
lori,2
kendall,3
hanging,20
authoritative,14
distinctive,6
hine,1
anthropologist,20
elf,7
priest,4
anthropological,3
cultures,49
fandom,1
unbound,1
otaku,4
daisuke,2
okabe,3
izumi,1
tsuji,3
watchers,1
cosplayers,1
builders,6
fansubbers,1
spectacular,7
encrusted,1
stereotypes,18
isolated,28
nuanced,5
subculture,1
collide,8
stature,2
fascinating,25
fifty,15
seiter,1
nenno,1
materiality,11
leonardi,1
jannis,1
kallinikos,1
street,62
resounding,3
ideology,7
determinism,4
technologically,4
inevitable,6
arrangement,181
rhetorical,2
endure,4
rumors,5
implicated,1
confronting,2
marks,29
overdue,3
engulfs,1
tended,3
conjured,1
imbued,1
restores,2
deepens,3
facticity,1
persistently,3
redefines,1
tightly,4
argued,21
masterpieces,1
reestablish,5
importantly,48
abstracted,8
manifestations,4
dematerialized,1
relentless,3
destinies,1
shoshana,1
zuboff,1
charles,55
wilson,90
reshaped,4
framing,3
constructions,55
counterbalance,3
constrain,11
poole,5
sociologists,4
multidisciplinary,36
pinch,1
gamer,6
harness,12
tells,60
immersive,82
divining,2
mess,15
mythology,2
genevieve,2
intellectually,7
crackling,1
restraints,3
wonderfully,2
eclectic,4
ubicomp,5
marcus,4
domesticity,1
theoretically,37
messiness,2
globe,38
losh,1
beautifully,2
cyberscholarship,2
quest,69
torres,32
loretta,1
wolozin,1
rufo,1
tepper,1
arana,1
shapiro,2
inquiry,38
players,83
dry,27
opened,62
convert,49
fractions,67
decimals,3
atlases,3
tutorials,39
hapless,1
fictional,6
inventors,6
handbooks,3
greening,5
cogent,1
albeit,8
techno,2
skeptics,2
undervalue,1
optimists,3
bedrosian,1
coeditor,1
malnutrition,1
projected,17
oil,15
depleted,6
pimentel,5
agriculture,9
macroscope,2
counterintuitive,2
negroponte,12
chairman,37
nenad,37
medvidovic,17
dashofy,6
untold,1
economically,18
dominate,18
transforms,17
abundant,13
faithful,2
adaptable,15
analyzes,22
renowned,25
ambitious,31
1980,44
medvidovi,39
okawa,2
segundo,1
archstudio,3
eclipse,131
toolset,4
haller,1
mcroy,1
plays,61
assemble,6
mistrik,1
grundy,5
whitehead,9
resolve,35
conflicts,23
definitions,58
impacting,36
difficulties,23
documented,10
grand,99
deliver,51
assembled,35
editorial,43
messing,18
geeking,6
conventional,56
wisdom,26
equates,3
generational,1
teens,49
plugged,11
investigates,63
intricate,9
dynamics,203
fills,9
situated,4
childhood,20
potter,8
podcasting,6
romantic,2
breakups,1
authorship,6
catherine,16
macarthur,9
conducted,69
planet,120
amassing,1
subscribers,45
inhabitants,4
populous,2
scotland,6
massively,11
mmo,3
jargon,2
monsters,3
givers,1
merchants,6
ethnographer,2
intersect,34
adopt,34
addiction,8
paints,12
portrait,4
cafes,3
envy,8
thirty,16
belonged,2
military,34
1980s,8
1990s,8
elementary,64
aged,8
edutainment,1
philosophies,3
titles,17
munchers,1
trail,5
kidpix,1
carmen,2
sandiego,2
advertising,36
genres,4
tied,22
manipulate,18
microcosm,7
testimonial,1
cautionary,2
tale,16
paragraph,14
zimmerman,10
bos,1
signaled,1
coauthored,4
coauthors,2
manhattan,24
1940s,4
plateau,9
alamos,47
cooperation,16
flung,1
commentary,11
observatory,124
astronomical,61
multilaboratory,1
cyberinfrastructure,6
frankly,5
encountered,18
strikes,8
conceiving,1
nejdl,3
attracts,5
solicited,4
namely,35
complemented,1
glimpse,19
distant,56
anthology,6
criticism,7
companion,31
sourcebook,1
fans,10
critics,13
philosophers,2
anthropologists,1
writings,13
stunning,3
journalists,18
rhythms,3
rant,2
rave,2
sweat,4
tears,6
acts,14
springboard,1
fourteen,3
counterpoint,1
surrounds,5
inevitably,3
manuscripts,10
folders,26
lively,5
erudite,1
relation,56
converged,5
weaves,3
explicit,77
indexical,1
reconfigure,9
regain,7
cheap,27
protean,1
reminds,16
forget,37
looks,169
epochs,2
nineteenth,2
centuries,11
reconstructions,5
reconfigurations,6
geology,4
apparent,24
discontinuities,4
cybernetics,35
packaged,3
permit,17
traffic,139
biodiversity,4
meanwhile,13
excludes,8
modes,46
portable,120
pedestrian,20
japanese,45
misa,5
matsuda,1
keitai,5
translated,15
evokes,3
intimacy,2
portability,7
accessory,1
enthusiastic,12
anime,3
manga,1
sushi,15
trendsetting,1
incorporation,7
domestication,1
beginnings,5
pager,2
contrasting,7
escapist,1
suggest,87
tele,7
cocooning,1
tight,85
knit,2
manners,2
copier,1
technicians,3
housewives,2
fixture,3
pop,34
vocabulary,6
primer,6
catalyst,19
schemas,9
resistance,30
spectacularly,1
manipulates,1
disembodied,1
rationality,3
phenomenological,3
heidegger,1
wittgenstein,1
primacy,1
tangible,22
workgroups,2
autonomous,197
productively,5
sophisticated,53
ecologies,2
vicki,2
rhetoric,3
falls,15
extreme,182
uncritical,1
blanket,5
rejection,12
claiming,15
interrelated,5
hospitals,28
commitments,9
seventeenth,5
mortality,20
causes,54
death,78
fainted,1
bath,26
frighted,1
itch,1
africans,2
apartheid,4
asian,27
colored,70
separation,65
washables,1
scaffolding,1
africa,19
viruses,36
tuberculosis,7
invisibility,2
invisible,28
historian,4
highway,8
zoning,1
valorizes,1
silences,1
classifications,9
regions,188
consciousness,20
necessitates,7
guiding,23
naturalistic,1
1920s,1
soviet,7
fruitfully,1
mentally,6
physically,29
handicapped,3
ergonomics,2
geophysics,2
1920,8
1940,7
codified,1
confines,5
construing,1
enviable,1
niche,8
devised,10
seemingly,29
origins,19
peregrinations,1
patent,107
court,11
1993,249
asks,149
solved,194
concentrates,8
dialog,14
wahlster,2
1989,104
attracted,19
evident,10
realized,98
disposes,1
assumptions,63
exploited,8
pertaining,5
prominent,32
lying,20
exploitation,10
shortcomings,12
coherency,1
wherever,8
prefaces,1
benutzermodellierung,1
dialogsystemen,1
informatik,11
fachberichte,1
subreihe,1
nstliche,1
intelligenz,1
1986,44
gradually,18
beliefs,12
incoherent,1
lacks,9
precise,98
karel,3
robot,39
gentle,5
pattis,9
comprehension,7
invariants,21
recursion,23
campaigns,14
understood,29
simultaneously,40
educate,8
interdisciplinarity,2
partnership,55
advocates,17
cerebral,3
palsy,2
preterm,9
babies,3
fuller,10
locating,5
fixing,7
confined,12
customizable,77
syndrome,15
saving,45
edison,8
freelance,2
mystical,1
fish,20
aquatic,3
outgrowth,1
raytheon,4
northrup,2
grumman,8
nokia,12
mirth,3
hitachi,340
societies,27
thailand,30
zambia,1
locales,1
formed,357
housed,15
thereafter,5
traced,32
refers,45
webdav,6
befitting,1
cornerstones,2
considerably,11
surprise,25
pearls,6
bentley,3
addison,66
rationalizing,1
berg,19
treatise,3
berger,5
luckman,1
anchor,7
1967,10
buildings,56
stewart,29
penguin,18
reprint,3
mythical,5
man,128
brooks,9
seely,5
cartography,20
ontology,28
bryant,3
levi,7
butin,1
palgrave,2
macmillan,4
cline,2
ernest,7
broadway,6
bolla,1
fordham,1
perigee,1
graphesis,1
drucker,3
johanna,5
remixed,1
erickson,67
oppressed,1
freire,2
paulo,15
1970,15
gallison,1
literacy,44
trade,47
ghosh,39
rishab,2
flood,8
gleick,4
vintage,3
grier,4
simians,1
cyborgs,1
haraway,1
donna,8
routledge,2
turing,23
enigma,2
centenary,2
hodges,1
breakthroughs,14
keeley,3
larry,37
walters,1
pickkel,1
quinn,2
wiley,26
kelty,1
krippendorff,1
klaus,1
crc,19
lawson,2
cyberspace,34
lessig,1
0002,7
unlocking,10
clubhouse,1
margolis,2
stuck,22
counterfeiters,1
capitalists,5
mihm,1
slater,1
bloomsbury,2
norman,52
weapons,5
destruction,15
increases,48
inequality,36
threatens,2
democracy,11
neil,51
crown,4
mistakes,7
interpretation,64
paget,1
marianne,2
pronouns,6
pennebaker,1
piketty,1
goldhammer,1
arthur,34
belknap,1
segaran,1
toby,3
reilly,8
shneiderman,1
plaisant,1
enlightenment,3
siskin,1
cliff,12
warner,1
tradeoff,14
solove,1
crossing,228
speth,1
gustave,1
sterling,3
bruce,28
spectra,12
actions,101
suchman,1
lecky,1
cengage,1
envisioning,6
tufte,1
vinge,1
vernor,1
tor,1
reissue,1
vygotsky,1
fourteenth,2
drug,82
winn,1
mary,55
elena,17
agapie,7
iftekhar,96
ahmed,122
yunan,49
roderic,31
crooks,50
malek,62
daye,1
sean,56
zimmermann,12
krone,3
martins,16
navarro,3
infinite,167
competitors,12
gets,155
touches,38
knowhow,1
forefront,30
redefine,7
bold,44
visions,4
quantified,43
equally,128
unison,2
attest,1
nowhere,5
interim,11
yunanc,3
0959,2
6099,9
5056,9
5019,13
3440,5
foreseeing,2
curated,19
pioneered,11
billions,27
amberpoint,2
angstro,2
avast,5
lse,2
lifelock,2
emotive,2
zad,2
forte,4
microsystems,7
nomimum,2
akamai,4
numecent,5
pluralsight,2
nasdaq,7
ingres,2
silk,5
vantiq,3
zenographics,3
marvell,2
zybooks,4
commercializing,7
actavalon,2
arris,2
celera,2
immunent,2
spiffy,2
vicara,3
verdezyne,2
gbiv,2
679,92
2972,7
apachecon,4
auspices,4
hyperware,2
packages,119
dominates,14
favorite,2320
rationale,30
specs,8
identifiers,41
2396,6
1808,28
2616,6
2145,8
2068,16
1945,21
taskforce,12
money,99
buy,61
libwww,33
ada95,6
perl4,4
momspider,11
owner,44
infostructures,7
wwwstat,3
httpd,10
bored,4
odd,77
conceived,12
zealand,14
schooling,30
auckland,16
father,25
yank,4
reed,16
maori,2
kiwi,3
irish,4
scottish,2
bum,2
vita,2
tim,124
berners,30
consortium,37
tr100,3
visionaries,5
judges,31
greatest,18
linuxworld,2
betting,5
hearts,8
obscure,20
rails,22
naval,29
basketball,14
softball,2
football,29
fishing,12
quotations,5
firefly,3
breath,17
buffalo,19
wintertime,3
shadow,23
grass,8
loses,14
sunset,6
crowfoot,3
1890,3
blackfoot,3
warrior,6
orator,3
rover,2
antithesis,2
dogs,20
straw,2
sociological,11
fable,4
underlined,8
recurring,11
aimlessness,2
hither,2
yon,6
grasping,10
eludes,2
clifford,7
simak,2
1952,8
intellect,7
ears,17
imagination,32
ackerman,4
rosenblum,7
editions,6
column,63
viewing,158
abstraction,105
configurations,78
deriving,6
standardizing,3
conclusions,36
stateless,29
layered,138
derivation,25
connectors,39
referenced,9
frequent,30
copying,54
owns,8
umi,1
microfiche,1
hereby,5
whoever,6
usual,63
excerpts,4
thereof,6
reproduction,11
separately,29
adjustments,9
initials,1
anchors,5
subsection,21
errata,9
permanently,32
frozen,13
metametadata,1
subheadings,1
garlan,19
formalizing,5
319,108
364,123
appeared,120
timeless,3
oxford,16
ishikawa,2
silverstein,1
jacobson,2
fiksdahl,1
1977,25
16th,106
sorrento,8
interconnection,6
portland,23
notices,17
andrews,4
anklesaria,1
gopher,10
1436,3
barrett,4
tarr,2
378,80
421,53
bass,6
clements,9
kazman,5
batory,1
coglianese,1
shafer,1
tracz,3
adage,4
avionics,4
aiaa,1
cailliau,5
groff,3
innsbruck,1
pollermann,1
meckler,1
westport,1
annecy,1
france,132
sep,157
barker,3
assorted,5
archived,47
19921103,1
workingnotes,1
1630,3
luotonen,4
frystyk,5
nielsen,10
masinter,7
mccahill,1
locators,5
1738,10
connolly,2
markup,12
1866,10
bernstein,36
birrell,1
nelson,17
1984,37
boasson,2
artistry,1
221,127
mazer,1
meeks,1
transducers,2
539,65
548,66
buschmann,5
meunier,3
coplien,6
schmidt,33
eds,57
343,104
rohnert,1
sommerlad,1
stal,1
ltd,67
england,22
cagan,1
softbench,2
qeneration,1
hewlett,6
packard,7
cameron,11
jsd,2
240,61
chin,14
chanson,1
clark,10
tennenhouse,1
sigcomm,10
philadelphia,26
208,147
idioms,2
shelf,23
wais,4
deremer,1
kron,1
1976,28
nitto,2
adls,4
induced,172
isdn,8
193,155
204,131
oreizy,8
gettys,7
mogul,6
leach,5
obsoletes,2
icse,133
limerick,14
ireland,27
407,57
416,81
flanagan,2
sebastopol,2
nutshell,6
hallam,1
baker,95
hostetler,1
sink,9
authentication,250
digest,33
2617,9
freed,8
borenstein,1
multipurpose,7
mime,22
bodies,56
2045,6
klensin,1
postel,3
2048,20
fridrich,1
helix,4
fuggetta,4
picco,4
vigna,1
342,82
361,83
gamma,101
helm,6
vlissides,2
reusable,8
ilias,1
shaw,44
ambriola,1
tortola,1
ockerbloom,2
orleans,62
269,121
274,95
monroe,2
wile,1
acme,50
cascon,2
ghezzi,2
jazayeri,1
mandrioli,1
prentice,5
glassman,1
relay,91
173,158
goland,1
faizi,1
authoring,26
2518,4
nbaek,1
trigg,2
dexter,1
pfleger,1
lalanda,1
morignot,1
balabanovic,1
288,100
301,97
heidemann,1
obraczka,1
transport,209
616,45
630,13
holtman,1
mutz,1
2295,4
inverardi,2
wolf,33
373,84
386,85
iso,38
iec,8
jtc1,5
sc21,1
wg7,1
itu,1
901,43
10746,5
condensed,904
webb,31
saam,2
barbacci,1
klein,35
carri,1
woods,6
kerth,2
cunningham,17
upgrading,9
tls,5
2817,7
krasner,1
pope,5
cookbook,1
controller,42
smalltalk,5
1988,93
kristol,1
montulli,2
2109,15
kruchten,1
tayer,2
grammars,14
521,70
533,63
loerke,3
nostrand,1
reinhold,1
203,152
218,96
luckham,2
kenney,3
augustin,1
vera,6
mann,16
rapide,2
336,105
734,51
altis,1
proxies,8
147,185
154,162
maes,1
oopsla,3
orlando,25
155,147
magee,3
dulay,1
eisenbach,1
kramer,9
5th,134
esec,25
sitges,2
spain,48
137,229
manola,1
maurer,16
hyperwave,1
harlow,1
maybee,1
heimbigner,1
osterweil,1
multilanguage,1
jointly,32
zurich,34
switzerland,67
mockus,2
herbsleb,2
263,120
272,94
kompanek,1
melton,1
moriconi,1
riemenscheider,1
refinement,41
356,103
372,100
baird,17
prud,1
hommeaux,1
lilley,2
css1,1
cannes,2
2774,7
penny,26
blackboard,6
magazine,124
107,284
rev,186
soley,1
stone,34
corba,7
omg,3
unpublished,6
manuscript,32
padmanabhan,1
parnas,5
ifip,43
ljubljana,12
1971,7
339,89
344,91
1972,22
1053,5
1058,9
103,301
contraction,7
104,313
modular,31
259,111
266,97
106,250
reynolds,31
telnet,6
std,19
854,29
959,21
108,317
pountain,1
szyperski,1
byte,11
109,271
prieto,1
diaz,47
307,83
334,76
purtilo,1
polylith,2
bus,38
174,161
111,368
architects,16
monty,2
circus,4
episode,35
dead,29
architec,1
rasure,1
spie,46
1659,7
reiss,1
114,274
360,83
sandberg,4
goldberg,12
kleiman,1
walsh,3
lyon,13
filesystem,295
usenix,68
119,245
130,161
encapsulation,13
198,150
abstractions,63
128,829
118,221
deline,1
ross,13
zelesnick,1
335,85
120,256
boxology,1
compsac,2
sinha,33
sollins,1
1737,9
spero,1
metalab,1
unc,11
mdma,1
prob,53
126,209
sullivan,23
notkin,2
reconciling,1
268,96
renesse,2
419,59
470,15
robbins,4
nies,1
dubrow,8
390,9
406,86
tephenhart,1
cusick,3
topology,167
dssa,6
umar,4
vestal,1
metah,2
honeywell,1
waldo,6
wyant,1
wollrath,1
smli,1
christiansen,1
schwartz,3
135,207
fusing,3
wolman,2
voelker,1
sharma,200
cardwell,1
landray,1
pinnel,1
karlin,1
levy,14
usits,1
zimmer,9
345,107
138,208
osi,2
432,59
somewhere,31
desire,44
somehow,56
breathtaking,1
christopher,103
idealized,7
preexisting,3
validated,13
attempts,41
minimize,53
maximizing,27
placing,54
connector,43
substitutability,4
intermediaries,23
thereby,34
induce,24
elaborates,4
fail,49
likewise,32
correspond,45
spite,10
retained,1
backwards,19
amenable,4
lesson,28
systematically,12
dominated,56
grain,42
requests,785
elaboration,2
replacement,78
tokenized,1
losing,16
desirable,29
wireless,238
motivate,13
consisting,54
broadcast,37
violate,13
mosaic,18
ncsa,8
assumed,30
spiders,2
readily,18
amok,1
standardize,6
standardization,13
teamed,8
henrik,4
communicating,40
iteratively,10
revisions,1916
misinterpretation,1
behaves,5
rendered,38
optimum,10
simplest,25
element,209
urn,4
unchanged,7
manipulating,19
redefinition,1
instructed,2
suggests,59
imply,31
identifier,34
corresponded,1
intending,4
solely,24
naming,18
premise,3
infrequently,3
intend,19
accomplishes,3
intends,11
shadows,11
manipulated,11
derives,6
interconnected,14
vague,9
decide,68
hiding,36
manipulation,40
whatever,52
authority,23
accessed,40
disadvantage,11
straightforward,8
retrieved,19
namespace,173
inode,5
associating,9
bind,20
handler,6
singular,14
servlets,5
versioning,4
receives,222
traversal,16
selects,9
grows,28
decides,10
xos,1
freebsd,1
correctly,97
binding,5
mentioned,136
assigning,24
populating,4
whatsoever,2
merely,26
conduit,3
essence,22
compose,25
prevents,12
obey,3
constraint,90
ignorance,13
violates,6
avoided,14
standardized,47
alone,75
insufficient,88
authorities,12
ids,23
hyper,15
violating,6
ineffective,10
undesirable,8
occurs,62
redistributing,1
duplicated,1
replicating,9
selectively,9
edges,772
conservative,14
subjected,9
interoperable,8
subset,188
motivating,7
deploying,26
separating,38
tcp,20
distinguishing,18
grained,33
extensibility,20
gradual,7
sender,13
gross,18
indicating,34
incompatible,9
interpreted,27
intermediary,23
prevent,70
forgetting,10
compatible,19
commence,2
namespaces,671
differing,12
bound,362
schemes,40
charset,1
tackled,5
signified,2
standardizable,1
contradiction,7
forwarding,32
signifying,3
calculation,34
whereas,28
precondition,1
rule,120
interpreting,36
harming,1
decimal,5
provisional,3
399,69
499,104
599,66
x00,1
anticipates,2
fear,14
adverse,11
reactions,54
upgrade,180
advertise,8
willingness,6
selective,36
desires,7
responds,5
upgraded,16
constrains,3
syntactically,3
encodings,6
worst,125
exceeded,10
reject,38
isp,6
inherited,3
preferring,2
outermost,3
determining,88
layers,113
failing,29
outer,80
encoding,23
innermost,1
poor,77
confusion,19
faults,25
transferability,2
implying,3
globbing,1
parsers,1
closing,20
condition,156
erroneous,14
redefined,3
chunked,2
delineated,3
chunks,5
trailers,1
tendency,6
restricts,4
lowest,44
denominator,33
avoid,89
pdas,2
adjusting,11
tries,44
fooled,1
etag,2
1kb,4
negotiability,1
negotiable,4
substantially,17
increased,68
disregarding,1
cached,13
normally,31
supposed,27
claims,37
printer,15
configuring,7
rarely,32
reactive,34
negotiated,3
variants,48
interfering,5
caches,24
initiating,5
resolved,51
internally,8
outbound,4
perceived,40
congestion,8
encapsulating,5
mget,1
mhead,1
multipart,3
rejected,26
violated,6
delimited,9
doubles,9
complicates,4
denying,2
alive,17
directive,4
settled,11
retrievable,2
rare,46
differentiating,5
weakness,8
appliances,4
orthogonal,100
corrupted,5
stale,3
interferes,2
marked,37
cookies,288
inappropriate,12
contradict,2
cookie,45
opaque,27
expires,5
token,38
subsequently,24
reflected,22
misrepresents,1
sufficiently,27
concern,31
referer,1
browse,228
judicious,4
unbounded,80
basket,8
exceeds,14
reasonable,56
mixing,20
checks,90
anticipating,4
workarounds,5
unsafe,1
digests,2
commonality,2
assumes,15
postal,4
carriers,33
wrap,45
packaging,3
containers,110
lossy,12
corrupting,1
breaks,15
verbose,8
tie,20
invoked,7
ordering,139
asynchronous,14
multicast,14
situation,276
modeled,29
cern,80
consisted,5
ebuilt,3
wwwhttp,1
ftp,59
blown,4
mccool,3
supercomputing,1
stalled,2
webmasters,2
bug,188
patches,55
volunteers,73
cop,7
acting,24
subjecting,2
regarded,8
netcraft,2
surveyed,14
coincidence,7
explorer,15
surpassed,2
netscape,14
navigator,23
reached,31
hierarchies,22
distinguishes,14
symbol,35
someone,106
dirty,10
obeys,1
forked,2
folks,28
wire,2
communicated,9
bounded,413
baggage,4
genericity,1
preferred,47
blaming,2
breed,4
orb,4
iiop,5
supplies,25
directionality,2
locaterequest,1
expressed,62
idl,11
spec,2
differentiates,3
routers,6
rpc,9
mistakenly,1
invoking,6
passes,30
waits,4
invocation,10
rmi,4
brokered,7
adds,52
indirection,4
tricks,9
basically,53
originate,7
anarchically,1
firewalls,16
firewall,57
misguided,1
defeat,2
unusual,38
immune,7
beset,2
violations,33
misplaced,1
frames,47
subwindows,1
subwindow,3
indistinguishable,8
workspace,52
exits,5
themself,2
wedged,1
subcontext,1
informing,3
interference,11
processed,47
hints,46
renderer,1
displaying,18
malformed,3
parse,9
favor,17
applets,38
notoriety,2
livescript,1
derided,1
certainly,71
outspent,1
intrinsic,31
discrepancy,44
novice,5
visibility,70
questionable,3
downloading,17
installed,93
prototypical,8
slate,8
whiteboard,44
incrementally,17
harmony,7
restraint,1
depict,4
graphically,3
simplifying,27
induces,7
eases,4
recovering,13
repetitive,6
implicitly,13
labeled,72
cacheable,13
eliminate,21
portrayed,4
rudimentary,3
relied,13
hughes,10
begun,23
generality,24
simplified,30
encourages,13
evolvability,9
degrades,7
constraining,8
restricting,11
substrate,10
encapsulate,8
offset,24
pipe,29
encompasses,12
gains,29
suffers,14
disadvantages,14
downloadable,66
disabled,37
depicts,12
examined,19
encapsulated,5
anticipated,17
vastly,4
approximated,28
summarized,17
jpeg,6
alternates,2
weather,56
entity,197
precisely,47
temporally,9
realization,44
referring,16
artificially,5
removing,69
validity,17
relying,19
centralized,16
anathema,1
proportional,53
ephemeral,15
moves,71
disappears,3
occasion,18
parameterize,1
override,3
composite,11
enclose,10
manages,30
responsiveness,6
nsapi,1
resolver,4
lookup,22
tunnel,57
socks,2
ssl,23
removes,17
rearranged,16
reusability,12
viewpoint,49
batch,34
initiates,5
listens,4
reused,6
repetition,7
repeating,16
crowds,22
arranged,42
hierarchically,12
backbone,12
cacheability,3
inter,57
hostname,101
transient,7
resolvers,1
relays,3
switches,21
terminate,3
squid,1
cgi,6
gauntlet,1
lynx,4
govern,7
translation,73
enhancement,43
imposed,13
illuminating,7
eliciting,4
revealing,15
obscured,2
bidirectional,7
susceptible,8
destinations,5
existence,183
configured,25
annotation,53
restrict,13
sacrifices,1
invoke,5
mailto,25
cohesive,1
dictionary,38
touring,2
reviewing,34
measured,69
bulk,37
eliminating,22
buffered,9
reaches,9
ancillary,2
sheets,27
burstiness,1
considerable,13
resides,6
obtaining,105
negotiate,2
perceptively,1
sends,37
freeing,11
prefetching,1
bookmarks,3
dialogs,1
surprisingly,30
spider,4
patrolling,3
devote,4
jigsaw,6
inspection,15
webnfs,1
exclude,13
invalidates,5
predefined,7
parallels,1
ebi,14
push,98
pull,111
unregulated,4
infeasible,14
nominally,4
emitting,5
receipt,4
enforce,14
hypothesize,7
terminals,17
workstations,10
supercomputers,1
hodge,1
podge,1
ranged,6
voluntary,5
incorporated,22
temporarily,28
napkin,30
sake,6
interactively,4
forever,16
perfectly,23
trips,20
geographical,16
dispersion,4
interconnecting,2
suppliers,4
cope,8
anarchic,6
implicit,54
openly,6
unanticipated,7
maliciously,2
pointers,89
newsworthy,1
spikes,3
inspect,3
acted,5
safe,113
adversely,4
newer,42
orderly,1
dorms,1
fanatic,3
irresistible,1
elated,2
outpace,1
worsened,1
hoc,25
occasionally,30
contradictory,2
charter,3
destroy,12
lacked,3
interoperated,1
instantiated,6
severe,26
conducive,3
proposer,1
told,78
msie,1
discourse,9
suggested,38
revising,4
behave,31
imagined,11
proving,33
evaluates,10
conform,15
excluded,19
opportunistically,1
distributing,6
polling,27
illustrating,17
declare,15
minus,11
symbols,31
accumulate,2
simplification,28
classified,40
upf,3
thread,64
upstream,1
downstream,2
khoros,1
advantageous,8
hooked,5
verifiability,4
propagation,24
arranges,1
activation,477
configurability,8
operational,58
stdin,2
stderr,4
illusion,5
filesystems,5
disconnected,17
intentional,3
roaming,4
savings,22
transparently,2
unnecessary,23
propagate,7
fetching,2
slightly,88
rda,3
desiring,1
rejects,2
trigger,6
serviced,1
reacts,4
terminating,1
inner,40
mediator,3
tiered,4
prohibitively,4
handled,19
nfs,81
ancestral,3
maximize,80
invokes,3
exiting,1
mimics,1
centrally,25
allocates,4
transmitting,6
lacking,9
decreases,24
destination,58
comprehensively,3
negligible,6
standpoint,6
cod,11
lcodc,4
interpreter,3
happen,141
consequently,11
executes,8
sheltered,2
customizability,5
killing,7
interfere,12
hotjava,1
exhausting,1
dynamism,2
midst,4
presumably,15
wishes,23
bdo,2
listen,47
affecting,19
immediately,66
storms,1
delivery,88
ameliorated,1
understandability,4
exchanging,6
enforcing,3
sole,13
intercomponent,1
loose,5
routing,73
broadcasting,9
heavyweight,1
encapsulates,2
collectively,11
keeping,53
invocations,2
isolate,3
odp,1
fare,3
promotes,11
qualities,29
disappear,11
none,151
informally,4
grouping,86
lumping,1
rubric,4
tabular,106
axes,47
taxonomy,85
thumb,3
mixes,7
obscures,1
granularity,13
separates,15
heartbeat,3
echo,58
bag,54
cooperating,2
suites,5
extent,42
conversely,19
reusing,9
subsystems,2
aesop,1
ordinary,32
satisfiable,1
preserve,37
representable,1
offs,15
obviously,81
notoriously,3
sprung,2
objectives,27
moot,10
remainder,10
traversing,13
counteract,1
weight,245
fiddle,1
textbooks,20
regards,55
attributes,288
amortization,3
bandwidth,107
stimulus,5
transmit,5
aforementioned,13
degrading,1
versa,25
fly,13
buffering,2
unacceptable,8
cares,17
essentially,55
framed,4
wan,18
decentralizing,1
evenly,32
peaks,4
lump,1
modifiability,4
stopping,15
restarting,5
coexist,2
negatively,25
recover,30
exemplified,4
infrequent,3
exemplifies,5
mediate,5
inspected,1
redundancy,8
recoverable,5
overlooked,7
sustain,8
initialization,8
shutdown,30
transformers,10
locus,18
clarified,3
decomposition,164
explicated,1
elaborated,4
constituted,1
illustration,11
blueprints,2
burned,3
walls,47
roof,5
intact,17
exceed,11
bearing,7
stability,29
explicates,1
decay,50
degradation,19
glue,13
prevalent,14
correspondence,24
diagrams,263
incapable,6
adequately,9
determinant,26
insofar,1
discerned,3
mediates,2
vaguely,8
subsystem,8
labelled,4
criticizes,2
suggesting,20
marshalled,1
serialized,1
recorded,57
clock,22
interacted,4
speaking,23
legitimate,6
obtains,6
configurable,15
superset,1
conforms,1
embodies,4
categorizing,3
ignoring,15
concentrating,10
conventions,8
interpret,39
silver,32
bullet,7
sensitivity,47
etymology,5
devotes,1
denigrating,1
stylistic,1
ego,44
ruler,7
attaining,1
recast,1
specifics,4
deviated,4
repeatedly,50
oopl,1
conflicting,8
safeguards,4
peak,30
graceful,2
doubt,35
concentrated,6
tend,39
atam,1
arrow,20
automobile,12
cruise,9
tepfenhart,1
taxonomies,9
kits,3
oma,1
ais,6
missile,1
adl,19
darwin,5
unicon,4
composing,8
wright,12
c2sadel,1
interchange,5
claim,84
formally,34
cham,14
formalism,17
chemicals,6
stated,28
unclear,10
simulating,21
simulator,32
ordered,633
conformance,1
concluded,25
excuse,18
knives,2
gent,3
palin,4
predicted,35
focal,23
necessitated,1
componentized,1
partition,208
vacuum,14
guideline,10
hundreds,46
funny,20
cited,58
absurd,2
flats,6
apartments,1
slaughterhouse,2
tenants,1
whisked,1
hallways,1
rotating,43
hyperbole,1
ridiculous,2
fad,8
buzzword,2
junction,22
categorization,6
objectively,11
architecting,3
arose,12
deviate,2
125a,1
adc,3
kentrox,1
prc,3
megadyne,1
transmax,1
refereed,8
referees,9
geneva,12
secrets,5
grudin,1
springer,695
verlag,40
lncs,7
896,28
stackable,1
utilities,16
webmaster,16
convention,4
webnet,2
honolulu,23
autumn,4
twist,18
licensing,21
folsom,1
websoft,1
irus,2
sett,1
wired,37
www5,2
paris,39
bart,11
palo,18
alto,18
34th,38
danvers,1
starter,2
webworld,1
31st,46
bof,2
curtains,2
birds,4
www4,1
www2,2
associations,17
groupware,1
siggroup,1
appaloosa,1
regent,1
golden,59
dick,11
convinced,25
dave,74
raggett,1
rohit,6
laliberte,1
thoughtful,10
conversations,30
trailblazing,4
neno,3
hilbert,29
deserve,5
phenomenon,63
ari,3
sanders,7
plexus,2
pellow,1
viola,2
midas,1
andreessen,1
bina,1
oscar,10
nierstrasz,1
martijn,2
koster,2
gisle,1
aas,26
cheers,24
thau,15
shambhala,1
gaudet,1
alexei,16
kosut,1
founders,14
behlendorf,1
hartill,1
robinson,14
skolnick,1
terbush,1
lindsay,6
phil,23
manna,1
defending,7
lenardson,1
charlie,1
bunten,1
lavoie,1
dailing,1
greg,94
clay,7
hitomi,3
kammer,2
airforce,3
materiel,1
usaf,1
f30602,1
0021,8
reprints,1
notwithstanding,4
thereon,1
endorsements,1
kathleen,11
encouragement,6
patience,7
peace,30
waves,60
shore,4
lake,21
windblown,1
towns,5
stretched,4
meadow,2
isr,20
emphases,3
notably,29
xadl,1
dated,1
establishment,16
andre,21
fose,1
widespread,24
supervising,1
willson,1
ncsoft,1
lsoe,1
technologist,3
booz,1
hamilton,15
troup,1
patrick,17
holly,6
hildreth,1
blue,71
officer,29
cdo,1
bitvore,1
robb,1
klashner,1
ngstr,2
girish,1
suryanarayana,1
siemens,5
deputy,9
cio,8
georgas,1
hazel,1
asuncion,3
bothell,2
justin,28
erenkrantz,1
hendrickson,1
yongjie,1
marcos,6
leyna,1
cotran,1
waymo,1
alegria,3
baquero,4
zocdoc,1
gorlick,1
endorsement,3
monica,8
coby,5
bassett,4
mediums,7
youngest,5
compensation,8
finest,3
jpf03670,1
impaired,11
postsecondary,3
luong,3
liebetrau,6
insite,1
braham,2
bridgette,1
sandy,30
irani,45
sparked,12
tvi,1
iusd,1
accesscomputing,2
giudice,6
maine,4
delving,10
guy,36
pretty,96
sighted,8
nonvisual,1
multisensory,2
convey,26
blindness,3
magnification,1
tactile,12
conflated,1
fallacy,2
guidice,1
arcos,3
cassidy,4
arlene,4
fuentes,3
drama,6
campbell,9
rutherford,3
arranging,7
nemeth,2
demonstrations,28
braillenote,1
mathtype,2
spoke,26
ipad,7
stylus,1
ios,13
likes,38
underscoring,3
smooth,96
accommodations,5
branch,32
emphasized,38
fluent,5
sooner,24
panelist,24
stressed,9
interdependence,8
breakout,11
wrapped,3
remarks,27
mina,1
lamarra,1
khanh,4
nancy,71
dtei,4
dash,10
consultations,2
remediation,5
captioned,1
jenna,1
abrams,1
edsurge,18
tiktok,6
gizmodo,5
romper,5
literally,21
roblox,9
psych,6
teen,5
optimize,66
anxiety,18
cision,4
prweb,6
wellbeing,47
rho,63
hashtags,10
christie,5
cullen,16
techmakers,5
racial,19
diaries,10
quoted,137
bots,4
beating,8
dunkel,24
tsudik,37
icccn,5
unites,9
muhammad,31
twaha,16
ibrahim,23
donate,437
682,128
iris,27
1936,9
hungary,13
wine,65
vinho,6
verde,6
portugal,25
physicochemical,16
cortez,13
www3,5
dsi,7
uminho,5
pcortez,5
breast,77
569,86
adult,55
84k,47
portuguese,9
banking,17
deposit,11
21k,11
meters,29
morocco,21
electricity,49
youne,39
boujdour,39
marrakech,48
foum,39
eloued,39
variations,85
fluctuations,31
loads,11
amperes,10
kilowatts,10
gallstone,31
outpatient,7
ankara,15
diagnosed,25
demographic,35
bioimpedance,15
ethically,10
4632,14
height,155
bmi,8
extracellular,8
intracellular,9
muscle,12
fat,60
visceral,7
hepatic,8
glucose,12
cholesterol,8
hdl,7
ldl,7
triglycerides,7
ast,7
creatinine,7
gfr,7
crp,7
hemoglobin,8
vitamin,10
preprocessing,39
beed,36
bangalore,150
epilepsy,33
epileptic,9
seizure,40
neurological,17
electrode,11
256,728
segments,191
seizures,17
blinking,8
nail,16
staring,8
comprises,23
x16,8
recgym,28
gym,56
workouts,57
capacitive,29
sensors,424
capacitance,17
wrist,11
pocket,28
calf,12
twelve,35
eleven,13
adductor,10
armcurl,10
benchpress,10
legcurl,10
legpress,10
riding,12
ropeskipping,10
squat,10
stairsclimber,10
lasts,15
workout,14
43m,9
abstracts,45
14k,4
autoimmunity,24
rdkit,13
numerical,92
drugs,25
predictive,83
autoimmune,10
facilitates,22
interpretable,18
toxicity,39
toxicology,10
477,73
195,443
cml,144
governing,12
refuse,3
alert,23
properly,33
beacons,9
gif,65
viewer,45
beacon,7
conversion,38
personalize,12
clicked,4
visitation,4
advertisers,8
thenai,2
observing,41
scrolls,3
voluntarily,3
optionally,16
attribute,81
donated,155
edits,8
updating,21
revise,14
discretion,8
dealings,3
desc,89
pirvision,25
fog,45
occupancy,36
electronically,20
chopped,8
infra,26
residential,20
fov,8
lattice,295
pwr,9
fuel,41
neutronics,11
multiplication,36
pin,26
peaking,2
pppf,4
enrichments,6
nuscale,4
us600,2
nfac,4
fsar,2
computed,95
mcnp6,2
nuclear,97
reactor,22
criticality,11
uniformly,31
235,126
rod,2
eighth,13
symmetry,230
24k,2
gas,121
metal,90
oxide,35
semiconductor,41
concentrations,36
ppb,2
tagged,95
gps,72
26m,3
rows,255
14262517,1
005,86
weekday,1
sunday,34
spline,24
nathaniel,8
helwig,11
yizhao,2
shaowen,2
worth,216
contiguous,32
longitude,7
latitude,22
timestamps,4
yyyy,9
assign,54
zones,17
cybergis,1
20130112000000,1
cst,7
timezone,1
eastern,22
mountain,52
179,137
ucimlrepo,192
pip,72
import,191
fetch,198
ucirepo,128
1050,5
pandas,69
cite,211
15374,5
doi,1336
24432,122
c5rs5j,2
apa,64
creators,74
commons,64
attribution,327
leilei,6
fengchun,2
junhui,1
hantao,1
zhiyuan,4
instrumentation,26
gsalc,2
csv,64
concatenated,3
tgs2603,2
tgs2630,2
tgs813,1
tgs822,1
2m012,1
vocs,1
2sh12,1
900th,1
1800th,1
gases,6
ethanol,16
acetone,1
toluene,1
ethyl,2
acetate,1
isopropanol,1
hexane,1
50ppb,1
100ppb,1
200ppb,1
baseline,55
injection,16
1hz,1
595,47
1081,7
9247,10
c5ck6f,2
fengchuntian,1
cqu,3
chongqing,10
leileizhao,1
siyuan,3
siyuandeng,1
chemistry,160
24000,5
hyperparameter,8
hyperparameters,2
huu,3
tiep,3
hae,1
yong,66
jeong,11
kyung,2
doo,1
mung,1
ngoc,4
dao,7
hoai,1
hoang,6
anh,19
mai,43
inst,34
vietnam,15
atomic,99
vinatom,2
quoc,11
viet,7
cau,1
giay,1
hanoi,18
1091,8
7916,9
c5bk64,2
tiepngh,2
sejong,3
republic,45
15302,6
emad,32
din,3
pir,15
ambient,17
fahrenheit,2
vacancy,2
dataset1,1
dataset2,1
1101,13
6795,7
c56w5m,2
infrared,68
freeze,3
gait,35
emaad22,1
interdia,1
xiaojie,2
smiles,4
balabanj,1
bertzct,1
chi0,1
chi0n,1
chi0v,1
chi1,1
chi1n,1
chi1v,1
197,133
dia,4
trainingset,1
350,59
testset,1
chemdes,1
xlsx,3
158,161
1104,5
19054,5
c5332m,2
cheminformatics,8
huangxj46,1
mail3,1
sysu,1
jieyang,5
chemists,8
apistox,28
pesticides,6
honey,11
bees,9
mellifera,5
ecotox,5
ppdb,7
surpasses,8
incorporates,19
linking,50
bee,6
agrochemical,5
compounds,18
adamczyk,9
tox,5
04k,4
1035,5
molecules,147
jakub,4
poziemski,3
pawe,4
siedlecki,3
arxiv,1591
cid,2
cas,27
herbicide,1
fungicide,1
insecticide,1
ternary,3
moderately,3
995,29
1849,7
5281,9
zenodo,4
11062076,2
ecotoxicology,1
jadamczy,1
agh,2
krakow,3
biochemistry,9
biophysics,30
polish,11
mushroom,26
audobon,2
mushrooms,9
poisonous,13
edible,9
12k,20
abalone,17
18k,5
zoo,16
covertype,14
elevation,20
slope,22
hillshade,16
soil,33
581,100
01k,7
07k,1
jute,31
pest,11
beet,3
armyworm,3
hairy,11
cutworm,3
cricket,56
aphid,3
mite,8
semilooper,3
girdler,3
weevil,3
leaf,69
beetle,5
mealybug,3
pod,16
borer,3
scopula,3
emissaria,3
termite,7
odontotermes,3
rambur,3
yellow,23
palmer,23
penguins,26
islands,15
archipelago,4
antarctica,5
audiology,32
226,115
identifications,1
p200,1
t26,2
p165,1
p166,1
moderate,16
mild,38
airbonegap,2
bone,22
boneabnormal,2
bser,2
buzzing,2
dizziness,3
profound,17
absent,13
degraded,9
fluctuating,1
fullness,1
heredity,3
nausea,2
noise,65
ringing,2
roaring,3
vomiting,1
wave,81
cond,335
mod,45
notch,2
tymp,1
viith,1
nerve,14
waveform,3
itov,1
prolonged,2
indentifier,1
cochlear,12
fixation,5
poss,5
otitis,2
acoustic,12
neuroma,1
unk,3
ser,20
conductive,3
discontinuity,5
retrocochlear,1
bells,4
menieres,2
brainstem,1
4048,16
c5tp4r,2
antarctic,7
foraging,1
gorman,2
station,32
ecological,36
polar,11
opp,2
genus,70
pygoscelis,2
pal,2
lter,1
152,188
chinstrap,1
dimorphism,1
kristen,4
fraser,19
690,4
13214,5
c5r89w,2
acknowledgment,7
7235,11
tanvirul,2
islam,12
sadekur,1
iceeict,1
920,8
13595,5
c5289p,2
muhammad15,1
14364,5
diu,1
61068,1
schlimmer,2
61069,1
hypothetical,18
caps,6
353,87
edibility,5
nominal,6
metrical,2
shuffled,2
wagner,18
heider,3
hattab,3
cap,39
diameter,153
bruise,2
bleed,3
gill,23
attachment,11
spacing,37
float,28
conical,21
flat,241
sunken,4
spherical,43
fibrous,5
grooves,3
scaly,6
shiny,111
leathery,1
silky,3
sticky,5
wrinkled,1
fleshy,1
buff,10
pink,11
purple,9
bruises,5
bleeding,6
adnate,1
adnexed,1
decurrent,1
sinuate,1
pores,29
width,213
bulbous,2
swollen,1
cup,36
rhizomorphs,2
veil,17
ring,52
cobwebby,2
evanescent,2
flaring,3
grooved,1
pendant,2
sheathing,2
zone,61
movable,2
spore,4
habitat,3
grasses,2
meadows,6
heaths,1
waste,29
season,15
mushroomdataset,1
462,64
848,34
39744,1
c5fp5q,2
dwagner93,1
gmx,1
philipps,1
marburg,1
581012,1
cartographic,4
sensed,15
meter,15
usfs,2
geological,10
usgs,1
scaled,23
wilderness,7
roosevelt,1
disturbances,2
neota,3
elevational,3
rawah,3
comanche,3
poudre,4
spruce,12
fir,5
lodgepole,2
pine,14
aspen,6
ponderosa,2
douglas,40
cottonwood,2
willow,2
horizontal,60
hydrology,4
vertical,76
roadways,3
9am,8
3pm,16
fire,72
numerals,1
azimuth,2
horz,3
vert,2
roadway,1
solstice,3
soltice,1
wildfire,2
ignition,3
designation,8
krummholz,1
covtype,3
citing,24
annealing,6
jaschek,1
marko,1
bucyk,1
jaspreet,1
oberoi,2
weiyu,2
tianyi,10
liping,6
chang,56
chee,9
keong,1
kwoh,1
invariant,136
kempka,1
wojciech,2
kotlowski,1
manfred,2
warmuth,2
outliers,13
haikuo,1
61723,1
blackard,2
c50k5n,2
landcover,1
jock,1
611,79
grains,16
beans,10
61k,1
cammeo,15
osmancik,15
3810,4
morphological,16
81k,36
optical,194
digits,31
raisin,29
kecimen,6
besni,6
varieties,19
900,24
raisins,4
450,21
statlog,9
landsat,12
satellite,52
3x3,8
neighbourhoods,3
neighbourhood,7
defungi,2
mycological,1
microscopic,17
fungi,2
superficial,2
fungal,3
infections,8
yeasts,1
moulds,1
dermatophyte,1
cropped,7
11k,18
ajwa,22
medjool,23
organic,39
saudi,16
crafted,10
arabic,4
microcontrollers,2
tiny,30
shoulder,18
implant,10
manufacturer,14
597,70
implanted,4
prostheses,3
manufacturers,8
maya,8
stark,6
bidal,1
sfsu,1
alexbert,1
commonusshoulderprostheses,1
feeley,1
605,83
cofield,1
294,95
depuy,1
tornier,1
149,248
192,264
517,67
3581,5
c5f893,2
699,52
oncology,11
yugoslavia,7
lymphography,4
tumor,34
286,108
clinics,9
rural,24
bangladesh,17
poll,11
aging,30
npha,3
validate,14
sees,31
responded,15
714,94
ilpd,1
liver,11
cirrhosis,1
alcohol,7
hepatitis,5
obesity,12
pathology,6
marginalized,13
northeast,10
andhra,3
pradesh,3
biochemical,4
markers,14
albumin,1
enzymes,2
metabolism,3
583,132
nutrition,32
nhanes,3
administered,5
cdc,12
nutritional,5
respondents,2
extracting,28
lifestyle,87
hypothesized,9
29k,2
kidney,50
ckd,1
declines,1
kidneys,1
turnaround,3
offloaded,1
macbook,3
2133,10
mhz,2
lpddr3,1
1600,25
ddr3,1
virtualbox,28
raspberry,2
cortex,7
a72,1
offloading,45
alghamdi,5
anagnostopoulos,4
pezaros,4
tatdescriptiondataset,1
859,39
5133,8
c5n617,2
gla,1
christos,8
glasgow,5
fruit,8
pictured,4
embedders,1
ghassan,2
bati,3
pit,4
calories,1
kcal,1
vgg,2
1665258709072,1
squeeznet,1
417,107
297,129
879,43
5787,12
c5k908,2
gfbati,1
umm,2
qura,1
6435,16
coded,9
scene,143
resolutions,7
multispectral,2
radar,12
topography,7
onset,13
characterised,1
nasa,143
earth,147
commencing,1
mss,3
imagery,21
bands,32
80m,2
2340,1
3380,1
square,548
82x100,1
cotton,3
crop,17
grey,18
damp,5
vegetation,4
stubble,2
reconstruct,11
bottom,181
avoids,15
arises,17
straddles,2
attribute1,1
attribute2,1
attribute3,1
attribute4,1
attribute5,1
attribute6,1
attribute7,1
attribute8,1
attribute9,1
attribute10,1
sat,64
trn,1
513,73
tst,2
231,163
146,179
14337,5
srinivasan,7
c55887,2
ashwin,12
kuru,1
tanelerinin,1
makine,1
yapay,1
zeka,1
ntemleri,1
kullan,1
larak,1
fland,1
lmas,1
lkay,2
inar,3
murat,24
koklu,5
sakir,2
tasdemir,3
gazi,1
majoraxislength,4
calculating,22
minoraxislength,4
axis,155
longest,115
eccentricity,11
shortest,275
convexarea,3
ellipse,22
smallest,190
perimeter,73
ratio,122
850,7
40031,1
c5660t,2
ilkay,2
cinar,2
selcuk,8
mkoklu,1
stasdemir,1
planting,1
glassy,2
dull,5
calculates,6
circumference,36
regionformed,1
rices,1
arff,2
545,80
79489,1
c5mw4z,2
13611,5
multiclass,1
ilker,1
zkan,1
border,23
perpendicular,56
aspectratio,14
polygon,412
equivdiameter,1
solidity,2
convexity,33
roundness,3
calculated,29
formula,188
4pia,1
compactness,3
shapefactor1,1
sf1,1
shapefactor2,1
sf2,1
shapefactor3,1
sf3,1
shapefactor4,1
sf4,3
seker,2
barbunya,2
bombay,12
cali,2
dermosan,2
horoz,2
sira,2
drybeandataset,3
602,52
119609,1
c50s4b,2
breakdown,4
frog,5
girl,10
hair,17
feathers,2
eggs,7
milk,4
airborne,3
predator,2
toothed,2
breathes,1
venomous,1
fins,2
legs,9
tail,74
catsize,1
aardvark,2
antelope,2
boar,1
cavy,1
cheetah,1
deer,1
dolphin,1
elephant,6
fruitbat,1
giraffe,1
goat,3
gorilla,1
hamster,1
hare,4
leopard,3
lion,1
mink,1
mole,2
mongoose,1
opossum,1
oryx,1
platypus,5
polecat,1
pony,1
porpoise,1
puma,1
pussycat,1
raccoon,6
reindeer,1
seal,27
sealion,1
squirrel,2
vampire,1
vole,1
wallaby,1
chicken,4
crow,2
dove,1
duck,2
gull,2
hawk,4
lark,1
ostrich,1
parakeet,1
pheasant,1
rhea,7
skimmer,1
skua,1
sparrow,1
swan,4
vulture,1
wren,1
pitviper,1
seasnake,1
slowworm,1
tortoise,3
tuatara,1
carp,1
catfish,1
chub,1
dogfish,1
haddock,1
herring,3
pike,5
piranha,1
seahorse,1
stingray,1
tuna,1
newt,1
toad,1
flea,1
gnat,1
honeybee,1
housefly,1
ladybird,1
moth,1
wasp,2
clam,2
crab,3
crayfish,1
lobster,1
octopus,1
scorpion,1
seawasp,1
slug,1
starfish,1
worm,5
median,116
gael,9
beck,2
tarn,1
duong,7
mustapha,2
lebbah,1
hanane,1
azzag,1
hypergraph,10
songyang,1
zhi,1
shuguang,1
spyridon,1
mastorakis,1
chan,42
bongjun,1
afanasyev,1
lixia,6
charikar,1
vaggos,2
chatziafratis,2
rad,3
niazadeh,2
grigory,1
yaroslavtsev,1
gaifman,1
balc,1
azar,1
piceno,1
laura,56
rodr,2
iguez,1
navas,1
63385,1
forsyth,44
c5r59v,2
4177,6
cone,23
staining,2
rings,32
microscope,64
boring,14
ranges,94
dividing,24
infant,5
meat,4
shucked,2
viscera,2
gut,2
dried,2
187,111
custodes,1
auditable,1
sacha,1
servan,1
schreiber,1
ohrimenko,2
kraska,15
emanuel,3
zgraggen,1
drift,16
radin,21
maryam,7
haeri,1
subgroup,18
mohamed,11
hammal,1
mathian,1
merchez,1
plantevit,1
robardet,1
bioinspired,1
kalman,8
pruning,17
radial,20
zhilei,1
chai,12
qinxin,1
bao,21
royal,41
anit,1
sahu,1
dusan,1
jakovetic,1
soummya,1
kar,3
183269,1
nash,15
talbot,2
cawthorn,2
c55c7w,2
tracy,3
8124,12
gilled,1
agaricus,3
lepiota,3
525,82
leaflets,1
ivy,4
knobbed,2
cinnamon,4
odor,2
almond,2
anise,2
creosote,2
fishy,2
foul,3
musty,2
pungent,2
spicy,4
descending,10
notched,5
crowded,11
chocolate,11
stalk,6
enlarging,2
tapering,2
clustered,45
scattered,16
solitary,2
853,54
topfiberm,1
abdelmoneim,1
desouki,1
roder,1
axel,17
cyrille,1
ngomo,1
benoit,4
robaglia,1
bastien,2
delft,27
reda,1
slaoui,1
ebastien,1
toth,5
taiping,1
ralph,13
abbey,1
griffin,25
georgi,1
dikov,1
smagt,1
bayer,5
nusrat,1
pinky,1
rafia,1
alice,9
188939,1
c5959t,2
impressively,1
legislation,4
molecule,141
orphan,1
consequent,3
medicines,6
judgments,4
observer,8
enrico,11
gandini,4
universit,37
degli,4
studi,4
molvs,1
knime,1
openeye,1
omega,56
rocs,1
marcou,1
bonach,1
varnek,1
pieraccini,1
sironi,1
054b,1
svg,14
054a,1
076b,1
100a,2
020b,1
802,65
750,17
7259,11
c5ww4f,2
enricogandini93,1
cry1,7
circadian,21
rhythm,16
lengthen,3
sirtuin6,13
inhibitors,4
bfes,2
1875,16
padel,1
descriptor,7
redundant,58
hyperbox,2
squares,236
milp,1
mehmet,2
tardu,3
rahim,12
kavakli,3
metin,1
rkay,1
rairo,1
oper,1
res,21
shbd,1
minhaach,1
maxwhba,1
748,61
3532,9
c56c9z,2
mtardu,1
fatih,3
frahim,3
1177,6
elimination,23
boosting,11
xgbc,2
subsetted,2
regulating,8
seref,2
gul,2
safak,2
isin,2
fatma,4
yilmaz,2
nuri,2
ozturk,3
turkay,2
mats3v,2
nhbint10,2
mats3s,2
mats3p,2
nhbdon,2
lipinski,2
minhbint8,2
mats3e,2
mats3c,2
minhbint2,2
mats3m,2
1178,9
637,58
10f,1
666,84
729,70
3937,2
c5b31d,2
eref,2
serefgul,2
1203,4
1204,11
13f,1
728,55
10841,6
c59313,2
elder,25
measurings,3
humidity,7
co2,15
mox,5
detected,52
monitored,11
noone,9
occupying,3
esporadic,3
444,90
63k,16
444631,1
invasive,18
commission,12
arrayfor,1
elderly,13
llano,4
zouhair,3
haddi,4
alexandre,13
perera,8
lluna,1
jordi,3
fonollosa,4
b2slab,1
departament,1
enginyeria,1
sistemes,1
autom,7
tica,3
universitat,2
polit,7
cnica,4
catalunya,2
barcelona,39
08028,1
co2cosirvalue,1
co2mg811value,1
mox1,1
mox2,1
mox3,1
mox4,1
covalue,1
ref,10
macosx,7
219,105
799,61
15774,5
pez,2
c5762w,2
marin,2
lopez,9
upc,9
creb,4
nvision,2
occupants,6
intrusive,3
13k,18
bilateral,6
ankle,19
knee,82
hip,14
unbraced,9
braced,12
181,116
mover,7
vitals,3
underwent,7
surgery,67
waveforms,2
468,86
surgeries,5
47k,9
181800,1
biomechanical,2
locomotion,4
0540834,1
neer,1
replications,8
joints,1
recored,1
brace,7
heel,1
strike,13
angles,373
comprise,7
combinations,41
leg,13
hsiao,3
wecksler,3
biomechanics,2
760,3
21637,5
c5861t,2
umn,18
ethw,1
inertial,10
magnetic,188
amplitude,11
wore,8
mtx,6
manufactured,9
xsens,6
tri,17
axial,15
accelerometer,51
gyroscope,13
magnetometer,6
88k,13
grocery,4
dropout,17
agronomy,6
demographics,14
semesters,5
sucess,4
formulated,17
imbalance,6
42k,4
pricerunner,4
35311,4
306,96
31k,2
realwaste,1
landfill,1
75k,66
punctuation,3
removal,40
leonidas,10
akritidis,3
athanasios,3
fevgas,1
panayiotis,1
bozanis,1
makris,1
837,39
33322,1
c5m91z,2
lakritidis,1
ihu,1
hellenic,1
uniquely,34
votes,5
rating,12
denoting,5
culinary,20
bengali,3
categorized,13
geopolitical,2
religious,25
abusive,2
hates,1
lexicons,5
racist,6
sexist,8
homophobic,3
annotated,42
hateful,1
4424,5
satdap,1
capacita,1
administra,1
blica,1
poci,1
5762,11
000191,1
anomalies,28
unexplainable,1
nica,4
tolledo,1
machado,3
baptista,3
valentim,2
realinho,3
marital,19
widower,1
divorced,12
facto,1
ordinance,4
612,61
azores,1
island,51
madeira,3
biofuel,1
animation,87
8014,11
evening,44
9003,10
9070,6
9085,8
veterinary,4
9119,8
9130,5
equinculture,1
9147,15
9238,11
9254,11
tourism,7
9500,6
9556,10
hygiene,4
9670,5
9773,9
9853,12
9991,21
daytime,3
equiv,8
nacionality,1
nationality,4
spanish,6
dutch,23
lithuanian,2
angolan,1
cape,6
verdean,1
guinean,1
mozambican,1
santomean,1
turkish,2
brazilian,18
romanian,3
moldova,4
mexican,7
ukrainian,9
russian,32
cuban,4
colombian,1
mother,43
520,16
697,157
230198,1
vieira,5
c5mc89,2
imbalanced,5
vrealinho,1
instituto,5
cnico,4
portalegre,4
mvmartins,1
ipportalegre,3
jmachado,1
lmtb,1
10129,5
testbed,32
30s,1
transceivers,1
hvac,18
calibration,18
pulling,16
microphone,9
amplifier,4
microcontroller,1
volts,6
potentiometer,1
trimpots,1
tweak,3
ceiling,22
ledges,1
maximized,3
vivek,34
chaudhari,3
kraemer,1
werner,1
globecom,10
wkshps,1
temp,23
lux,6
celsius,2
ppm,1
sliding,20
conveying,6
909,37
864,64
30431,1
c5p605,2
adarsh,1
adarshpal,1
iiit,8
sachin,10
wines,8
178,153
glass,44
214,136
vina,1
beagle,4
discriminant,2
4676,7
admiralty,1
206,135
del,26
90292,1
213,129
827,63
7890,5
3189,9
criminological,1
refractive,4
sodium,4
magnesium,5
aluminum,10
potassium,12
barium,2
iron,12
tableware,2
headlamps,2
780,5
malik,178
nawaz,1
nimrah,1
junaid,3
siddiqui,1
knn,3
taizhang,1
shang,18
xia,105
destech,1
kernel,155
krzysztof,3
adamiak,1
piotr,12
duch,1
gonzalez,18
abril,1
gavil,1
morente,1
revista,1
colombiana,1
estad,1
stica,1
outlier,9
cai,46
procedia,5
74121,1
c5ww2p,2
cultivars,1
dontated,1
riccardo,1
leardi,1
riclea,1
anchem,1
unige,1
malic,1
alcalinity,2
phenols,4
flavanoids,2
nonflavanoid,2
proanthocyanins,2
intensity,46
hue,1
od280,1
od315,1
diluted,1
proline,1
posed,28
behaved,12
aeberhard,3
coomans,1
vel,8
malicacid,1
standardise,1
classifiers,39
criterion,5
shinpei,1
imori,1
hidetoshi,1
shimodaira,1
barycenter,1
hongkang,1
esteban,1
tabak,1
dominik,8
janzing,2
contrastive,19
takanori,1
fujiwara,2
kwon,11
kwan,3
howe,8
376712,1
forina,2
c5pc7j,2
1138,11
bibliometric,2
daniela,6
agostina,2
1134,5
denotes,40
25115,1
3g2qqj59,1
integers,75
quotation,2
420,13
1125,13
2319,3
c5zc9s,2
facultad,3
ciencias,3
micas,2
rdoba,1
4432070,1
electric,87
sizhen,2
bian,28
siyu,18
lukowicz,3
453,79
1128,12
3734,6
c5pw4k,2
harth,20
accelerometers,13
thigh,20
annotations,32
46m,3
har70,15
frail,4
2259597,1
axivity,2
ax3,2
50hz,2
chest,11
mounted,29
annotate,12
backward,9
shuffling,10
ascending,4
sitting,23
astrid,2
ustad,3
aleksej,6
logacjov,8
stine,1
verengen,1
trolleb,1
pernille,1
thingstad,1
beatrix,1
vereijken,1
kerstin,3
bach,10
nina,12
skj,1
ret,6
maroni,1
har70plus,5
515,95
504,90
518,81
516,80
12885,5
c5cw3d,2
bosch,22
cnc,21
machining,27
undergone,6
brownfield,5
milling,7
plant,29
abnormal,12
boschresearch,4
vibrations,14
cooler,14
blades,13
vibration,13
153k,1
gyro,11
riyadh,5
calssified,3
99k,9
distancing,13
smartwatches,15
maskreminder,14
7600,5
remind,19
wear,16
movements,23
aiotgroup,2
rope,6
mislead,2
rubbing,3
nose,2
earphones,2
wiping,1
mouth,9
huina,4
xilei,4
jingang,1
743,62
3548,9
c5dw5g,2
xwang6,2
stu,12
xjtu,14
menghuina,2
feynmanw,2
xlwuuu,2
1800,1
unconsciously,1
handshaking,1
hugging,1
kissing,21
forehead,1
gyroscopes,3
accdata,1
gyrdata,1
18actions,1
224,146
742,65
5195,7
c5t31r,2
31991,1
handheld,17
indoor,24
localization,82
hdizi,1
alsahly,3
hassan,4
saleem,1
amerah,1
alabrah,1
rodrigues,1
accx,1
accy,1
accz,1
gyrox,1
gyroy,1
gyroz,1
755,73
8753,15
3390,16
s22176513,2
getsmarter01,1
ksu,2
153000,1
motor,20
s19194342,1
neighboring,24
opposite,102
schematic,4
akasa,2
fn059,2
12cm,1
viper,2
cooling,19
mma8452q,1
rotation,76
speeds,38
1900,4
rpm,5
3000,7
gustavo,5
scalabrini,3
sampaio,4
filho,3
leilton,3
santos,10
silva,22
wconfid,3
pctid,3
752,116
846,50
9640,5
rabello,2
aguiar,3
vallim,2
augusto,2
c5q61v,2
mackenzista,1
postgraduate,4
mackenzie,9
presbyterian,3
arnaldo,2
emae,2
metropolitan,5
leandro,1
leandroaugusto,1
2700,5
tnani,1
feil,4
diepold,1
cirp,1
18558,5
1016,51
procir,2
022,100
tum,7
iot2022,25
behaviours,4
thingspeak,4
wipro,6
bulb,8
mqtt,7
brute,22
ssh,918
ddos,6
hping,5
slowloris,5
nmap,9
meticulously,5
zeek,4
flowmeter,4
plugin,45
intrusion,10
forecasting,56
uwb,5
establishments,3
band,91
prefect,1
amassed,2
affixed,1
chronophagous,1
behaviour,31
departure,16
abhorred,1
premises,21
608,82
2101,11
highways,4
lanes,3
docx,3
regressive,1
gkountouna,1
pfoser,1
syst,34
592,116
14491,5
1145,370
3339823,2
123117,1
quantized,7
qae,1
sharmila,1
rohini,3
nagapadma,4
orig,2
resp,8
proto,3
fwd,31
pkts,29
tot,18
bwd,26
fin,2
syn,2
urg,2
cwr,3
payload,17
avg,8
iat,15
subflow,4
packets,4
idle,14
init,53
94659,1
arp,2
poisioning,1
7750,5
udp,19
2590,1
xmas,3
1002,26
534,46
metasploit,1
8108,7
4146,9
253,104
alexa,2
86842,1
942,41
41704,1
c5p338,2
sharmilabs,1
nie,12
mysuru,2
naticusdroid,1
android,199
permissions,74
29000,1
benign,12
malware,90
33k,3
mirgu,1
verified,15
wsns,1
barriers,35
synthetically,6
182,161
6461328,1
helse,1
cycling,24
sit,23
inactive,87
140,135
atle,2
kongsvold,3
rdstu,3
mork,5
s015,1
s008,1
s006,1
s012,5
s014,1
296,112
779,55
14186,5
c5nc90,2
hilde,1
bremseth,1
jarle,1
8000,29
seqboostnet,1
najmusseher,3
nizar,3
banu,4
x10,1
categorizes,1
394,66
4614,6
c5k33b,2
electroencephalogram,3
christuniversity,2
christ,3
deemed,11
irfan,3
esen,4
hilal,2
arslan,3
selin,2
akt,3
mervenur,2
nimet,2
ltekin,3
uzhan,2
zdemir,3
gallstones,1
comorbidity,2
concomitant,1
coronary,6
artery,6
cardiovascular,17
hypothyroidism,2
underactive,1
thyroid,3
gland,1
hyperlipidemia,2
mellitus,4
sugar,7
comorbidities,1
comorbid,3
hfa,1
1150,2
14726,5
1097,38
0000000000037258,2
hilalarslanceng,1
yildirim,1
beyazit,1
nursery,30
96k,1
12960,5
slovenia,5
depended,3
subproblems,28
bohanec,2
rajkovic,4
sistemica,1
157,205
nurs,4
struct,50
finan,2
standings,1
soc,144
lowercase,5
descendants,19
blazzupan,1
induction,27
olave,1
pretentious,2
pret,2
improper,14
crit,2
convenient,26
conv,2
inconv,2
problematic,10
recom,3
c45,2
501,108
analytic,35
toh,3
ijndc,1
federated,36
truex,1
nathalie,1
baracaldo,1
anwar,1
heiko,1
privately,6
naehrig,1
kristin,5
lauter,1
popets,1
exchangeability,1
shyang,1
wechsler,1
27275,1
c5p88w,2
vladislav,1
delineate,1
granular,11
mouad,2
bensalah,3
abdellatif,2
opsearch,1
1158,5
5631,7
c5fc8r,2
grids,71
mbensalah,1
fst,2
mellal,2
household,24
metering,16
08m,1
tetouan,18
52417,1
salam,3
hibaoui,4
datetime,22
wind,21
diffuse,37
tetuan,1
849,37
22266,5
c5b034,2
abdulwahed,1
sallam,1
abdelmalek,2
essaadi,2
abdelaaziz,1
uae,1
2075259,2
sceaux,1
7km,1
watt,12
meterings,1
colon,15
separators,69
voltage,54
averaged,16
kilowatt,2
volt,1
ampere,1
kitchen,7
dishwasher,1
oven,2
plates,9
washing,1
tumble,1
drier,1
refrigerator,4
heater,1
conditioner,1
ddsketch,1
mergeable,17
masson,1
rim,6
homin,1
2195,4
2205,7
gasparin,1
slobodan,1
lukovic,1
cesare,1
alippi,1
yves,3
franceschi,1
aymeric,1
dieuleveut,1
jaggi,1
normalizing,1
kobyzev,1
prince,16
brubaker,6
autoregressive,2
titov,1
wilker,1
aziz,1
152772,1
hebrail,2
berard,2
c58k54,2
45211,1
41188,1
moro,4
4119,9
computationally,34
demanding,11
svm,19
telemarketing,1
rgio,1
rita,7
collar,4
housemaid,2
technician,2
unemployed,3
widowed,6
illiterate,5
euros,5
cellular,109
tertiary,1
campaign,64
pdays,1
poutcome,1
565,61
434,59
suman,2
bera,1
deeparnab,2
chakrabarty,5
nicolas,7
flores,13
negahbani,1
imtiaz,1
ziko,1
granger,2
ismail,1
ayed,1
lamy,1
ziyuan,1
menon,2
nakul,1
verma,6
adafair,1
vasileios,1
iosifidis,1
eirini,1
ntoutsi,1
afonso,4
rafael,7
izbicki,1
999,29
528195,1
c5k306,2
48842,2
barry,26
becker,6
reasonably,29
aage,4
agi,4
afnlwgt,2
hrswk,2
workclass,4
emp,30
federal,49
fnlwgt,4
bachelors,11
acdm,4
preschool,5
civ,4
spouse,13
repair,36
exec,19
specialty,18
handlers,5
cleaners,4
inspct,4
priv,4
serv,14
protective,8
husband,15
unmarried,5
islander,5
amer,144
eskimo,5
cambodia,23
puerto,12
rico,11
outlying,3
guam,2
usvi,2
cuba,2
iran,12
honduras,3
philippines,18
poland,20
jamaica,2
dominican,2
laos,2
ecuador,2
guatemala,2
nicaragua,2
salvador,7
trinadad,2
tobago,2
peru,8
holand,2
netherlands,56
maruthi,2
ayyagari,1
outis,1
crypto,6
amrita,2
chowdhury,16
chenghong,1
machanavajjhala,4
somesh,1
jha,3
refining,13
conditioning,3
roozbeh,1
yousefzadeh,1
dianne,2
leary,2
matthaus,2
kleindessner,2
pranjal,2
awasthi,2
jamie,9
morgenstern,3
equalized,1
imperfect,5
257,94
528614,1
kohavi,4
c5xw20,2
ronny,2
ronnyk,1
weighted,131
bureau,7
uscensus1990raw,10
microdata,2
pums,2
2458285,1
uscensus1990,9
discretized,1
collapsed,4
permuted,1
caseid,2
comma,13
dage,3
dancstry1,4
dancstry2,4
iavail,2
icitizen,2
iclass,2
ddepart,2
idisabl1,2
idisabl2,2
ancstry1,1
ancstry2,1
avail,5
depart,3
disabl1,1
disabl2,1
ienglish,1
feb55,1
ifeb55,1
fertil,1
ifertil,1
dhispanic,3
hour89,1
dhour89,2
dhours,2
immigr,1
iimmigr,1
income1,1
dincome1,2
income2,1
dincome2,2
income3,1
dincome3,2
income4,1
dincome4,2
income5,1
dincome5,2
income6,1
dincome6,2
income7,1
dincome7,2
income8,1
dincome8,2
dindustry,3
korean,14
ikorean,1
lang1,1
ilang1,1
ilooking,1
imarital,1
may75880,1
imay75880,1
imeans,1
imilitary,1
imobility,1
mobillim,1
imobillim,1
occup,1
doccup,3
othrserv,1
iothrserv,1
perscare,1
iperscare,1
dpob,3
poverty,14
dpoverty,2
pwgt1,1
dpwgt1,2
ragechld,1
iragechld,1
rearning,1
drearning,2
relat1,1
irelat1,1
relat2,1
irelat2,1
remplpar,1
iremplpar,1
riders,1
iriders,1
rlabor,1
irlabor,1
rownchld,1
irownchld,1
rpincome,1
drpincome,2
rpob,1
irpob,1
rrelchld,1
irrelchld,1
rspouse,1
irspouse,1
rvetserv,1
irvetserv,1
ischool,3
sept80,1
isept80,1
isex,1
subfam1,1
isubfam1,1
subfam2,1
isubfam2,1
tmpabsnt,1
itmpabsnt,1
travtime,1
dtravtime,2
ivietnam,1
week89,1
dweek89,2
work89,1
iwork89,1
worklwk,1
iworklwk,1
wwii,1
iwwii,1
yearsch,1
iyearsch,1
yearwrk,1
iyearwrk,1
yrsserv,1
dyrsserv,2
coarsening,1
fairly,50
quantiles,1
sqlserver,1
discage,1
discancstry1,1
discancstry2,1
dischispanic,1
dischour89,1
dischours,1
discincome1,1
discincome2to8,7
discindustry,1
discoccup,1
discpob,1
discpoverty,1
discpwgt1,1
discrearning,1
discrpincome,1
disctravtime,1
discweek89,1
discyrsserv,1
822,65
160,126
13012,5
meek,4
thiesson,3
heckerman,3
c5vp42,2
299285,1
stratified,4
199523,1
99762,1
mineset,2
mindutil,1
mlc,1
aclswkr,2
adtink,1
adtocc,2
ahga,2
ahscol,2
amaritl,2
amjind,2
amjocc,2
arace,2
detailing,6
adtind,1
wage,3
ahrspay,1
mace,4
areorgn,1
asex,1
aunmem,1
unemployment,3
auntype,1
awkstat,1
capgain,1
losses,7
caploss,1
divdends,1
divval,1
fedtax,1
filer,1
filestat,1
grinreg,1
grinst,1
hhdfmx,1
hhdrel,1
marsupwt,1
migration,33
msa,6
migmtr1,1
migmtr3,1
migmtr4,1
migsame,1
sunbelt,1
migsun,1
noemp,1
earnings,4
pearnval,1
pefntvty,1
pemntvty,1
penatvty,1
prcitshp,1
ptotval,1
seotr,1
taxable,1
taxinc,1
vetqva,1
veterans,26
vetyn,1
wkswork,1
incomes,2
binned,1
orginal,1
synthesizing,9
lei,69
kalyan,1
veeramachaneni,1
18263,5
c5n30t,2
probing,67
wexler,1
mahima,1
pushkarna,1
tolga,1
bolukbasi,1
wattenberg,1
fernanda,3
viegas,1
jimbo,1
yair,1
horesh,1
noa,8
haas,3
elhanan,1
mishraky,1
yehezkel,1
resheff,1
shir,2
lador,1
xiao,36
navidi,1
stefano,15
ermon,1
rajagopal,1
theoretic,101
chaos,26
synchronization,145
murguia,1
iman,56
shames,1
farhad,2
farokhi,1
dragan,2
nesic,1
slicing,4
yeounoh,1
tae,35
whang,3
650,24
104396,1
c5gp7s,2
digitized,8
needle,11
aspirate,1
fna,1
nuclei,36
wisc,6
plane,799
multisurface,1
msm,1
bennett,7
midwest,1
mangasarian,4
discrimination,17
linearly,35
inseparable,1
prog,1
cpo,29
wdbc,4
wolberg,6
radius1,1
texture1,1
perimeter1,1
area1,1
smoothness1,1
compactness1,1
concavity1,1
concave,43
points1,1
malignant,5
nucleus,9
radius,63
distances,155
texture,75
deviation,29
smoothness,10
concavity,1
severity,14
contour,53
fractal,102
coastline,3
jenni,1
sidey,2
gibbons,3
gans,4
fabio,6
tanaka,7
claus,2
aranha,1
younghwan,1
chae,4
wilke,1
arnaud,3
looveren,1
janis,2
klaise,1
pidt,1
parameterised,1
impurities,8
stamate,1
wajdi,1
stahl,1
doina,1
logofatu,1
zamyatin,1
aiai,1
546332,1
c5dw2b,2
olvi,1
tcga,20
cancers,32
transcriptome,13
subtypes,5
02k,4
66k,11
baylor,12
bareiss,1
rbareiss,1
uunet,4
uucp,11
craig,28
wier,1
4443,6
c5m59m,2
institutenthat,1
histologic,2
diffe,2
marryow,1
lung,20
pleura,2
peritoneum,2
neck,5
esophasus,2
stomach,9
duoden,2
rectum,2
anus,2
salivary,2
glands,2
pancreas,2
gallblader,2
bladder,3
testis,2
ovary,2
corpus,14
uteri,4
cervix,2
vagina,2
epidermoid,1
adeno,2
anaplastic,1
marrow,4
skin,29
supraclavicular,1
axillar,1
mediastinum,1
abdominal,5
11072,5
zwitter,4
soklic,4
c5wk5q,2
yuanhao,1
badong,1
natsue,1
yoshimura,1
yasuharu,1
koike,1
gramme,1
uday,19
shanthamallu,1
jayaraman,1
thiagarajan,1
huan,8
spanias,1
noncrossing,12
ordinal,6
xingye,1
qiao,8
margin,14
caiming,1
xiong,28
corso,1
kwangmo,1
anastasiya,1
kolesnikova,1
commun,13
24051,5
siegler,2
c5488x,2
1024,28
60660,1
ethnicity,6
kilo,4
fpkm,2
normalization,6
atlas,84
pan,56
weinstein,5
collisson,3
mills,17
ozenberger,3
ellrott,3
shmulevich,3
sander,7
stuart,28
kich,1
kirc,1
kirp,1
892,35
29237,1
c5702t,2
recurrence,37
menopause,2
lt40,2
ge40,2
premeno,2
inv,22
deg,2
malig,2
irradiat,2
xuezhou,1
xiaojin,1
laurent,7
lessard,1
quotient,7
nitin,13
agrawal,22
shamsabadi,1
kusner,4
adria,1
gasc,1
gennaro,1
amedeo,1
buonanno,1
palmieri,1
orpaz,1
kachuee,1
kimmo,1
karkkainen,1
majid,12
sarrafzadeh,1
overfitting,2
leiva,1
anta,1
vincenzo,6
mancuso,3
paolo,14
casari,1
121500,1
c51p4m,2
matjaz,1
chronological,10
367,88
datbase,1
369,101
167m,1
bare,29
1080185,1
1187805,1
765878,1
484201,1
epithelial,3
1219406,1
1182404,1
clump,2
thickness,286
uniformity,7
marginal,4
adhesion,3
bland,3
chromatin,2
nucleoli,2
mitoses,2
wpbc,2
unformatted,1
shuilian,1
ulisses,3
braga,1
neto,6
rbf,1
particle,980
swarm,6
rarasmaya,1
indraswari,1
agus,6
arifin,1
jurnal,1
ilmu,1
komputer,1
informasi,1
reweighted,2
klabjan,1
widened,1
krimp,1
sampson,1
berthold,3
ida,1
resampling,2
shusaku,1
tsumoto,1
shoji,1
hirano,1
129635,1
c5hp4z,2
4898,8
vinhoverde,1
grape,5
cerdeira,3
fernando,1
almeida,14
telmo,1
matos,3
reis,3
acidity,4
citric,2
chlorides,2
sulfur,14
dioxide,6
density,187
sulphates,2
winequality,3
258,138
186,145
656331,1
c56s3t,2
attempting,18
dummy,6
unprocessed,1
turney,5
detrano,3
nosi,1
steinbrunn,3
pfisterer,3
schmid,1
sandhu,1
guppy,1
froelicher,1
cardiology,1
trestbps,3
resting,7
chol,3
serum,3
cholestoral,2
fasting,3
restecg,3
thalach,3
exang,3
angina,4
oldpeak,3
thal,2
ccf,1
painloc,1
substernal,1
painexer,1
provoked,1
exertion,1
relrest,1
relieved,5
pncaden,1
atypical,3
anginal,1
asymptomatic,4
htn,1
smoke,135
smoker,26
cigs,1
cigarettes,3
famhist,1
electrocardiographic,1
abnormality,2
inversions,45
probable,4
definite,14
ventricular,2
hypertrophy,1
estes,2
ekgmo,1
ecg,37
ekgday,1
ekgyr,1
dig,11
digitalis,1
furing,1
prop,2
blocker,2
nitr,1
nitrates,1
diuretic,2
kottus,1
mchenry,1
balke,2
noughton,1
bike,10
kpa,6
ergometer,1
thaldur,1
thaltime,1
mets,2
thalrest,1
tpeakbps,1
tpeakbpd,1
trestbpd,1
xhypo,1
upsloping,1
downsloping,1
rldv5,1
rldv5e,1
vessels,2
flourosopy,1
restckm,1
irrelevant,14
exerckm,1
restef,1
raidonuclid,1
ejection,2
fraction,86
restwm,1
akinesis,1
dyskmem,1
exeref,1
radinalid,1
exerwm,1
defect,10
reversable,1
thalsev,1
thalpul,1
earlobe,1
cmo,1
cardiac,15
cath,3
cday,1
angiographic,1
narrowing,4
vessel,3
lmt,3
ladprox,1
laddist,1
cxmain,1
ramus,1
om1,1
om2,3
rcaprox,1
rcadist,1
lvx1,1
lvx2,1
lvx3,1
lvx4,1
lvf,1
cathef,1
380,12
hungarian,14
submodularity,2
agglomerative,2
funnel,1
parastoo,1
sadeghi,9
amit,20
dhurandhar,1
karthikeyan,1
shanmugam,1
luss,1
ppcd,1
xuyang,2
baocang,1
yuehua,1
zhili,1
jingxian,1
actshare,1
leaker,1
zhiyi,1
xinyu,9
wouter,1
kouw,1
marco,89
loog,1
902481,1
janosi,2
c52p4x,2
andras,4
matthias,21
separable,9
exceedingly,2
fishers,1
chadwick,2
spchadwick,1
espeedaz,1
setosa,3
38th,16
virginica,2
unwin,1
kleinman,1
sepal,2
petal,2
versicolour,1
bezdekiris,1
shot,29
hypercube,52
coverings,2
enoch,1
yeung,3
shashank,2
rajput,1
papailiopoulos,1
crad,1
autocuts,1
icdm,1
925,25
930,6
spiking,12
jibin,1
yansong,4
chua,29
malu,1
guoqi,1
haizhou,1
possibilistic,1
hossein,9
yazdani,1
352,134
1135004,1
c56c76,2
inquiries,12
aha,10
librarians,8
murphy,16
merz,2
eamonn,2
keogh,2
hettich,2
moshe,14
lichman,2
dheeru,5
casey,7
graff,3
kolby,6
nottingham,7
rachel,27
longjohn,5
markelle,14
kelly,32
gratefully,6
acknowledged,13
lorenzini,1
philip,37
truong,1
parmik,1
mehra,1
forgot,15
donating,11
reload,4
dismiss,5
passkey,2
afrikaans,1
rbaycan,1
bosanski,1
catal,1
tina,2
cymraeg,1
dansk,1
eesti,1
kingdom,18
espa,8
latinoam,1
rica,2
euskara,2
filipino,1
fran,4
gaeilge,1
galego,1
hrvatski,1
indonesia,1
isizulu,1
slenska,1
italiano,101
kiswahili,1
latvie,1
lietuvi,1
magyar,1
melayu,1
nederlands,1
norsk,4
zbek,1
polski,1
portugu,2
brasil,1
shqip,1
sloven,2
ina,3
srpski,1
latinica,1
suomi,1
svenska,1
donation,20
possess,16
dois,2
actionable,51
deed,1
649,80
occurring,32
541,61
91k,8
car,179
73k,36
refine,30
170a,4
170b,2
296p,6
alzheimer,54
pandemics,7
wealth,29
instantaneously,8
colleague,26
milliseconds,8
situ,22
pronounced,10
incubated,1
outbreak,6
publicity,8
pilot,47
muray,4
rampant,4
monetize,4
door,34
mount,107
theft,5
fraud,24
phishing,23
calif,30
543,61
sell,28
mandating,2
transact,2
expeditiously,1
investigators,58
violation,26
amended,1
opines,1
paradoxical,8
exercising,3
exposes,13
surreptitious,1
harvesting,8
purchasing,12
damaging,1
necessitate,1
enacted,2
brazil,25
elina,3
kempen,4
burden,20
vcrs,1
burdensome,6
multistep,8
clueless,2
maneuvering,1
kafkaesque,1
reveal,53
forced,31
hoops,11
surrender,4
undermines,1
sparks,6
slowly,58
irrevocable,1
prospect,9
seems,291
rina,28
dechter,47
eppstein,4667
franz,20
aisi,3
5809,13
pfbaldi,2
4038,6
gbowker,3
2302,9
mjcarey,1
2092,3
5975,11
2091,4
2558,7
4216,20
med,198
striking,11
anteaters,13
schueller,19
stressful,17
missed,21
retention,21
aya,2
stead,5
softwire,2
athletes,4
acknowledges,4
spate,2
layoffs,2
perks,4
disappearing,6
pressures,5
worse,56
redesigned,4
exploratory,26
perceive,13
redesign,5
coping,5
threefold,2
raise,27
prioritizing,7
compassion,3
carls,1
rango,1
pitchable,1
courts,2
adhd,2
lynn,7
dombrowski,1
insecurity,6
contend,5
hunger,6
sharp,31
toshiba,2
m2catalyst,1
grandpad,1
charitable,7
harvest,6
foodbank,1
presidio,1
pediatrics,7
fueled,6
fueling,3
opensim,2
participates,3
understandings,3
alter,12
perceptions,22
jed,3
relatives,2
afterlife,3
postmortem,2
stewardship,7
pollination,2
mangano,2
sketchtogether,1
epidemiologists,3
jordan,90
leslie,8
perlow,1
restructure,2
predictable,5
embraced,2
weaknesses,16
vidcoach,1
itunes,5
209s,3
ruberg,37
261,185
291s,2
398a,1
225,127
232,119
241,139
207s,2
251,141
265,116
283,143
284,141
protoyping,1
jonesn,1
215,125
iftehkar,1
273,112
sustainbility,1
205,125
alliance,18
cristalopes,1
gillianrhayes,1
autismtech,1
istcsocial,1
isruci,1
bonnienardi,1
branhammertime,1
microsite,2
tasked,5
hardship,17
zotlink,3
endowing,1
tablet,13
brightest,12
ingenuity,9
deserving,3
donor,4
endowments,5
instrumental,13
outfit,5
heightened,4
guest,123
unparalleled,8
investment,26
generations,31
sparking,11
kleists,2
endow,7
generates,58
howard,98
gillman,17
xianghua,2
ossher,1
romero,5
mariona,1
shantharam,1
operated,13
incarnation,11
girls,43
appjam,5
excite,7
retelling,1
traditions,15
aspireit,1
delivered,72
eureka,2
robotics,63
choreograph,1
humanoid,1
brea,1
olinda,1
tiwahe,1
districts,18
aurora,16
bedford,3
khou,1
lara,8
sinclair,1
johnny,1
thoi,1
aylwin,4
villanueva,4
danielle,1
troupes,1
athletics,6
theater,25
rotc,1
greek,11
ethnic,8
involvements,1
campusorgs,1
studentlife,1
pillow,8
fight,21
comfortable,20
conveniently,9
nearby,42
mesa,1
huntington,2
crosses,38
continents,2
opinions,75
deepening,6
191,159
scroll,33
unlikely,9
iftekha,5
shahjalal,2
workable,3
testers,4
relief,11
2438,10
ernst,15
andy,27
mor,7
harchol,1
balter,1
maintainable,2
tojing,2
ase,34
jiri,7
esem,8
fundings,2
safeguarding,1
bloated,1
constructs,19
merge,61
prone,9
trillions,5
positives,13
scary,9
accidents,4
exhaustiveness,1
ultimately,53
omnipresence,2
untangling,2
sentiments,14
tosem,32
dissemination,33
conquers,1
imani,18
farag,1
christian,47
agnia,1
sergeyuk,1
yaroslav,5
golubev,3
timofey,3
bryksin,3
jupyter,75
notebook,94
taijara,1
loiola,1
santana,13
anselmo,2
mota,2
silveira,13
eduardo,13
radmanesh,1
gesi,5
roselane,1
farias,1
ma11y,1
mahan,4
tafreshipour,1
anmol,13
issta,2
carving,19
autopilot,1
novia,1
victoria,36
felicity,1
45th,25
smelly,1
prevalence,14
smells,11
misprediction,2
xinyun,1
yunfan,4
geng,11
qihong,2
raphael,2
oliveira,14
zixuan,1
amreeta,2
chatterjee,4
anita,16
sarma,9
lets,69
emoji,1
shiyue,1
rong,14
weisheng,1
umme,7
ayda,7
mannan,7
shurui,1
amador,2
siqi,1
nachiappan,1
nagappan,1
pavneet,2
kochhar,2
lingfeng,4
unacknowledged,1
groce,12
josselin,1
feist,1
grieco,4
mehran,1
meidani,1
pynose,1
smell,23
detector,111
oleg,9
smirnov,3
36th,34
15th,70
nachi,1
nappagan,1
cuiyun,1
truelove,3
43rd,14
inclusivity,17
oss,1
mariam,7
guizani,1
jillian,1
emard,1
evelyn,4
margaret,10
burnett,9
trenches,2
viacheslav,1
bushev,1
walter,15
takashi,3
nakamura,3
edson,3
fernandes,4
elaine,1
tayana,4
conte,8
latte,1
navid,8
salehnahmadi,3
abdulaziz,8
alshayban,5
josie,4
holmes,7
caius,5
brindescu,5
gopinath,9
catcher,1
leano,1
42nd,8
duc,7
ingrid,7
sundb,1
elizamary,3
nascimento,4
pekka,1
abrahamsson,1
soodeh,1
atefi,1
matheus,3
rheinschmitt,1
amin,12
alipour,8
souza,8
rcio,1
piedade,1
palheta,1
igor,37
steinmacher,1
rcia,1
lima,4
gadelha,1
icgse,1
farah,1
naz,1
omprakash,1
gnawali,1
serp4iot,1
falsification,2
mckenney,3
readability,9
kaur,1
kuttal,1
hcc,12
foss,6
forrest,5
icstw,1
testedness,1
24th,59
rana,7
almurshed,1
danny,44
mobilesoft,1
anyway,39
26th,54
issre,1
mutant,3
triaging,1
mozilla,9
mohan,45
soroush,2
ghorashi,1
sea,42
gowns,1
flowing,7
boast,1
sushmitha,3
jagannath,3
pranav,7
agarwal,49
marking,7
nikhil,6
isha,5
patel,19
excites,5
congratulate,6
realtime,6
rtos,1
serializing,1
appoints,7
238p,3
compulsory,5
cpi,1
voted,5
referendum,1
recommenders,2
ielts,12
confirmed,39
298p,3
ucibren,2
createsend,2
signupformbuilder,2
8ec107429a6be73d,2
staffed,2
coaches,10
adapts,14
paving,10
concurrently,9
siddhant,2
showcases,8
222p,6
232p,2
273p,3
201p,5
203p,1
223p,3
231p,1
253p,1
274p,2
299p,2
entertaining,14
chauhan,4
39th,17
sponsorship,58
keynotes,52
decor,64
bdafc,58
dbml,64
smdb,64
dasc,64
astride,64
hardbd,57
registrations,8
184,129
688,86
6d14d52d,1
33db,1
494c,1
ad12,1
eed801b8c610,1
00207beb,1
a43e,1
4a05,1
891c,1
57958bcf88b2,1
6aad3e62,1
d768,1
4316,15
8c2c,1
3cc912c75aff,1
happiest,2
marriott,5
platinum,132
xplore,4
icde2024,1
finalized,4
themes,56
breakfast,36
ballroom,128
foyer,27
marquis,12
reception,39
elisa,10
bertino,8
moderator,27
explainability,19
subhadeep,7
sarkar,12
niv,7
dayan,9
manos,11
athanassoulis,11
retirement,24
moderators,7
divyakant,7
valuation,7
pricing,23
p2p,7
ablation,4
neumann,22
anupam,13
sanghi,9
jayant,22
haritsa,21
marketplace,33
che,9
tsai,15
chiehen,5
liao,18
foufoulas,5
uninversity,3
alkis,7
simitsis,7
gmt,177
10am,15
10pm,12
wifi,309
hotspot,1
travelers,9
holafly,1
traveller,1
esim,1
6gb,1
holiday,47
10gb,108
subscribing,17
icdeconf,17
hotel,56
92802,1
discounted,3
taxes,4
reservations,14
50385787,1
reservation,10
overnight,3
valet,2
guests,19
attractions,3
disneyland,3
resort,10
hollywood,9
restaurants,14
embassies,1
consulates,1
embassy,2
consulate,2
registrants,3
posters,24
yu1,4
wsu,4
ncov,1
covid19,2
airlines,16
airports,15
airport,83
lax,8
wayne,92
sna,6
ontario,34
ont,1
shuttle,7
onsite,2
rental,13
greyhound,1
subway,5
octa,3
amtrak,2
desk,21
slots,13
tinyurl,3
icde2023travelaward,1
sponsorships,2
magdy,5
eldawy,3
bird,19
presenter,7
registrant,2
pays,10
cancellation,9
refund,3
080,1
415,93
675,79
810,8
975,58
340,47
410,29
170,114
virtualized,22
bonifati,6
paparrizos,3
kyu,4
kaist,4
zhikai,4
yanyan,12
jiao,82
indibits,3
bernardo,5
breve,4
loredana,4
caruccio,4
cirillo,5
deufemia,4
giuseppe,35
polese,4
salerno,17
davide,13
magnanimi,4
politecnico,21
luigi,4
bellomarini,4
banca,5
italia,5
ceri,4
martinenghi,4
sami,3
wenyi,4
wenyu,4
jiali,4
shaosheng,4
didi,20
lisheng,4
chuxing,13
aoying,9
levandoski,2
lomet,12
sudipta,3
sengupta,16
zhifeng,8
jelle,2
hellings,2
beng,10
ooi,10
filip,4
murlak,2
simonini,2
jagadish,9
lian,11
kyuseok,2
shim,2
ozcan,2
tamer,9
zsu,9
xiaokui,5
meihui,6
utku,2
sirin,2
yongxin,9
30am,34
20pm,17
ioannis,13
ioannidis,4
sudeepa,5
incentivise,1
penalize,2
bans,5
positively,18
coi,14
settle,11
declaration,5
declared,18
cois,3
accidental,4
penalties,7
novelty,7
bar,67
preempting,1
gle,1
nd6zp4awzyxdfm7p8,1
promotion,18
supervisor,56
gracefully,5
unproductive,1
ransom,1
defenses,10
encryption,21
insecure,10
1162,7
injections,1
cve,6
vulnerability,115
attacker,3
tamper,1
samuel,14
tsutomu,1
kanai,3
trustworthiness,4
fingertips,4
digitization,3
vulnerable,50
invasion,18
backdrop,15
oblivious,31
repositories,34
processings,1
iconic,2
embark,3
hides,18
efficacy,51
cryptocurrency,2
divy,3
pilani,3
stony,25
trustee,4
umbra,1
disabling,5
mannheim,7
planck,15
saarbr,2
cken,2
gottfried,2
wilhelm,10
leibniz,146
yangyang,5
zhiyong,5
jiazheng,1
liqiang,2
harbin,39
shenzhen,47
yanpeng,1
mercari,1
hefei,2
zeyi,1
guangzhou,22
bingsheng,7
zexin,1
haoyang,1
ziwei,5
jianxin,5
wenwu,3
subspace,20
xinwang,1
sihang,1
nudt,5
wentao,12
zhiping,2
weichang,1
junchi,2
xiaokang,1
hongyuan,1
zha,1
btwalk,1
branching,4
gpu,237
subgraph,198
enumeration,27
wentian,1
nus,46
yuchen,5
kian,8
cpix,1
savong,1
tsukuba,12
toshiyuki,1
amagasa,1
hiroyuki,5
kitagawa,11
reachability,13
substructure,3
xiaolong,1
hongzhi,10
t10,1
yifan,5
peilin,1
qingyao,4
junzhou,1
arlington,23
mingkui,2
t11,3
chuanxing,1
nanjing,53
aeronautics,6
astronautics,6
songcan,1
t12,3
xiamen,9
yanlin,1
yat,29
sen,44
ziyu,11
lyu,7
jieming,3
t13,3
nesreen,1
rossi,6
theodore,2
willke,1
xiangnan,5
hoda,1
eldardiry,1
t14,1
polytechnical,5
xingshe,1
jinli,1
trobe,1
tianben,1
northwest,4
yanchun,2
t15,1
carl,59
yizhou,1
shanjiang,1
tianjin,3
yusen,1
nankai,3
t17,2
t18,1
cold,63
tieyun,1
yile,1
t19,1
sajid,1
khan,26
wales,72
t20,1
minhash,19
junbin,1
chengqi,1
t21,1
baghdadi,1
kent,35
gokarna,1
t22,1
pla,4
huanyu,1
ningbotech,2
chaoyi,1
pang,7
ramamohanarao,1
kotagiri,1
queensland,20
rmit,20
macquarie,10
tongliang,1
hebei,1
t23,1
thanh,5
tam,5
griffith,23
thang,1
yin,62
weidlich,1
queen,17
belfast,1
karl,22
aberer,2
epfl,12
hung,20
t24,1
zuowei,1
rennes,6
t25,1
tedjopurnomo,1
baihua,10
farhana,1
choudhury,2
swinburne,6
crowdsensing,4
jianchao,1
shaojing,1
ximeng,1
fuzhou,1
yuchuan,1
t27,1
attributed,21
minnan,1
jundong,1
luguo,1
moeklinns,1
qinghua,3
t28,1
jipeng,3
qiang,25
yangzhou,4
zhenyu,18
yunhao,1
xindong,2
t29,1
pairwise,35
runlong,1
yuyang,3
mingyue,1
enhong,3
jianhui,1
t30,1
qingyu,1
hkust,30
fuzhen,1
beihang,61
chuan,8
baidu,39
hengshu,5
zhipin,1
t31,1
billy,8
chiu,34
lingnan,2
shanshan,22
t32,2
haithem,1
mezni,1
tunis,1
djamal,1
benslimane,1
ladjel,1
bellatreche,1
lias,1
isae,1
ensma,1
t33,1
lamps,2
shunya,1
nishio,1
osaka,4
daichi,1
amagata,1
takahiro,1
hara,2
t34,1
rbm,1
jielei,1
hongjun,1
sichuan,1
zhiguo,3
gong,24
tianrui,1
chengdu,3
611756,1
t35,1
aalborg,33
wilfrid,1
laurier,3
t36,1
linfeng,3
chao,36
megagon,5
t37,1
aixin,1
jianglei,1
chenliang,1
t38,1
shaoxu,10
ruihong,4
fujian,1
chaokun,5
t39,1
jiaying,2
zibin,1
t40,1
lihui,1
yanghui,1
haoran,2
raymond,16
yiu,4
keung,1
lau,9
instability,8
chenxu,2
wenna,1
pinghui,1
xiaohong,4
t42,1
cient,8
traversals,1
jaewook,1
byun,6
t43,1
hanrui,2
yuguang,2
guangdong,3
guosheng,1
kwok,5
t44,1
tongji,4
omid,1
askarisichani,1
ambuj,2
t45,1
mautz,1
lmu,3
t46,1
xinghao,1
petroleum,6
t47,1
zhengzhou,3
yangdong,1
t48,1
zhicheng,3
dou,7
montr,5
t49,1
dgdfs,1
discriminative,54
jiajing,1
yongguo,1
chuanbiao,1
mininglamp,1
t50,1
uchenna,1
akujuobi,1
sony,14
spranger,1
sucheendra,1
palaniappan,1
xiangliang,1
notre,9
dame,17
t51,1
telecommunications,39
guoyin,1
yongfang,1
t52,1
tinghuai,1
auburn,8
mznah,1
rodhaan,1
t53,1
hans,12584
arno,7
jacobsen,5
pengcheng,3
hohai,1
t54,1
chunyu,1
t55,1
dichao,1
t56,1
soulmate,1
saeed,36
najafipour,1
saeid,1
hosseini,3
kangavari,1
xiaofang,16
t57,1
miika,1
hannula,1
helsinki,14
zhuoxing,1
bor,2
kuan,3
sebastian,12
t58,1
yuzhong,1
chaoyang,5
dapeng,2
t59,1
hashing,83
zhibao,1
ucl,3
dell,21
thomson,5
reuters,7
xuelong,2
t60,1
xiaofeng,37
huazhong,56
hongbiao,1
zhilin,1
kwang,3
choo,1
hai,37
t61,1
qiu,56
shenyang,7
t62,1
attentive,6
harold,15
chengzhe,1
piao,1
zipeng,4
guoren,24
t63,1
unger,1
tuzhilin,1
qunbo,1
wenjun,5
yuxing,3
yongchi,1
t65,1
jiangnan,4
t66,2
empowered,12
tianru,1
uppsala,1
t67,1
renchu,1
ministry,9
jilin,11
fausto,2
giunchiglia,1
trento,8
xiaoyue,1
t68,1
ham,10
zhiyun,1
parthasarathy,2
ning,12
t69,1
mmco,1
clus,1
laizhong,1
acharya,2
sumit,2
mishra,112
guwahati,1
zhexue,1
t70,1
contracts,16
permissioned,20
cheqing,3
shuaifeng,1
t71,1
degeneracy,64
ronghua,7
qiushuo,1
uts,11
t72,1
boosted,6
folded,147
bipartite,112
hongxu,1
commonwealth,5
weiqing,8
monash,12
t73,1
meiyu,1
junping,1
linghui,1
xiaoxiao,1
feifei,7
kou,9
t74,1
chrpa,1
czech,32
prague,42
jind,1
ich,3
vodr,1
marta,2
vomlelova,1
t75,1
hyperminhash,1
loglog,2
scarborough,1
weber,67
t76,1
brepartition,1
ruizhang,3
t77,1
neng,1
t78,1
guangxi,1
t79,1
masoud,1
nosrati,1
t80,1
jens,6
dietrich,3
wellington,1
lijun,4
massey,2
lyndon,10
mccartin,1
bernhard,10
scholz,1
t81,1
randomness,10
nairouz,2
mrabah,2
bec,8
bouguessa,2
quebec,10
montreal,32
riadh,2
ksantini,2
bahrain,3
t82,1
lusi,1
dominion,1
haibo,6
rhode,30
t83,1
rethinking,9
encoder,3
fawzi,1
touati,1
t84,1
zhangqing,1
weiwei,3
t85,1
cunlai,1
quek,2
t86,1
westlake,7
radu,10
florian,15
gildea,1
rochester,29
t87,1
xuanhe,3
chengliang,6
t88,1
asymmetric,22
yadan,1
fumin,1
uestc,7
metaverse,4
zhejiang,171
shou,6
yip,3
binxue,2
tarikul,5
papon,5
hyoung,2
mun,35
shahin,3
roozkhosh,2
denis,5
hoornaert,2
sanaullah,2
redhat,6
ulrich,6
drepper,2
renato,15
viktor,5
sanca,2
anastasia,6
ailamaki,5
loops,21
revisited,18
yamada,8
tokyo,59
kazuo,5
goda,4
masaru,7
kitsuregawa,5
marketplaces,9
santiago,5
azcoitia,2
imdea,4
kostas,4
iordanou,2
cyprus,4
nikolaos,2
laoutaris,2
hussein,3
shahata,2
abdallah,3
concordia,9
essam,3
mansour,3
amalur,2
rihan,12
koutras,2
andra,2
ionescu,2
wenbo,3
jessie,7
schijndel,2
kang,7
webank,10
asterios,3
katsifodimos,3
spa,4
economical,11
boncz,2
centrum,4
wiskunde,4
informatica,8
chronis,9
finis,2
halfpap,2
leis,2
technische,10
nchen,3
anisoara,2
caetano,2
sauer,16
knut,4
stolze,2
marcin,4
zukowski,2
shubha,2
guha,11
amsterdam,26
falaah,2
arif,2
stoyanovich,2
schelter,2
sungkyunkwan,3
yonghan,1
roh,1
automl,4
nico,3
ssig,2
stuttgart,13
emilia,9
lenzi,1
sepideh,2
nikookar,2
svq,3
daren,7
kaiwen,3
gensql,3
yuankai,6
tonghui,5
zhenying,5
unionpay,6
xingang,3
metrowatch,3
janaka,3
thilakarathna,3
thivya,3
kandappu,3
pubmed,8
simone,19
bottoni,3
insubria,7
trombetta,3
flavio,4
bertini,5
parma,3
danilo,4
montesi,3
bologna,6
francesca,3
bonin,3
alessandra,3
pascale,3
gleize,3
pierpaolo,3
tommasi,4
blutune,3
db2,4
connor,15
corvinelli,3
parke,9
godfrey,9
mierzejewski,3
jaroslaw,9
szlichta,9
calisto,3
zuzarte,3
benjamin,26
halstead,3
koh,5
patricia,12
riddle,7
mykola,3
pechenizkiy,3
eindhoven,44
bifet,5
waikato,7
iorder,3
bianchi,4
karegar,3
mehdi,15
kargar,35
ryerson,6
divesh,8
srivastava,20
pylathedb,3
amazonas,9
ariel,7
altigran,3
soares,3
universidade,4
credence,3
rorseth,3
searcher,2
yew,6
ningyi,2
dingheng,2
siqiang,4
cryptext,3
perturbations,13
mississippi,7
yiran,3
edgevisionbench,3
qinglong,5
lydia,5
timo,3
ilmenau,2
toolbox,16
xiaoye,6
miao,26
zilinghan,2
shilan,2
xinkai,2
jianwei,4
darav,2
anonymization,15
emmanouil,2
adamakis,2
hellas,2
boch,2
forschungsgesellschaft,4
mbh,4
alexandros,2
bampoulidis,2
ophthalmology,2
margetis,2
gindl,2
constantine,2
stephanidis,2
unshackling,3
parimarjan,3
negi,3
csail,12
bindschaedler,3
alizadeh,3
jyoti,6
leeka,6
anja,3
gruenheid,3
fangzhu,4
kayvon,3
heravi,3
gomez,7
amir,219
gilad,3
salimi,32
corgi,3
obfuscation,52
primal,19
pappachan,14
vishnu,3
hunsur,3
manjunath,6
chenxi,3
cinzia,4
squicciarini,4
hailey,3
onweller,3
finkb,3
xinyi,11
xiaohan,5
cuhk,3
jiyao,3
chunming,3
yuxiang,6
30pm,53
disentangled,7
yixin,2
fuqiang,2
shangdong,2
yonghui,4
lizhen,4
chunyan,4
ntu,11
hinet,2
meituan,20
xianshuai,2
wenhao,4
openembedding,2
4paradigm,20
yilin,3
mian,4
fai,2
penghao,2
yuping,2
fenghua,2
rudoff,2
shumin,2
chengming,2
zhoubo,2
ningyu,2
zelin,2
hehong,2
feiyu,2
mosha,2
jiaoyan,5
manchester,7
hooi,2
huajun,7
rede,3
mile,12
universiy,2
haotian,6
zhiqing,2
yunhuai,2
peking,143
desheng,6
yankun,2
xinxing,4
qitao,2
longfei,6
multicore,24
openmldb,2
xianzhi,6
shuhao,8
pmem,4
haoxiang,2
huicong,2
haiyang,2
shangyu,3
bruhwiler,10
yuanyuan,7
jianjun,4
yuming,2
tailed,2
niu,22
lifang,2
jiandong,4
zhihua,2
lazada,2
kaigui,2
synonym,2
reformulation,6
pengfei,7
grabtaxi,2
holdings,3
pte,2
gaurav,7
grab,10
mamdr,2
linhao,2
yumeng,3
shuai,6
sinan,2
jiancheng,2
tanchao,2
jiancai,2
shirui,4
yilun,2
longbin,4
zhengping,4
intra,7
yuting,2
cainiao,14
haomin,4
xiaowei,4
huaiyu,6
haoyuan,4
dcmt,2
mingjie,8
antgroup,20
tiehua,2
chaochao,2
guanfeng,5
austrilia,2
couriers,2
mega,43
sale,18
guanzhou,2
yizong,2
huadong,2
flbooster,2
zhihao,4
yuntao,2
ziquan,4
shiliang,2
hikvision,6
guodong,2
yunjun,17
resuformer,2
kaichun,2
jingshuai,2
sufs,2
luming,2
shijin,2
tieying,3
fuxin,2
zhibing,2
powering,23
weifan,2
zhiqiang,10
zhongyi,2
guannan,4
iotdb,2
xiaojian,2
hongyin,2
xiangdong,6
timecho,4
jianmin,4
bolong,7
ziyang,5
xiaomeng,2
xiaofan,4
luan,2
zilliz,4
inferturbo,2
dalong,2
xianzheng,2
zhiyang,2
xiaoyan,2
jinjie,2
maneuver,2
shuncheng,2
pusion,2
yannick,2
festo,4
reimann,3
gauchel,2
steffen,7
saarland,3
mitschang,2
m2g4rtp,2
tianyue,4
shengnan,4
youfang,6
unimatch,2
qifang,2
tianyu,13
qinghui,2
zhongyao,2
deduplication,2
smriti,3
thakkar,2
shilane,2
hsieh,23
hetaben,2
saraiya,2
ritwik,2
yadav,5
satyanarayana,2
valluri,2
zait,2
blade,4
huiqi,2
enlong,2
hongdi,2
firestore,2
serverless,9
kesavan,2
thevessen,2
jimit,2
sim2rec,2
bowei,2
qingyang,2
zhiwei,7
lyft,4
wenjie,29
jieping,4
mingliang,2
xingyu,3
zhiqi,2
cougar,2
shuiwei,2
xiaojun,4
zhan,6
zhixuan,2
ruopeng,2
rathbun,16
cvr,2
guangben,2
sijia,2
univesity,3
lifeng,2
yufeng,4
mingyang,5
yuxia,5
hongtao,2
wenting,4
xinliang,2
zhaoyang,2
yuli,2
univercity,2
tingyang,2
hunan,29
timothy,59
sided,32
incentive,7
ride,24
hailing,2
junlin,2
lightmirm,2
minimization,43
chery,2
fuli,2
streammlops,2
operationalizing,3
bnp,10
paribas,10
polytechnique,16
montiel,10
wadkar,2
domino,14
nikolay,4
manchev,2
halford,2
carbonfact,2
raja,6
chiky,2
outscale,2
saad,3
jaouhari,3
isep,2
shakman,2
lyra,2
joudi,2
fehaily,2
fabrice,3
deit,2
thuy,3
guerizec,2
gcrl,2
southeast,6
xiaoguang,2
yongfeng,2
basm,2
boya,2
shaochuan,2
jiong,3
xiyu,2
mengya,2
taotao,2
hengxu,2
densest,21
trung,2
tien,6
binh,2
hypercalm,2
batches,10
zirui,2
chaozhe,2
kaicheng,4
ruijie,4
qizhi,2
yikai,8
yaofeng,4
zte,4
dbaugur,2
trend,88
yuanning,2
xiuqi,2
guihai,6
zhenlei,2
quanyu,2
zhenhua,10
crowd,39
logics,3
zhijun,2
haoqian,2
hailong,3
pengpeng,6
aviation,12
afavs,2
xiangyu,10
hust,6
haifeng,4
qinggang,2
chuangyi,2
xiaofei,4
jingling,2
kapp,2
vlad,3
haprian,2
lozi,2
inria,47
jingcao,2
tiankai,3
changping,2
kuai,2
kuaishou,8
guorui,2
mmkgr,2
shangfei,2
soochow,35
gar,2
dianjun,2
ruisi,2
guanduo,2
stock,33
zetao,2
heng,9
tdb,2
xuemin,29
unsw,4
zhenkun,2
oceanbase,16
xuwang,2
teng,62
fanyu,2
fusheng,2
quanqing,6
yueting,13
qingqiang,2
chaoqi,2
stealing,5
wenyuan,6
jingren,20
individuality,2
midea,2
feasibility,20
cedric,2
renggli,2
uzh,2
luka,4
rimanic,2
hyperlink,3
hongchao,4
yongheng,4
diankeyun,4
anomalous,93
subtrajectory,2
qianru,2
yiding,2
cong,7
saguaro,2
javad,5
amiri,76
ziliang,4
liana,2
boon,15
loo,14
wenchao,4
wensheng,2
yixiang,4
chenhao,3
suyash,16
sajjad,7
rahnama,7
linsenmayer,7
updatable,2
jiake,2
boyu,2
yanfeng,6
yuanhui,2
yunda,2
yinxuan,2
yunpeng,21
vend,2
vertex,631
nonexistence,14
youhuan,2
hangyu,2
xiaosen,2
ziming,2
yangyu,2
fedknow,2
yaxin,2
luopan,2
mei,24
chenguang,5
ziheng,4
jingyun,2
routes,9
jiajia,4
chuanyu,2
zong,2
inductive,10
feat,5
jianing,2
zhaojing,4
compressstreamdb,2
decompression,3
hourun,2
xiaoyong,4
finer,9
hypergraphs,4
dongxiao,2
yanwei,4
xiuzhen,2
revitalizing,2
hyperplane,81
materialized,5
jiabin,2
chuangxian,2
chaoqun,2
ambiguity,16
profiling,7
enzo,2
veltri,2
della,7
basilicata,2
gilbert,26
badaro,2
eurecom,10
papotti,2
inconsistency,12
alipourlangouri,2
mcmaster,12
mansfield,4
chiang,29
yuechen,2
baochun,2
ziziphus,2
shu,42
sujaya,8
maiyya,9
zhiru,3
wavelets,3
yanjun,2
haiyong,3
bingbing,3
chenxing,2
mempool,2
fangyu,2
gai,4
jianyu,2
technolkogy,2
beschastnikh,2
voting,18
maximization,16
arkaprava,6
arijit,11
laks,2
lakshmanan,3
hytgraph,2
qiange,2
northeasten,1
janusaqp,2
stavros,3
sintos,2
sanjay,9
krishnan,17
neighborhood,20
bursting,5
qianzhen,2
deke,2
defence,6
lailong,2
haiquan,2
sacramento,3
shinn,3
shikha,2
anirban,2
junhu,2
saiful,2
simd,3
scalar,5
zewen,2
zhifang,2
chuliang,2
itemsets,2
genki,2
kimura,4
yuto,2
hayamizu,2
kiran,5
aizu,3
shapley,10
jiayao,2
haocheng,3
qiheng,2
jinfei,4
kui,4
papadakis,3
fisichella,2
l3s,6
hannover,4
franziska,2
schoger,2
mandilaras,2
salzburg,18
attacking,6
wenqi,2
xiaorui,4
xianfeng,2
suhang,2
jianping,4
charu,4
aggarwal,11
yaoguang,2
jingzhou,2
mingzhe,6
shuimuyulin,2
jiashui,2
cldg,2
haoyi,5
tsexplain,2
surfacing,3
yiru,4
silu,2
txallo,2
yuanzhe,2
jiangshan,2
keqiang,2
siyang,2
peiyuan,2
chengcheng,4
kaust,2
jianghang,2
contextual,98
slave,4
village,25
congxi,2
jingbo,4
jizhou,2
dejing,6
bang,30
jiujing,2
shiyu,2
dian,4
ouyang,4
shuyue,2
zimu,7
qiaoyang,2
lulu,3
beike,4
misinformation,18
weiwen,6
yunjia,4
jiarui,6
ruiming,4
weinan,2
xinping,2
gaozhong,2
jinfeng,2
rntrajrec,2
hanyuan,2
regularities,2
houxing,2
jingyuan,3
xiaoshuang,2
collision,42
warehouses,18
strip,72
dingyuan,2
buaa,4
lighttraffic,2
yipeng,2
yongkun,2
ustc,12
yinlong,2
lui,3
pspc,2
xuankun,2
baptist,12
jianliang,5
saspar,2
jeyhun,3
karimov,3
lennart,2
behme,2
saravanan,2
thirumuruganathan,2
qcri,4
hbku,3
alireza,12
rezaei,30
mahdiraji,2
glooko,2
gmbh,2
arnulfo,5
quiane,5
ruiz,5
parallelizing,5
multicores,5
sutd,2
tenuous,2
huaijie,4
ningning,2
anhui,4
chien,11
buying,9
shuoyao,2
zhai,3
baichuan,2
deqing,3
yanghua,2
weizhu,2
dalin,2
zichong,2
wenwen,2
weixi,2
chaorui,2
ecnu,8
xiaoling,2
tsc,2
shenghe,2
zhiyu,2
chunnan,2
metricjoin,2
manuel,12
widmoser,2
kocher,2
willi,3
celonis,3
huiqun,3
connecticut,11
suining,2
tabatabaie,3
unversity,2
kaixin,2
alabama,18
birmingham,15
redesigning,9
yijie,2
zhirong,2
zixiang,2
jiwu,2
shujw,2
haolun,2
mcgill,9
yingxue,2
coates,2
dbcatcher,2
guangyu,2
chunhua,2
wancheng,2
raft,2
ruibo,2
jincheng,2
adamant,2
executor,2
gurumurthy,2
von,53
guericke,6
broneske,2
magdeburg,8
campero,2
durand,4
gunter,2
saake,2
thilo,2
pionteck,2
xiaocan,2
yuren,2
yurong,3
yeru,2
edgenn,2
chenyang,2
kuangyu,2
univers,1
mingjun,2
htap,2
hemant,2
saxena,15
stratos,6
idreos,2
ihab,3
ilyas,4
labeling,48
haodi,3
wenxi,2
zhenhan,2
junyang,4
univeristy,6
lixin,4
defu,3
kaishun,2
refined,26
donghui,3
okayama,2
reinforced,5
huizi,2
ong,4
lingling,2
nshoff,2
rwth,6
aachen,7
neta,2
friedman,59
technion,10
grohe,9
benny,3
kimelfeld,2
jianqiu,2
wing,11
biclique,6
renjie,2
wollongong,2
xiaoyang,3
aceing,2
bufferpool,2
tune,18
wenjin,2
zhaokun,2
huanhuan,4
eeph,2
extendible,2
perfect,148
dram,11
dingbang,2
shiyi,2
marshalling,2
haoren,2
hkbu,4
dik,2
lun,21
kenli,4
keqin,2
damien,8
dablain,2
colin,28
bellinger,2
bartosz,2
krawczyk,2
nitesh,4
chawla,2
subgraphs,107
hasanur,3
argonne,9
lemont,4
underwood,2
guanpeng,2
franck,3
cappello,2
sorted,70
aneesh,3
matthaios,2
olma,2
karim,13
benouaret,3
claude,27
bernard,8
cnrs,5
liris,2
sudowoodo,2
runhui,2
yuliang,3
hygnn,2
khaled,3
saifuddin,3
bumgardner,2
farhan,6
tanvir,2
oklahoma,5
akbas,3
guangjing,3
hanqing,2
anran,2
qiben,2
koios,2
pranay,5
mundra,3
jianhao,2
acho,2
fatemeh,10
nargesian,3
satadisha,2
bhowmick,5
binghamton,6
eduard,4
dragut,4
weiyi,2
avrilia,3
floratou,3
joyce,13
cahoon,2
subru,2
dalitso,2
banda,2
fotis,2
psallidas,2
jignesh,3
guanli,2
jianzhong,6
bailey,22
lars,19
kulik,5
traf,1
letian,3
chenyu,2
zeyu,3
zekai,2
yiheng,3
zishan,2
guangji,2
xinjiang,2
jiantao,2
longyuan,2
kafeng,2
ucas,2
siat,2
pengyang,2
jianheng,2
weiqi,2
jiajin,2
kangfei,5
fugee,2
tsung,6
junhao,2
ziqi,3
jingyi,5
yongyong,2
xiuxing,3
ict,19
zhichao,2
bowen,7
jianyong,3
gale,15
hanchao,5
mengying,6
vanishing,4
regret,4
shipping,5
container,75
yucen,2
xikai,2
yangguang,2
bootstrapping,5
yukun,2
xike,2
kexin,3
reordering,6
intolerant,3
taining,2
mihoyo,2
demystifying,4
zhengjie,4
yunyang,2
jianhai,2
qinming,2
retia,2
twin,34
extrapolation,5
kangzheng,2
guandong,2
kvsagg,2
yuhan,10
fangcheng,2
chaoyue,2
uav,6
jingfei,2
xingyuan,2
guozheng,2
qixu,2
akhlaque,2
ahmad,22
lyuheng,2
guimu,2
rowan,5
chengcui,2
stitch,3
saves,16
yihao,2
ang,3
brit,3
youngmann,3
cafarella,2
yuval,10
moskovitch,6
daomin,2
opponent,5
zuohan,2
libin,7
landmarks,5
schain,2
haizhen,2
chengyu,2
lumos,2
qiying,2
lingyang,2
pristi,2
diffusion,29
univerisity,2
yanjie,2
enld,2
xuanke,2
zhimin,2
yunfei,4
youtu,4
shuaishuai,2
simplex,97
zhuochen,2
uhlig,2
qmul,2
shangdi,3
julian,51
shun,5
speeding,52
zhaoheng,3
yongjoo,3
alsaedi,2
nasrin,2
sohrabi,2
redowan,2
mahmud,2
curtin,4
zahir,2
tari,2
histsketch,2
compact,123
jintao,4
qun,9
sketchconf,2
fenghao,2
rencoder,2
haoyu,4
huanchen,2
laurens,2
kuiper,4
cwi,9
hannes,5
hleisen,2
hgmatch,2
hyperedge,2
subhypergraph,2
zhengyi,2
antai,2
shunyang,2
tangpeng,2
shijiazhuang,2
tiedao,2
yisen,2
fasi,2
fpga,12
isomorphism,53
xunbin,2
yinnian,2
yansheng,2
ruisheng,2
sinno,2
interpretability,5
wangjun,2
rotary,5
arbitration,2
elmore,24
franklin,70
wujiang,2
shaoshuai,2
mingming,2
mybank,4
xiaobo,2
qiongxu,2
xiaolei,2
linxun,2
zhenfeng,2
bjtu,2
gurion,12
jinyang,5
colluding,2
attackers,5
polyu,2
qingqing,3
chengfang,2
kaiqi,1
jiachi,1
yubo,3
zhenqing,1
nvm,18
lixiang,2
ruihao,2
peiquan,2
universiity,1
ifca,2
radio,79
roskilde,4
sheffield,6
torben,2
pedersen,2
wenfei,3
wenzhi,2
ruochun,2
weijie,4
wenliang,5
weicheng,2
hongli,2
liusheng,2
yusheng,2
chong,9
xian,4
terminus,2
knock,4
practicality,4
zhanfeng,2
lianghao,3
yizhen,3
huance,3
logical,27
shuheng,2
guanghua,3
zezhou,2
chenhong,2
changhao,3
danlei,2
qichen,2
linsen,2
zju,3
partitioner,2
nikolai,4
merkel,2
ruben,2
mayer,33
tawkir,2
fakir,2
betweenness,6
tongfeng,2
lhmm,2
hmm,7
jiajie,9
junhua,4
pingfu,2
roads,27
orchestrating,10
spgemms,2
taehyeong,2
hanyang,14
seokwon,2
myung,2
hwan,5
jang,3
wook,15
yongjun,2
yonsei,3
rademacher,3
averages,10
pellizzoni,2
vandin,2
padova,9
coclep,2
yuhai,4
caihua,2
zhengkui,4
yael,3
amsterdamer,2
ilan,17
davidson,2
tova,4
milo,5
kathy,3
razmadze,2
somech,2
hsi,4
sinica,11
uic,4
syan,4
yehong,2
hongkong,1
mengxuan,4
zizhuo,2
xubo,2
yunkai,2
revisit,19
yiqi,2
data61,2
csiro,7
uadb,2
booster,3
hangting,2
zhining,2
miscrosoft,1
huishuai,2
angelos,2
anadiotis,2
ioana,4
manolescu,3
madhulika,2
mohanty,3
saclay,2
autoce,2
spreadsheet,10
dixin,2
fanchao,2
jeaseok,2
tana,3
wattanawaroon,2
kasetsart,2
seshadri,3
eliana,3
pastor,3
torino,8
baralis,2
luca,11
alfaro,4
privnud,2
yaohua,2
zhigang,2
mixer,3
yanchi,2
percolation,19
yiwei,3
geofencing,2
weipeng,2
jierun,2
edmund,6
sumpena,2
westview,2
sangtae,2
chul,2
jinzhen,3
kentucky,10
whitney,3
xubin,2
lipeng,2
klasky,2
norbert,5
podhorszki,2
couper,4
unbalanced,20
xun,3
shiju,2
hongxuan,2
xuntao,2
layph,2
layering,24
shufeng,2
yongze,2
metam,2
haralampos,2
gavriilidis,2
kaustubh,3
beedkar,2
autoac,2
guanghui,2
zhennan,2
zhuoer,2
chunfeng,2
yihua,2
triple,48
derong,2
kyun,2
yeon,3
kyungsik,2
dlsm,2
jianguo,4
prishita,2
kadam,2
walid,11
aref,13
seign,2
nasrullah,2
sheikh,4
reinwald,2
giacomo,2
domeniconi,2
orm,2
zhaoguo,2
chuanwei,2
sjtu,3
jinyuan,2
eulerfd,2
qiongqiong,2
jingyan,2
sai,8
yanbei,2
moura,2
fed,5
songjie,2
shanghaitech,6
youlong,2
kewen,2
australian,18
catholic,6
chengfei,2
mingjian,2
westpac,2
koyel,3
raunak,2
shiv,3
saini,14
karanpreet,2
khushi,3
harsh,6
kesarwani,2
iit,42
roorkee,3
kavya,2
barnwal,2
ayush,2
yanchuan,2
yuxuan,2
egemen,2
tanin,5
shuming,1
rs1,6
rs2,4
is1,5
rs3,7
rs4,4
is2,3
ss1,4
rs5,5
rs6,6
is3,3
rs7,4
rs8,5
rs9,5
is4,5
rs10,5
univertiy,1
rs11,6
rs12,6
rs13,5
tianzhen,1
rs14,6
rs15,6
rieur,1
electronique,1
rs16,5
is5,6
rs17,5
rs18,4
rs19,3
is6,3
ss2,4
rs20,3
yassin,1
eltabakh,1
rs21,4
rs22,3
rs23,4
rs24,4
rs25,3
vs1,6
vs2,6
vs4,6
vs5,6
vs6,6
vs7,3
vs8,6
vs9,5
fordb,1
vs10,5
vs11,6
vs12,5
vs13,6
vs14,6
vs15,6
vs16,5
vs17,6
vs18,6
vs19,4
vs20,6
fosters,6
farther,12
parenthesis,3
cmt3,4
icde2023,4
melanie,4
herschel,18
ipvs,1
shantanu,187
lidan,2
sabur,3
baidya,3
louisville,1
johes,1
bater,1
tufts,7
bitan,1
fariha,1
zoi,1
kaoudi,1
vasiliki,1
kalavri,1
seokki,1
cincinnati,9
nisha,60
panwar,59
augusta,2
romila,1
pradhan,11
hiteshi,1
pratik,1
soni,1
utah,29
taft,1
cockroach,1
roopa,1
vishwanathan,1
xiaoli,2
kaiping,2
cmt,7
proceeding,6
attach,50
tape,32
solicit,4
creatively,5
50mb,1
impression,31
mpeg,24
mp4,1
yeye,5
holger,4
pirk,4
strips,35
erasers,1
magnets,50
presenters,7
exemplar,19
aoe,3
mandatorily,1
requisites,1
enumerate,1
urls,13
laure,2
berti,2
equille,2
postech,4
pertinent,6
carrying,31
adhere,11
timetable,1
catering,8
acceptances,1
discouraged,7
clarification,10
necessitating,1
themis,8
palpanas,3
nesime,3
tatbul,3
exploding,5
cidr,29
olap,6
auction,7
anonymity,3
alon,37
halevy,4
buneman,1
surajit,4
chaudhuri,4
anhai,4
gehrke,3
hank,10
arun,33
ozsu,2
chiew,1
stan,45
zdonik,1
uncertain,42
resubmitted,1
stringently,1
reviewer,13
stereotyping,4
urgs,7
vigilant,3
guard,17
unintentionally,4
raising,33
avenue,13
hussah,1
alrashid,1
nkechi,1
akwari,1
gerard,15
colaco,3
pratyoy,4
justo,3
yasaman,1
jafari,4
baharan,1
khatami,1
rithwik,1
kerur,1
yongyi,1
mehnaz,1
tabassum,1
mahin,1
tomal,1
jannat,1
ara,7
meem,1
kirtiraj,1
yuehan,1
shihab,1
rashid,1
saeedan,1
nripsuta,1
akil,1
sevim,1
shekufeh,1
shafeie,1
louisiana,17
lafayette,6
zhuocheng,1
shahrzad,1
haji,1
shirazi,1
maria,19
despoina,1
siampou,1
turnau,1
fuheng,1
prices,24
proactive,29
sincerely,5
ziawasch,2
abedjan,2
ippokratis,2
pandis,2
tiers,4
banners,2
handout,2
advertisement,14
booklet,7
complimentary,9
exhibition,36
bronze,9
harassment,18
bullying,3
inconsistent,9
eventconduct,1
socioeconomic,10
persuasions,1
abide,3
socc,3
dbdni,2
missteps,1
healthier,21
complaints,7
alexandra,6
meliou,2
embrace,5
indifferent,1
households,4
oppressive,4
suffered,9
inhumanity,1
enslavement,1
intersex,1
agender,1
identities,12
plot,125
palette,1
reinforcing,3
feminine,1
secretary,10
attractive,38
infusing,2
adopting,18
embracing,7
overused,1
nationalities,1
bano,1
depictions,1
icons,5
illustrations,13
depicting,7
consciously,5
nouns,16
chairperson,2
facial,27
permeate,1
unintended,6
responsibly,3
ama,6
journalofethics,1
assn,1
arunis100,1
b5f40e003815,1
knodel,1
callforpapers,1
wikipedia,134
urldefense,8
czaukj42guquvttmvmpviyevsg,2
jp5d3pgst2rynqxvh,1
zxuqr6lmt2vusf5qkbt30zvqgzt1,1
te5i5mv7a4lqhqubcsazlinwp85dqtln4,1
anshuman,1
doulkeridis,1
pireaus,1
sallinger,1
erkang,1
flip,60
korn,68
huiping,1
ramachandra,1
kjetil,1
letizia,1
tanca,1
mario,23
mior,1
renata,1
borovica,1
gajic,1
wrembel,1
poznan,5
shraga,1
verena,1
kantere,1
junqiu,1
yanhao,1
katsis,1
yash,5
zhuoyue,1
suny,7
alekh,1
jindal,2
keebo,1
alessandro,7
margara,1
germain,1
forestier,1
haute,1
alsace,1
zoumpatianos,1
sourav,10
tingjian,1
lowell,6
farooq,1
minhas,1
anastasios,3
kementsietsidis,1
aris,1
gkoulalas,1
divanis,1
cagatay,1
demiralp,1
instacart,1
danh,1
phuoc,1
dippy,1
dongxiang,1
ekaterini,2
ioanou,2
tilburg,2
fenglong,1
ileana,2
jiajun,1
jianbin,1
kantikiran,1
pasupuleti,1
katsiaryna,1
mirylenka,1
galanis,2
linardi,1
cergy,1
minjia,1
poppe,1
boniol,1
pedro,45
pedreira,1
rajesh,44
bordawekar,1
ruiyuan,1
saket,1
sathe,1
kejser,1
denmark,32
harizopoulos,1
bortoli,1
tieke,1
tristan,1
allard,13
irisa,1
vasilis,2
efthymiou,1
christophides,1
ensea,1
etis,1
nec,12
yifeng,2
grande,2
yufei,1
yuwei,1
zonghua,1
zsolt,1
istv,1
darmstadt,6
manegold,2
bhattacharyya,1
atsuyuki,1
morishima,1
jaideep,7
vaidya,6
gamper,1
bozen,4
bolzano,4
kantarcioglu,22
pierangela,1
samarati,1
universita,1
lehner,1
dresden,5
velegrakis,1
utrecht,12
yoshiharu,1
nagoya,2
abolfazl,1
asudeh,1
ghazal,1
mahmood,2
lerner,1
fribourg,1
zufle,1
mason,12
anton,15
dign,1
bhattacharya,8
kanpur,2
ashish,27
boris,7
glavic,1
botong,13
caleb,7
danica,1
porobic,1
daniele,3
bonetta,1
demetrios,1
zeinalipour,1
yazti,1
papadias,1
ferrari,3
varese,1
warsaw,9
ghinita,1
hamad,1
khalifa,1
papastefanatos,1
modena,4
reggio,2
haridimos,1
kondylakis,1
sabek,1
teubner,1
dortmund,10
juan,20
sequeda,1
junjie,11
stefanidis,1
tampere,2
programme,10
fragkoulis,1
hero,6
lissandrini,1
ramanath,1
grossniklaus,1
konstanz,31
gubanov,1
mathioudakis,1
mingxuan,1
qatar,8
yakovets,1
nikos,1
mamoulis,1
ioannina,1
odysseas,1
papapetrou,1
petko,1
bakalov,1
esri,2
qingsong,1
qizhen,1
rajeev,2
reynold,13
roberto,93
yus,65
ruoming,1
shimin,1
srikanth,2
kandula,2
stefania,1
dumbrava,1
ensiie,1
stefanie,4
scherzinger,1
passau,2
tianhao,1
tuan,19
dinh,2
weiguo,1
weilong,1
weixiong,1
xiangmin,5
memphis,1
yanqing,1
yingxia,1
bupt,1
yuncheng,1
zhongjun,1
zhongle,1
french,21
grenoble,13
alpes,3
iisc,10
vagelis,5
hristidis,5
ilaria,1
bartolini,1
evangelist,1
28th,23
react,28
releasing,4
sequel,21
hollow,7
knight,20
valorant,1
weekdays,2
lesley,2
shirts,7
zeina,1
harden,2
vitoria,1
mendez,1
laptops,22
rodas,2
hopefully,66
doubling,26
majoring,26
sweet,12
welcomed,10
mckenzie,9
striving,2
inclusiveness,6
influencing,8
discretionary,3
emerita,21
distracted,7
restoring,6
outlets,15
npr,18
atlantic,33
bbc,21
museums,2
robotic,24
looms,3
disseminating,4
shannon,15
honoree,10
levorato,73
guggenheim,23
storyai,2
recrafting,25
aistory,4
culturally,12
machinists,2
boosts,9
loom,25
weave,10
cloth,6
tapestry,4
harking,1
jacquard,2
melisa,2
orta,2
carolyn,16
ros,3
thirst,1
textiles,6
weaving,21
innately,1
similarities,19
unrelated,9
kit,41
robo,9
divide,98
shred,2
joey,5
mechatronics,2
creations,2
decorative,5
leash,1
pet,33
pave,10
suspect,19
crafts,2
textile,9
diversifying,2
122a,3
summer25,1
s16,1
1nf,1
2nf,1
3nf,1
bcnf,1
w25,5
s24,3
s23,27
f21,2
s21,5
s20,6
w19,5
s18,3
w18,5
s17,1
w17,2
s15,1
jdbc,1
tomcat,97
recaptcha,1
w24,1
w22,2
f20,3
f19,9
f17,8
f16,1
f15,2
heap,112
buffer,17
unclustered,1
isam,1
volcano,2
w20,4
f24,1
redis,1
memcached,2
cassandra,5
neo4j,1
s19,6
stemming,9
phrases,3
223,145
170ab,1
w21,4
finale,1
f23,2
f22,1
moming,1
agamotto,1
lianggui,1
yihui,1
bundled,2
wfbench,1
junheng,5
xiusi,9
dataplat,5
xiaozong,11
liya,11
dachuan,11
vaccine,19
mandates,7
yawen,8
changyang,10
icdt,9
yuwen,5
ganesh,7
quishi,5
tera,11
inves,2
3597,6
3606,8
bsmdma2018,1
3723,3
3732,4
zigzag,7
phanwadee,7
deem,3
seungjin,1
kishore,19
narendran,1
xuxi,1
jimmy,3
subsequence,88
yaoshu,4
tods,31
georich,3
madhusudan,5
mahn,5
till,37
1905,20
1916,6
841,53
852,60
328,103
knowl,7
461,77
475,50
972,22
384,243
skif,2
khodaei,3
geoinformatica,3
563,65
596,81
yingyibu,1
chemoinformatics,1
ramzi,1
891,67
lingjie,1
1093,26
nar,3
gkr1246,1
biotracer,1
tldks,1
6990,5
2551,9
2556,17
shengyueji,1
dexa,11
bull,30
467,79
sail,8
3745,5
3762,4
christley,4
275,95
encyclopedia,20
2441,5
hadjeleftheriou,1
1213,10
1229,13
703,62
724,110
gir,1
ramaswamy,6
hariharan,21
bijit,41
hore,41
protecting,23
amitabh,13
chaudhary,29
avigdor,1
gal,2
prasenjit,3
mitra,5
368,99
disseminate,14
amitabha,9
bagchi,24
rada,2
chirkova,2
iosif,20
lazaridis,23
mayur,7
comad,4
schmueli,1
bremen,4
paraskevas,1
lekeas,1
cikm,14
xguard,1
leakage,17
containment,5
conjunctive,1
yufeitao,1
haixun,1
538,75
552,84
227,98
materializing,1
wrapper,2
dongdong,2
widm,1
generator,55
haiyan,4
657,61
662,53
acapulco,1
hector,7
molina,16
gio,6
wiederhold,3
792,36
hakan,10
hacigumus,12
bala,5
iyer,11
bindings,2
30th,54
mayank,1
bawa,1
412,69
beitao,1
disks,145
kluwer,7
329,99
horseshoe,1
lbj,1
ramana,3
yerneni,3
israel,36
replicas,4
archiving,9
292,113
tsimmis,2
vassalos,1
murty,1
valiveti,1
564,83
566,64
rime,1
bubbleup,1
fodo,1
kobe,3
poe,3
workstation,9
weiqiang,2
meiming,2
microcomputer,1
hicomm,1
dingxing,1
weimin,3
appt,6
dnazip,5
perftest,2
snp,5
840mb,1
goldenpath,1
mitochondrial,3
subdirectory,7
dbsnp,3
140mb,1
refernece,1
ncbi,9
snps,4
snp129,1
418m,1
kindly,8
wheeler,5
jwb,7
subdiretory,1
compresses,1
uncompresses,1
unneeded,1
84mb,1
posfreq4,1
mer,8
4mb,5
decompressed,1
russ,3
altman,1
foundaton,1
2200274,1
ochca,1
packge,1
scaleup,1
fuzzyjoin,5
patch,60
changelog,21
repeatability,7
workability,3
bellow,1
83mb,1
citeseerx,1
csx,3
591mb,1
0910989,1
disqus,2
stationery,1
thijs,1
chat,163
olark,1
asscociate,1
slows,1
versatile,16
kubernetes,72
lakefs,1
versioned,2
iceberg,21
daunting,4
smoothly,20
nccs,1
alcf,1
olcf,1
porting,1
parallelization,9
escience,8
cug,3
pearc,1
lopsa,1
swift,3
ccgrid,3
grid,340
retrieva,1
entific,3
expl,3
oration,3
arge,18
nguage,1
dels,1
lms,20
unpr,1
ecedented,1
ower,2
rrent,4
ounter,1
ajor,1
eff,3
ective,2
loration,1
kno,3
wledge,3
rieval,3
mented,1
eration,1
rag,20
cently,1
menting,2
unded,1
asets,1
scuss,2
ucturing,1
ras,9
roach,1
hich,1
hances,1
imp,5
roving,1
ality,3
uctures,1
racting,1
tities,1
ations,1
aphs,1
egration,1
omise,1
awei,1
iken,1
fessor,1
ebel,1
hool,1
puting,8
linois,1
ceived,2
gkdd,1
ovation,1
ward,19
004,98
eee,25
ciety,3
ievement,2
llace,1
dowell,1
unai,1
018,72
eing,1
evated,1
llow,3
oyal,1
nada,12
rved,1
rector,2
ormation,15
twork,2
nter,10
narc,1
ported,1
liance,1
ogram,1
oweng,1
exc,1
ellence,1
nded,3
d2k,1
ini,6
tiative,1
rving,1
cutive,1
mittees,1
nters,2
mli,1
lecular,1
itute,1
tional,3
uide,1
fou,1
ndation,1
ins,15
titute,2
unde,1
rstanding,1
rough,13
egrative,1
covery,1
env,6
ironment,1
cheaper,14
disentanglement,1
deals,37
loosely,3
incur,3
impart,3
zendb,1
invoices,4
programmatically,1
blueprint,7
twix,1
infers,2
extracts,11
candid,2
honest,8
deciding,36
demystify,1
dorothy,7
manning,3
cics,1
backbones,1
computatio,1
nal,1
querier,4
zkps,1
tackles,9
zksql,1
libra,1
cryptographic,42
deck,5
benchmarks,28
leaderboards,1
torr,5
unitxt,1
agentic,11
nlg,1
affective,5
gem,6
squared,34
lrec,1
coling,1
tain,2
sdsc,1
wfcommons,2
nationaldataplatform,1
democratizing,2
respectful,7
envision,12
itajub,1
igs,2
hotspots,1
aborts,2
slw,2
wasted,10
cascading,14
statically,1
predetermined,6
86x,3
p95,1
tehran,19
metastable,19
gsl,5
investments,13
pytorch,3
tqp,2
floors,7
manned,1
sells,12
southwesterly,1
cab,2
shoot,17
directional,3
campusmap,3
infosys,3
dhs,32
htc,1
fxpal,7
telekom,3
amoudi,1
ghigi,1
anurag,10
arjun,19
satish,14
confluent,109
garblecloud,1
samak,1
mateo,5
massaguer,23
dhrubajyoti,29
dmitri,254
kalashnikov,295
verizon,2
eun,7
nashville,3
maxon,1
qmerit,1
jinsu,1
marsal,1
jonathan,127
cristoforetti,2
robinhood,2
sunnyvale,2
mowhebat,5
bazargani,5
pinaki,29
mines,4
azure,3
qiuxi,15
rabia,49
turan,42
interos,1
altos,1
wooyoung,1
qualcomm,6
xingbo,12
ould,1
ike,3
cor,3
dially,1
vite,1
umni,1
roup,6
oin,1
vent,4
reer,1
ories,1
njoy,1
ursday,1
12pm,3
35pm,2
45pm,7
lobby,7
15pm,5
nalini,424
45am,2
buttons,6
attendee,8
cps,48
cpsrisingstarsworkshop25,4
srds,28
showail,16
partnered,14
cordially,1
reunion2024,1
bender,11
farach,6
colton,3
komlos,2
birman,11
cascade,14
looupenn,1
20k,6
welcoms,4
certifying,9
2246,11
defends,18
isabel,5
anand,27
deshpahde,8
backends,11
ingenthron,9
shedding,18
weiser,10
percom,74
smartspec,140
webapp,13
nandit,9
soparkar,9
ubiquiti,11
tippers,34
warfare,12
navwar,12
notary,19
attestation,12
nca,16
guoxi,42
mamadou,27
tcmc,5
socaldb,2
socaldb18,2
pleased,32
4pm,13
fridays,23
logged,977
diallo,28
ardalan,23
sani,22
aframe,1
1685,8
associative,13
carbeast,3
arbor,15
advises,4
yorktown,2
98886479081,1
94559511434,2
layouts,130
administrator,72
sagedb,1
dsail,2
einblick,1
amplab,1
vmware,9
sdk,1
ruby,4
amp,5
maintainers,8
spymemcached,1
unmasking,2
resurrecting,1
complexities,19
clauses,7
renaming,6
consolidation,25
aggregates,3
unmasque,2
potent,2
btech,2
madras,3
96160303043,3
skype,10
traded,4
honours,1
kharagpur,11
bloomington,3
maters,1
visionary,10
nasscom,3
exporters,4
pune,20
seap,1
csi,4
zonal,4
ispirt,1
i4c,1
uidai,1
desai,37
sethi,4
governors,3
patna,1
allahabad,1
gokhale,1
deasra,1
orbit,56
ashok,12
korwar,1
sonali,1
dbh3011,1
alterations,1
verifiers,1
intentions,16
accumulated,9
rewritings,1
postgresql,45
crowdsources,1
wedgeblock,13
pelopartition,13
dapps,7
lazily,1
punishment,3
offchain,1
peeyush,87
tippersdb,11
traction,10
realizing,40
outages,10
forks,3
outage,81
hint,41
branches,18
merged,90
recovered,5
decouples,1
relieves,1
rock,24
chained,1
boasting,3
manoa,5
photograph,14
chun,40
smartparcels,14
revolve,16
sensorized,16
characterize,87
realism,7
instrumented,8
instrumenting,2
smartspaces,1
parcels,3
embeds,3
geophysical,11
planners,2
timeliness,14
utilized,22
retrofit,3
crocodiledb,17
columnar,4
inferred,8
quip,14
moore,58
outpaces,2
aggressively,9
intelligently,6
deferring,2
invalidated,4
optimizes,10
deferment,2
timing,28
schedulers,2
intermittent,10
minimizes,17
modifying,15
rela,1
imputations,5
bloom,55
imputedb,2
exten,1
sive,1
magnitudes,3
92445274511,1
threat,23
outsourcing,43
adversary,13
deduce,9
buckets,5
bucketing,2
adversaries,7
passively,2
observes,11
fake,30
diagnoses,8
pretrial,1
obstacle,23
certifiably,2
approximating,51
hdsi,2
suciu,4
carleton,24
leopoldo,1
bertossi,1
dome,5
wildland,7
kernels,35
vectorization,2
vectoried,1
jerry,15
cambrian,2
flurry,2
memories,98
packs,5
castle,50
sram,2
natively,3
128x,1
92273445926,1
formation,142
ctm,2
customer,45
95994065982,1
locater,18
recounting,1
downs,7
dotnet,1
8406745946,1
ranganathan,8
yugabytedb,9
spanner,26
cleaner,8
postulates,2
treats,8
subregion,2
postulating,3
disambiguation,49
coarse,10
95066121155,2
survive,20
horizontally,10
async,1
committer,3
sourced,2
97063664357,1
92895672890,2
elasticity,1
densestore,1
edgetsd,1
datahub,1
decibel,1
orpheusdb,1
dataswamp,1
relic,2
polystores,1
bigdawg,1
squall,1
zephyr,1
intrusions,1
imminent,3
adp,3
afforded,5
steer,11
elke,2
rundensteiner,1
linj,1
808173003,2
programmable,25
batched,20
oana,2
balmau,2
heavy,29
undergoing,7
bridged,1
addressable,2
nvme,4
ssds,69
optane,2
undergo,11
shifts,9
invalidating,1
underpinned,1
unsorted,1
kvell,3
rocksdb,1
willy,2
zwaenepoel,1
oanabalmau,1
advent,9
redundancies,1
1975,27
newcastle,33
tyne,1
deuteronomy,2
latch,1
hekaton,1
eic,4
appending,13
mortgage,1
unfair,3
faulty,4
propagating,5
spurious,5
curate,3
discriminatory,8
subsumes,5
perplexing,5
rewrites,2
ottawa,18
sharif,8
azad,1
mashhad,1
232157494,3
spector,11
perils,7
datacenter,287
router,20
slowness,2
cascades,13
exclusion,7
append,21
feed,37
keenly,1
eventual,19
riselab,8
arrives,4
complications,13
circles,364
ensued,1
humanist,1
transarc,1
lectured,1
ion,146
stoica,4
employing,8
scheduler,51
rllib,1
autopandas,1
synthesizes,3
neurocuts,1
mesos,1
tachyon,1
chord,25
dht,1
sigops,6
anyscale,1
conviva,1
computes,15
cubic,76
tjoin,2
cole,13
rale,1
lausanne,10
austrian,1
marshallplan,1
chronicle,35
persia,2
timepoint,1
iseql,1
workings,14
rtd,1
naples,3
picariello,1
moscato,3
subrahmanian,1
toit,2
surroundings,7
proliferation,14
granularities,9
formidable,3
synchronizing,4
personicle,31
unobtrusively,3
manageable,5
momentary,6
ema,12
intervention,74
overcoming,14
endemic,1
abandonment,2
qualitatively,5
quantitatively,19
eating,25
stimuli,7
hyungik,11
lifelogging,13
daokun,39
georgios,68
vouloukakis,1
trident,3
996,39
clouberry,1
leonard,6
kleinrock,1
geffen,1
outbreaks,3
sifts,1
pathogens,4
fledged,2
forecasts,1
eleazar,1
eskin,1
quanquan,1
violet,1
noymer,1
wodarz,1
directorates,1
newsroom,3
overarching,4
grateful,40
appreciative,8
pushed,21
swade,6
stormwater,32
infer,16
illicit,3
discharges,4
alerting,11
lanl,8
nationwide,12
ecstatic,7
russell,62
bent,43
andrey,13
lokhov,13
phan,12
plasma,805
interdiction,7
thermal,66
bouloukakis,64
inferring,11
143a,10
clap,8
las,38
calculus,13
7lc,10
medipal,2
kaarthik,22
sundar,22
sequin,27
iccps,18
dce,4
pollutant,11
ecc,3
asi,2
aloha,2
achio,2
2081,8
cusimano,10
parses,10
kashani,9
cra,20
stephanie,18
saldana,3
lucretia,7
jumanah,6
almajnouni,6
iamuci,5
electro,7
acupuncture,1
transgenic,1
neuroinflammation,1
mastered,3
methodological,27
neuroscientists,6
parietal,2
deficits,2
dating,10
0491,3
2214,10
1250,11
cncm,1
stat8,1
stat120a,1
stat140,1
stat257,1
stat262,1
stat200a,1
stat200ap,1
stat240p,1
byf84ysaaaaj,1
johnston,2
ulv,2
intranasal,1
ketamine,2
cortical,2
disinhibition,1
eneuro,1
molloi,3
polivka,1
itkin,1
antunes,1
lymphangiography,1
thoracic,1
duct,1
lymphatic,1
radiology,4
309,123
e230959,1
angelo,1
canale,1
biometrics,7
1370,1
1382,10
foden,1
jaime,1
mosquito,1
cryptochromes,1
confer,3
neurogenetic,1
handsome,2
rugged,1
ovulatory,1
womens,1
gauran,1
penalization,1
836100,1
anova,32
neuron,3
lur,2
deconvolve,2
neuronal,6
366,113
109431,1
guidani,1
2103,15
03818,1
pluta,3
09718,1
brandt,3
bellmann,1
strobl,1
newton,15
pawling,2
dorr,1
wuerfel,1
demetriou,6
marker,3
acetylglucosamine,2
sclerosis,2
neurodegeneration,1
jama,4
842,63
penalized,2
mantel,1
5313,11
5332,9
gavornik,1
gandhi,7
subanesthetic,1
reactivates,1
plasticity,3
amblyopia,1
3591,4
3603,5
heritability,2
unveil,4
3305,3
3317,7
golzar,1
scheel,1
myelination,1
oligodendrocyte,1
precursor,6
differentiation,12
17413,5
17424,5
connectome,1
interiano,1
kazemi,1
komarova,1
musical,4
predictability,8
songs,12
171274,1
moyzis,2
nuno,2
greenberger,2
histocompatibility,1
mhc,1
attraction,9
daters,1
447,82
456,74
interacts,9
opioid,6
receptor,2
polymorphism,2
a118g,1
serotonin,1
1438a,1
244,104
wald,6
446,83
455,80
mkhikian,1
epistatic,1
mgat1,1
polymorphisms,2
immunity,1
parental,4
556,88
572,68
genotype,5
228,146
shachaf,1
988,53
pseudosibship,1
3236,5
3251,5
487,46
498,89
macciardi,1
guffanti,1
potkin,6
browning,1
calling,36
phasing,2
847,55
garner,1
ziogas,1
culver,7
hildebrandt,6
3847,9
3867,6
impute,1
genotypes,1
553,67
hanley,2
nitao,2
componentwise,3
hastings,2
363,87
389,74
sampler,4
177,154
196,132
cncm2023,3
drain,13
rainwater,4
nuisance,5
excess,26
irrigation,4
groundwater,7
seepage,1
pollutants,3
oils,1
greases,1
waters,4
rivers,8
bays,6
oceans,4
dwfs,3
propagated,2
inspections,1
costly,9
dwf,1
reconstructing,13
lifelines,5
underground,21
emph,4
drainage,6
conduits,2
contaminants,1
incidents,10
scarcity,7
usecase,1
scarce,5
traceability,1
ponents,4
fragility,1
realistically,3
ing,29
disruptions,7
formulate,30
opera,12
tion,1
astrophysics,2656
eddleman,654
qualifying,633
caucus,621
colloquia,648
reines,793
yodh,643
collegial,633
revolutionary,51
nanoscale,76
electron,270
accelerator,67
mon,210
physicist,104
heidbrink,56
maxwell,37
fri,171
aises,9
tue,44
batteries,64
sumio,4
iijima,4
meijo,2
microscopy,80
carbon,44
nanotubes,23
photothermoacoustic,5
nanomaterials,14
noirlab,2
exoplanet,66
neid,16
nets,38
tuhus,7
pappas,6
rigetti,6
calibrating,14
abaa,12
qubits,20
shaouly,6
shalom,6
frontier,42
particles,202
expanses,4
marijana,6
lekousis,3
saml,2
nsii,31
cpv,8
scattering,32
tev,3
colliders,6
smeft,1
flavour,4
symmetries,93
naturality,1
arguments,55
suppressed,3
alters,1
yukawa,1
smxnp,2
measurable,14
lhc,56
sizable,3
npxnp,1
collider,71
yuri,12
shirman,16
gurian,5
solids,163
electrons,116
nontrivial,29
magnetism,64
superconductivity,95
delicate,5
balances,14
excitations,30
mnbi2nte3n,1
euag4x2,1
colloqiua,7
julien,8
froustey,3
neutrino,196
instabilities,15
frh,65
2111,24
bingrong,3
erwin,5
fermionic,4
bosonic,7
feebly,1
observable,23
imprints,1
predicts,15
neutrinos,141
manifest,5
cosmic,85
solar,93
atoms,103
determinations,2
weinberg,12
energies,14
perturbative,8
regime,30
axion,3
nonperturbative,3
sommerfeld,1
cosmology,82
dirt,6
underpins,3
calculations,50
motivational,2
unifying,17
renormalization,18
asymptotically,27
neutron,20
mergers,8
oscillations,22
supernovae,13
classically,2
altered,13
collisional,3
subgrid,3
prescriptions,11
ingredient,7
shirley,3
josephson,15
trimming,2
junctions,52
divergences,2
trimmed,5
morphology,39
amorphous,11
clare,27
hopfions,18
anisotropic,19
heisenberg,19
defects,29
knotted,11
solitons,7
chiral,30
nematic,28
crystals,46
ferroelectrics,5
bose,41
einstein,40
condensates,11
magnetization,13
polarization,31
soliton,3
spin,233
ferro,2
photocathode,19
photocathodes,5
photons,23
photoelectric,5
beam,50
spicer,5
photoemission,13
discovered,117
fractional,49
insulators,34
moire,7
reversed,44
chern,25
moir,46
superlattices,19
dichalcogenides,9
macro,24
nano,117
lithium,69
mechanical,56
superconducting,45
ferromagnetism,16
hubbard,23
lattices,44
antiferromagnetic,15
filling,58
ferromagnetic,17
hole,103
repulsion,4
nagaoka,6
1966,22
dots,30
dopant,3
semiconductors,46
dmrg,8
monolayer,28
tairte4,14
qsh,8
insulator,28
neutrality,9
nonlocal,5
helical,15
conductance,25
magic,36
graphene,64
ushered,5
stacked,18
rotated,11
intriguing,53
confluence,20
silico,6
investiagtions,6
eqi,17
eventtags,11
15081,7
href,96
typeof,60
skos,40
rdfs,20
preflabel,20
datatype,40
foaf,40
separator,151
inline,396
clearfix,111
nbsp,111
xsd,26
24t00,2
e74c3c,1
rtejustify,5
20to,21
20physics,20
20seminars,20
abellame,6
15071,7
avadh,5
30t00,2
ferromagnet,12
hopf,6
analytically,4
skyrmion,8
encodes,3
periodicity,4
tangent,145
appropriately,17
curves,189
toron,2
hopfion,2
ratchet,2
balakrishnan,4
dandoloff,4
phys,287
lett,128
480,12
128975,2
493,56
129261,2
16802,6
vibrational,72
spintronics,26
hermitian,10
harboring,2
polarons,4
excitons,30
breathers,2
merons,2
skyrmions,6
kth,10
stockholm,17
tucson,7
nims,3
jsps,5
jauregui,50
15044,7
ruihua,2
17t00,1
biggest,72
coherence,31
srtio,4
functionalities,18
uncharted,3
spectroscopy,107
15041,7
chaoming,2
27t00,3
twisted,23
mote,8
ftis,2
fqsh,8
incompressible,5
fractionalized,5
fluids,10
fti,4
bootstrap,10
laughlin,2
flux,13
threading,4
abelian,7
anyons,3
transports,2
15033,7
yijin,4
07t00,1
chemomechanical,2
deformation,11
enthusiasm,10
slac,6
walker,12
characterization,113
huolin,48
15021,7
kazuaki,2
takasan,2
08t00,2
superconductors,36
vortex,16
dissipative,2
currents,9
dissipationless,3
transverse,6
supercurrent,4
divergent,2
conductivity,29
equilibrium,38
snhe,8
aharanov,2
bohm,2
honeycomb,13
hoppings,4
haldane,2
keldysh,2
dissipation,16
microscopically,2
divergence,6
ginzburg,2
landau,13
snhes,2
lifshitz,2
derivatives,10
divergently,2
rectification,42
287,103
1879,8
nat,35
744,72
blatter,2
watanabe,8
024308,2
024513,2
014520,2
matsyshyn,2
2410,24
21363,6
2503,4
14589,6
scaffidi,44
ajzarco,1
15002,7
ravin,2
bhatt,3
03t00,1
dressing,4
ultracold,2
triangular,88
arrays,46
14991,7
04t00,3
142,235
metallic,17
densities,25
insulating,18
hove,2
singularities,3
broadband,15
regimes,9
afosr,5
onr,11
acs,72
cifar,3
azrieli,3
iupap,2
javier,45
sanchez,35
yamagishi,34
catherv3,14
14989,7
incommensurate,4
kekul,2
spiral,113
experimentally,42
bilayer,22
trilayer,4
mote2,5
rhombohedral,4
hbn,5
14988,7
chunjing,2
unconventional,42
investigations,15
nickelates,4
nickelate,2
thin,111
15k,2
80k,10
epitaxial,7
strained,7
40k,2
cuprates,4
mystery,37
diagonalization,2
resonant,9
inelastic,26
rixs,2
characterizations,6
hamiltonian,49
524,92
624,79
621,61
prx,5
011050,2
bhatta,2
2502,14
01624,4
hepting,4
381,113
245115,2
2409,8
07042,4
ruqian,41
photonic,20
trapping,14
lasing,6
nanometer,13
catalysis,6
devise,11
tunneling,119
perovskite,18
chalcogenides,6
optoelectronics,9
gate,20
fogler,2
exciton,30
ixs,2
optically,9
heterostructures,44
wells,15
atomically,34
tunable,45
constrictions,2
excitation,21
quantization,4
slit,2
diffraction,18
realizable,2
counterparts,13
jayakanth,2
ravichandran,13
electromagnetic,22
tunability,3
carrier,24
optoelectronic,9
octahedral,2
cage,3
sulfides,2
photonics,38
392,64
396,62
1604733,1
4897,4
4901,11
4882,3
4886,6
tsen,1
iqc,15
uwaterloo,9
awtsen,1
spintronic,14
electrodes,5
magnetoresistance,3
memristive,1
magnons,8
anisotropy,11
stabilize,5
xlab,67
campanile,1
hyperspectral,3
luminescence,1
inp,1
nanowires,5
mos2,1
hyperbolic,337
metamaterials,3
casimir,2
equilibia,1
fluctuation,17
surfaces,206
cavities,1
coherently,3
cavity,6
polariton,1
condensation,3
quasiparticles,4
barty,32
tbn,24
insb,7
nanowire,9
qubit,13
doped,15
bi2se3,5
dichalcogenide,4
heterobilayer,2
magnetically,9
frustrated,32
spinel,5
spontaneous,24
magnon,11
waals,36
heterostructure,11
photocell,5
gabor,13
whiskey,1
droplets,2
holes,103
ultrathin,12
photocells,1
photoresponse,1
mpdpm,2
ultrafast,18
laser,149
molybdenum,4
ditelluride,2
abrupt,5
photocurrent,8
sublinear,12
picosecond,2
scialog,1
pecase,9
liquids,57
rau,2
windsor,1
jeffrau,1
analogues,6
colinear,12
decays,6
kitaev,9
intrinsically,11
dzyaloshinskii,29
moriya,2
chernyshev,43
karlo,2
penc,5
szfki,1
cdcr2o4,1
experimentalists,10
dilatometry,1
collinear,27
localised,1
judit,31
romhanyi,36
macdonald,3
web2,5
utexas,9
macdgrp,1
shingo,1
yonezawa,6
scphys,1
rotational,35
superconductor,5
axbi2se3,1
susceptibility,11
symmetric,154
srxbi2se3,2
uniaxial,5
strain,33
piezo,2
reversibly,2
suppression,8
subdomains,1
favored,6
distortion,1
cuxbi2se3,1
condens,1
matano,1
28632,1
kostylev,2
03252,1
maeno,1
appl,98
082535,1
perdew,1
chem,150
uid,292
tuf25956,1
kieron,12
burke,15
sipahigil,1
caltech,85
4135,27
frequencies,17
transduction,3
mesoscopic,2
oscillators,12
pribiag,2
majorana,12
fermions,7
ferromagnets,12
antiferromagnets,8
splitting,33
parity,24
weakening,2
stringent,5
ballistic,6
magneto,16
hysteretic,1
1909,11
07431,1
ilya,29
krivorotov,33
jiandi,1
lsu,5
xiaoqing,11
phonon,19
chirality,35
angular,56
circularly,7
polarized,17
phonons,15
reversal,24
renown,2
berry,15
ferroelectricity,10
semimetallic,6
wte2,7
interlayer,16
semiconducting,15
tmds,2
excitonic,7
dipolar,2
bosons,6
fabricate,12
tmd,8
entanglement,21
pumping,11
integrable,8
localized,18
conservation,15
protects,10
quantity,10
greenhouse,5
heated,3
sunlight,3
spinons,16
gapless,2
wildest,2
insular,2
fermi,49
entangled,6
mathias,11
scheurer,5
spontaneously,10
nonetheless,7
kosterlitz,1
thouless,1
clockwise,11
anticlockwise,1
topologically,65
anyonic,1
controllability,2
playground,52
energetic,23
superlattice,2
samajdar,3
1906,13
03258,2
07716,4
sachdev,1
1290,1
790,21
mishmash,1
popularized,17
strikingly,3
constituent,6
quantifies,4
quantumness,2
physicists,128
unravel,3
enemy,2
exponentially,36
clearest,3
nisq,3
intriguingly,3
inti,1
sodemann,1
bizarre,3
shear,7
resembles,3
crystalline,27
crystallinity,1
modulus,1
conclusive,2
dips,2
resonantly,5
generalisation,1
bosonization,2
gauge,11
dictated,4
constants,48
metals,23
resembling,12
probed,10
gun,10
spinon,8
zala,1
lenarcic,1
macroscopically,1
conserved,9
setups,9
weakly,20
pumps,3
stabilizes,5
establishes,23
inaccessible,2
itamar,1
kimchi,1
ucdenver,1
20922390,1
heterogeneities,3
nucleates,1
spins,14
conjectures,14
lieb,1
schultz,11
mattis,1
theorems,42
disordered,16
sungwoo,1
swnam,1
emitters,26
valleytronic,1
transistors,11
harvesters,2
funneling,2
tungsten,3
diselenide,1
wse2,9
microns,2
pump,3
conformally,1
deformed,3
wrinkle,2
resolvable,1
photoluminescence,1
minima,15
straintronics,1
97368257603,1
steinberg,1
racah,1
nbse2,7
exfoliated,3
tilts,2
exotic,37
pairing,21
vdw,12
triplet,4
andreev,9
probes,24
ckli,1
khodas,1
144518,1
dvir,4
598,55
7845,12
7850,5
kuzmanovi,1
ising,5
2104,5
00328,1
zeeman,3
217003,1
keren,3
3408,6
planar,1106
115401,1
electrostatic,11
gates,55
lifetimes,5
mott,1
disassociation,1
electrically,3
electroluminescence,1
broglie,1
wavelength,23
condensate,1
counterpart,3
dipole,4
actuators,14
permittivity,1
dielectrics,1
crystal,72
stacking,6
switchable,4
rarer,3
remarkably,16
wavefunctions,1
ferroelectric,4
emission,38
telecommunication,9
electrodynamics,8
hydrodynamics,25
flatlands,5
monolayers,14
stackings,2
resultant,3
fractionalization,3
controllable,9
resolving,10
diagrammatic,3
sous,1
circumvent,2
superfluidity,3
bipolarons,1
bond,23
synthesized,7
alkali,13
terphenyl,1
pumped,2
pulses,10
shubhayu,1
1310,14
stabilizing,6
binds,2
skyrme,1
baryons,4
repulsive,1
recourse,3
conventionally,6
initio,2
uncontrolled,8
mengxing,1
vanadium,2
kagom,1
lowers,2
chenyshev,1
orderings,14
dirac,22
devoid,3
monopole,2
atom,72
warranted,3
twofold,1
hydrodynamic,11
viscous,11
irreversible,1
reversible,17
hirschberger,1
handed,13
twisting,19
dynamical,21
conduction,5
thermally,4
nucleating,1
decaying,2
toy,17
kagome,3
valla,1
fatemi,1
abss,4
coulomb,10
cqed,3
trapped,8
resonators,1
chargeless,1
leveraged,26
htoon,5
nanotechnologies,5
mono,5
pillar,1
1080,14
1550,2
telecom,5
unambiguously,1
spectroscopies,1
mev,5
pseudospin,1
tmdcs,1
nir,6
wse,4
indentations,11
polymer,10
indentation,1
emitter,1
emits,4
hanbury,1
twiss,1
purity,2
pettes,6
1038,21
s41467,2
021,86
27033,1
chandrasekaran,1
piryatinski,1
sinitsyn,1
crooker,1
nips3,2
2203,13
00797,1
giulia,1
galli,1
revolutionize,39
facets,21
relativistic,15
charges,26
shining,8
halide,7
perovskites,14
spectroscopic,15
geodynamics,6
spacetime,17
semiclassical,3
bloch,1
curvatures,3
deform,1
symplectic,1
thermodynamic,7
geodynamic,3
wavepacket,2
reciprocals,6
covariant,1
flexo,1
formulation,16
relativity,14
starykh,1
continuum,15
masks,8
magnetized,1
xxz,1
kac,1
moody,1
backscattering,2
momenta,1
esr,8
k2cuso4br2,1
doublet,2
marginally,1
seebeck,1
inadequacies,3
zhanybek,1
alpichshev,1
natsci,1
respects,14
unassuming,1
radiance,6
voltaic,1
puzzling,16
faraday,14
paradigmatic,2
ch3nh3pbbr3,2
amend,1
cation,9
anharmonic,3
inorganic,19
finocchio,2
messina,5
detectors,44
amplifiers,1
mtjs,4
ultralow,1
cmos,4
torque,8
isolating,5
antiparallel,1
foundries,1
globalfoundries,1
diodes,24
magnetocrystalline,3
vcma,2
afms,2
thz,9
torques,1
101070287,1
chip,75
cl4,1
prin,1
2020lwpkh7,1
petaspin,5
micromagnetic,1
petascale,1
ekdbn,1
oaaaaj,1
adcom,1
magnetics,9
neuromorphic,113
nanotechnology,25
modifythe,1
viscosity,10
flexsoelectric,1
flexsomagnetic,1
olena,2
gomonay,2
gutenberg,27
mainz,2
noticeable,6
hematite,1
nio,2
mn2au,2
thermomagnetoelastic,1
downconversion,1
magnetoelastic,3
bossini,1
077202,1
rongione,1
1818,3
kanj,2
adv,7
eadh1601,1
behovits,1
2305,11
03368,1
sinova,1
physik,1
coercive,1
famous,73
theorem,284
correlate,10
coercivity,6
attempted,4
salt,19
surfactant,1
hydrothermal,1
nanostructured,5
monodisperse,1
nanoparticles,7
curie,6
l10,1
films,54
nanocomposites,1
25th,129
masahiko,2
gakushuin,2
zrcl3,3
superselection,2
oshikawa,4
jackeli,4
097201,2
224436,2
corboz,2
041013,2
fujimoto,2
14470,6
pollmann,2
velasco,5
confinement,14
qds,2
corral,1
circular,142
giant,30
orbital,26
stadium,3
scar,2
wavefunction,3
unstable,21
orbits,8
chaotic,11
harnessed,6
jvjlab,1
dimensionalmaterials,1
jeanie,1
crommie,1
arecipient,1
betty,5
veronika,1
sunko,2
firstly,9
eucd,2
resistivity,7
neel,1
euin,2
deduced,8
drastic,1
promoted,25
itinerant,1
2208,9
05499,3
2005755,1
riberolles,1
picometers,6
hamiltonians,6
scars,13
superdiffusion,5
topologies,11
imaginary,18
ultraviolet,11
asml,14
frenzel,3
supplier,1
lithography,4
chips,6
greener,2
euv,4
nanometers,6
microchips,1
tin,3
lpp,1
investigated,23
radiation,59
debris,14
romhanyl,1
erossi,1
ruixing,1
tennessee,4
mzms,2
realizations,5
lifeas,1
luttinger,2
semimetals,1
baskaran,1
iitmadras,1
matscience,1
abound,4
afm,1
solvable,15
isotropic,3
sublattice,1
goldstone,1
metalstable,1
pointed,52
yongtao,1
fillings,1
cousin,5
metrology,12
fermion,3
hybridization,2
homobilayer,1
maksym,1
serbyn,1
ist,5
eigenstates,6
reminiscent,4
pxp,2
rydberg,1
tdvp,3
floquet,1
moudgalya,1
unitary,11
fragmentation,19
commutant,1
generalization,50
superoperators,1
superoperator,1
2309,3
15167,5
hovden,1
distortions,4
distort,3
modulate,5
unrealized,1
extrinsic,9
impedes,2
fragile,3
polytype,2
cdws,1
lifting,29
cdw,7
twinning,1
twinned,1
commensurate,4
structurally,4
interleaved,6
polytypic,1
endotaxial,1
ohmic,7
ultrapure,6
pdcoo2,5
1960s,8
pdcoo,3
propagates,6
disperse,2
refract,3
nonsymmorphic,10
bilinears,2
nonintuitive,2
couplings,2
impurity,17
characterisation,2
qis,4
buildup,2
renormalisation,2
nrg,4
vmps,2
superfluid,11
amaze,3
captivating,3
lowering,11
reorganize,2
paramagnetic,2
escape,17
plasmonic,14
damping,3
plasmons,3
plasmon,4
quanta,8
nonthermal,4
photocatalytic,2
equilibium,5
equilibrating,2
drivers,33
jwst,19
galaxies,172
multilayers,8
inhomogeneities,2
bernal,4
blg,5
etienne,1
lantagne,1
hurtubise,1
hartree,1
fock,1
intervalley,1
polsi,1
613,83
alicea,10
035113,1
nadj,1
perge,1
146601,1
hayward,2
flatiron,1
galaxy,158
outflows,5
cosmological,18
violent,4
myr,1
bursts,7
precipitously,1
galactic,54
fountains,1
rejuvenates,1
restarts,2
robertson,48
hansveer,1
tractability,10
navier,2
stokes,5
shiwu,5
photochemistry,23
nanoparticle,2
mnp,3
photocatalysis,2
newns,1
heating,10
photodissociation,8
separations,9
13658,5
13667,5
xindan,1
14073,5
14080,5
1754,3
1762,6
ibid,1
shengxiang,1
nonthermalized,1
086801,1
becca,1
trieste,1
impede,2
multiples,18
flips,25
magnet,9
kin,2
fong,9
inductance,1
elucidating,6
stiffness,2
weyl,1
nodal,1
meissner,1
lidia,2
stocker,1
witnesses,3
whispering,2
kondo,11
singlet,1
chebyshev,1
mps,12
solver,14
dmft,1
szabo,2
cerh2as2,1
bilinear,28
centrosymmetric,1
ramires,1
05664,1
anshul,1
kogar,1
oscillating,1
cr2o3,1
inversion,119
preserved,15
interferometric,1
harmonic,8
unperturbed,1
incident,60
macroscopic,6
magnetoelectric,1
graham,32
uncovered,18
gurzhi,1
sov,1
1968,19
bachmann,1
819,44
011018,1
covalent,2
bonding,20
epitaxy,20
analogy,8
nematicity,9
antiferromagnet,9
cota3s6,7
quenching,8
transported,4
collisions,38
wiedemann,2
interparticle,2
timescale,4
flatland,21
manifolds,82
monovalent,12
lanthanide,11
shielded,4
valence,6
devil,13
staircase,7
ice,43
scrutinize,2
vertices,934
subextensive,2
manifold,25
quenches,6
blockaded,5
blockade,2
nanoelectronics,2
constitute,7
simulate,32
polycrystalline,5
asymmetry,5
superimposable,2
quasiparticle,3
adiabatic,5
flynn,2
asymptotics,9
sharply,4
thermalization,1
2401,12
01927,2
binghai,1
weizmann,11
ciss,1
salient,7
nanoscience,13
asme,7
ldrd,2
foe,2
foee,1
seedlings,1
isti,2
cses,2
chia,2
310m,1
scatterers,1
eigenbasis,1
nonperturbatively,1
wigner,5
2139,6
multicritical,1
rokhsar,1
kivelson,1
flippable,1
plaquette,1
043172,2
1103,20
physrevresearch,1
njvq3kubb8kdqrff9mx0h0izhhhzniunzfhy1,1
qnqvcjxyfqprchumr8pmq5aryfbx1yugphtskcgyfhvuwrbt1y,1
xbfiw,1
czap,31
stm,38
shielding,3
inhibits,1
magnetoresistive,1
unpaired,5
europium,2
qudit,1
samarium,1
kramers,1
2408,9
11335,5
calit,1
3008,11
wavelengths,18
micron,8
nitrogen,5
qes,1
mos,1
inse,2
metamaterial,1
emit,4
11006,5
11012,5
1311,5
1316,13
photoexcitation,5
thermometry,1
photoexcited,1
quenched,3
voltages,1
anomalously,1
coplanar,15
tetrahedron,221
takagi,1
968,46
comm,30
8346,11
archana,7
ws2,2
uncover,10
hybridized,1
berkeleygw,1
fruitful,7
foundry,2
sood,1
haber,3
carlstr,1
peterson,38
barr,3
reid,21
zajac,1
regan,10
taniguchi,2
neaton,1
heinz,9
lindenberg,1
jornada,2
susarla,1
naik,1
blach,1
zipfel,1
louie,1
ercius,1
6625,9
1235,7
1239,2
brus,1
heising,11
simons,74
alivisatos,1
nanostructures,7
lbnl,1
blanche,1
kasindorf,1
nanofluidics,8
nanofluidic,19
ions,43
waterenergy,2
membranes,11
exquisite,2
heterostructuring,2
qtm,2
twistronics,2
lasers,27
spectrometer,10
flatbands,5
underexplored,2
fertile,4
multifunctional,6
vastness,2
geometrical,28
mixtures,36
vicinity,2
monopoles,9
dft,20
photovoltaics,9
multinary,3
chalcogenide,4
sculpting,5
dichotomy,3
contrasted,5
nathanan,1
tantivasadakarn,1
unsolvability,1
quintic,4
unambiguous,13
blum,2
numerically,11
fhi,3
photovoltaic,1
stoichiometry,1
crystallize,1
ionic,121
radii,30
detrimental,10
antisite,1
eusnse,1
mitzi,1
rooney,1
lord,10
durham,22
erlangen,1
pursued,6
fritz,2
roderich,1
moessner,2
mpi,12
iseb1310,2
unusal,1
fractionalised,1
thermodynamics,1
1218,9
stiles,4
crossbar,1
resistors,5
hopfield,1
nist,19
shifted,11
holdsworth,1
ecole,11
normale,2
superieure,1
dumbbell,1
deconfined,1
reconstructed,4
bartlett,6
011007,1
castelnovo,1
sondhi,1
451,85
cabrera,3
1378,17
1381,3
dusad,1
234,234
239,116
knap,1
feshbach,3
unaccessible,1
kuhlenkamp,3
prl,11
zerba,2
mangeolle,1
imamoglu,1
mhenni,1
kadow,1
07308,1
lane,20
cluster353,1
flatband,1
alphago,1
untapped,5
04632,1
biosketch,3
likun,18
icfo,1
jinkyoung,2
yoo,12
germanium,1
bandgap,1
gan,7
zno,1
nanoscales,4
mesoscales,1
anodes,2
microcavities,1
nucleation,2
thrust,5
cint,3
nsr,1
microelectronics,3
pohang,1
aleksandr,4
noy,7
nanotube,6
porins,3
pore,38
lipid,3
membrane,14
protons,11
rivals,6
slip,5
proton,17
llnl,18
indefinite,9
biomaterials,2
merced,1
zuzanna,158
siwy,237
icam,3
opposition,3
tenet,3
environmentalism,1
activists,8
evangelists,1
debate,21
controversial,9
whiteson,44
pauli,1
famously,4
dismissed,6
pains,3
admits,13
ohm,2
supplanted,2
enriches,2
operates,25
rational,106
transcription,16
polymerase,1
rnap,1
proteins,5
viral,9
rnaps,1
biophysical,6
malfunction,1
anticancer,1
antiviral,1
exoplanets,49
spectrograph,8
wiyn,2
telescope,126
kitt,3
commenced,1
synergies,2
tess,15
gaia,3
mitigate,37
planets,75
warm,18
jupiter,6
eccentric,1
retrograde,2
instruments,34
exo,3
disha,3
kapasi,3
whispers,5
huffenberger,3
crossfield,5
tracer,7
atmospheres,13
kansas,6
so2,3
atmospheric,19
metallicity,3
unexpected,61
photochemical,3
1000x,3
xuv,2
irradiation,4
elemental,2
shoreline,1
abundances,2
kzz,1
teq,1
trove,34
detections,15
afterglow,1
backlight,60
illuminates,2
inflationary,1
gravitational,57
lensing,13
supermassive,30
multimessenger,1
pole,5
atacama,10
kevork,53
abazajian,92
observatories,17
ripples,1
cataclysmic,4
opto,1
coatings,3
substrates,1
40km,1
interferometer,4
ligo,13
cryogenically,1
cooled,26
scatter,6
redshifts,3
serendipitously,1
cnts,3
scientifically,8
convincible,1
hrtem,2
luckly,1
instrument,54
nanocarbons,1
1881,7
toshi,34
shuhei,3
aramaki,3
4179,13
endoscopic,5
hereditary,31
polyposis,5
therapeutics,6
hamamatsu,1
7439869093,1
familial,3
adenomatous,2
fap,3
prophylactic,2
colectomy,2
radiotherapy,2
wakefield,24
lwfa,2
microcapillary,1
millimeter,10
intensities,2
catheter,1
coated,1
microchannel,2
cpc,3
apc,1
therapeutic,5
arrhythmias,1
proliferative,3
dawson,9
267,112
mori,1
035153,1
polyps,1
growths,2
untreated,1
preventive,11
surgical,6
dose,16
spares,1
tissue,34
cancerous,1
breakthrough,82
existed,28
vapor,2
glowing,4
glow,7
hafnium,2
pentatelluride,2
jinyu,2
teslas,1
undergoes,8
suddenly,11
drops,13
revolutionizing,7
tantalizing,11
missions,1
rays,93
stretch,21
mars,61
brighter,6
magical,7
usher,1
cars,32
evs,2
mineral,7
cobalt,25
mined,4
congo,5
diamond,40
dangerous,19
combustion,9
kill,41
passengers,2
crack,15
basement,2
rowland,26
occupies,4
coin,11
plaguing,1
strains,1
withstanding,2
squishy,1
retains,5
heal,4
whereby,6
angewandte,2
chemie,5
electrolyte,14
nickel,13
carries,7
abuses,4
3325,7
fibers,17
geothermal,2
drilling,5
appeal,21
investors,16
corp,17
3353,6
billionths,1
peoples,4
creek,3
pomo,4
indians,48
bolster,8
lsamp,2
humbled,3
3355,5
atomics,12
mitigated,2
diii,33
tokamak,20
nstx,9
mast,5
3342,6
tatiana,6
overly,6
hadron,51
apparatus,11
therapies,1
endoscope,1
treatments,15
metasurfaces,7
optica,15
atwater,2
plank,6
toshiki,63
moorefound,1
3381,5
tait,63
dear,38
207,136
filipp,1
furche,1
actinide,1
complexes,32
jenny,11
reactivity,1
electrocatalysts,1
electrochemical,11
rosette,5
congratulating,4
accomplishment,9
astrobiologist,4
aomawa,43
shields,65
extraterrestrial,8
tilt,2
terminator,10
eyeball,5
astrobiologists,1
conjure,1
habitable,27
telescopes,49
moon,58
sliver,5
blob,17
mysteries,16
memoir,4
fascinated,13
hampshire,6
phillips,17
exeter,3
caught,21
recalls,8
ionizing,1
stint,12
astrobiology,9
burgeoning,6
movies,99
underlines,1
astrophysicists,10
stargirls,15
comprehend,6
hopeful,9
cusp,11
garnering,8
philanthropic,11
brilliantfuture,7
statewide,10
headquarters,2
rudolph,11
relinquished,1
origination,2
campuses,23
backing,3
bullock,40
delighted,17
convened,2
speeches,4
eddie,9
cisneros,2
underserved,73
minority,33
campare,1
outs,4
camaraderie,3
schoolwork,2
tammy,12
smecker,11
hane,11
laureates,10
mascot,7
stations,27
comrex,3
codec,5
arriving,7
rostoker,81
greeted,2
hawaiian,4
shirt,9
shorts,1
sunglasses,3
struck,9
casual,5
humor,8
preeminent,3
astrophysical,21
professorship,12
learns,20
jbhhshexy,1
esfandyarpour,2
camilo,2
cuervo,2
wyk,5
409,74
ebl,13
nanofabrication,5
urgent,6
metasurface,4
ultracompact,1
endoscopes,3
olti,3
myrtaj,4
3209,4
biden,2
yesterday,52
bestowing,1
millionths,2
billionth,2
astronomer,45
climates,5
habitability,15
extrasolar,6
3244,5
melinda,11
gormley,2
sterile,33
masses,52
reverberation,6
pressing,18
anddonald,1
471,70
symbolizing,1
commemorate,3
considerate,2
distress,4
afterward,2
unreasonably,1
hostile,3
disparaging,2
creed,1
ancestry,2
intimidation,1
unwelcome,2
nudity,1
complaint,6
phong,4
pbluong,1
oeod,2
officers,2
hotline,7
7037,8
emergencies,7
6457,10
ombudsman,1
confidentially,1
mstb,11
7256,10
helpline,3
844,33
3273,3
assault,7
consultation,16
7273,8
physadmn,4
approves,3
notifying,2
pickup,4
4129,15
1pm,13
cash,21
cards,22
kuali,2
oversee,4
cayuse,1
pis,8
bellamey,6
alison,11
strudwick,7
tonini,3
paula,4
ramos,9
phansavath,4
backup,30
iphansav,1
4129f,1
pramos,1
6367,7
4129e,1
9863,12
ucop,5
conexxus,2
hardcopy,3
app7,1
appointee,1
appointees,2
preview,11
marcia,1
aguirre,1
approvals,3
desktop,46
kfs,36
totals,2
authorizing,1
continental,6
incurred,9
fiscal,8
diem,5
gsa,2
mileage,3
traveled,9
currency,10
dollars,18
hardcopies,1
converter,3
converting,31
checkout,82
oanda,1
disbursements,1
prepaid,7
reimbursed,6
airfares,1
itemized,1
airline,6
rentals,3
airfare,2
reimbursements,3
easyjet,1
jetblue,1
ryanair,1
virgin,3
ticket,63
agreements,7
thrifty,1
ldw,2
sli,2
renting,2
decline,23
reimbursable,1
8007,7
xz32e02,1
654,70
3131,10
72105,1
7368,8
5007820,1
payable,2
voucher,1
marcie,1
ohlinger,1
sta,8
1102,9
mohlinger,1
statravel,1
itinerary,1
disclosure,22
zotportal,2
surplus,2
dispose,3
obsolete,5
owned,37
hazardous,4
unsaleable,1
furniture,3
castl,1
stockroom,1
6643,8
imri,5
inrf,1
nanosystems,2
antpac,1
pshelpdesk,2
ucinet,117
licenses,22
eduroam,7
keck,34
lick,11
rick,23
fruchey,1
rfruchey,1
b005,1
8275,11
roster,5
kaplinghat,34
rajaraman,9
barwick,18
taffard,15
ochoa,30
ricoux,28
tucker,34
kumaran,1
avila,2
banh,6
hormanza,1
cain,4
nekarae,1
willingham,1
anbarasi,2
thangamani,2
rasmieh,1
abdelkarim,1
gonzales,2
anjali,3
molzon,5
taborek,24
heicbrink,1
bardoczi,4
delgado,3
schiff,4
kirkby,31
lankford,15
buote,18
champ,4
siryaporn,25
cooray,60
sallum,16
trimble,94
murgia,28
thorsten,12
ritz,15
ratz,5
officio,1
jianming,12
urop,16
riley,26
wimberly,11
physicsgradcaucus,1
councils,1
corcl,5
calendars,120
larc,2
scantron,1
syllabus,83
classrooms,15
duties,5
manuals,3
mathematica,162
installing,49
wolfram,25
manoj,25
mkapling,2
configure,153
3122,9
midterm,204
delegated,10
seating,8
chart,150
midterms,13
desks,6
seats,13
unfamiliar,8
aisle,26
preprinted,1
seat,13
accomplishing,5
terri,1
olsen,7
staple,4
cheating,28
curving,1
backpacks,1
purses,3
clears,2
calculators,10
graphing,5
proctors,3
plenty,17
quizzes,23
unregistered,1
instruct,1
corollary,12
cheat,5
quiz,67
handing,4
dishonesty,10
graded,37
meant,37
appointing,1
appx,3
punishments,2
awarding,2
sanctions,4
scorers,1
mcat,2
lsat,2
pssazot,1
6507,7
specializations,5
topical,10
waitlist,8
mapp,5
honesty,14
sps,11
derivations,3
silent,8
bothered,2
uninterrupted,7
sloppy,3
constitution,2
galleries,9
lounge,5
2107,28
scared,3
merch,2
drinks,8
collabs,1
socials,2
discord,5
4109,14
4109d,1
4109b,1
mbanh,1
uclc,1
compton,7
millikan,1
ssbauer,1
muon,26
nmr,1
coures,1
studentaccess,2
prevented,2
prescribed,37
turns,120
testingcenter,2
activated,11
3lb,9
52a,5
bookstore,5
7ld,5
zot,20
refundable,3
reside,4
kinematics,13
exemptions,2
satisfying,31
satistfy,1
asterisk,4
20a,3
20b,2
20c,2
20e,2
h90,3
idiom,2
polishing,1
epub,11
ibooks,1
troubleshooting,104
commitmen,1
submits,5
concerted,2
sabee,2
symolloi,2
molloilabimagingphysics,2
tomography,22
myocardial,3
210k,2
researches,9
jinyulab,2
muthana,4
ghazi,4
malghazi,4
radonc,4
asp,34
dosimetric,10
mobetron,16
collimators,10
radiochromic,10
deposited,8
matlab,17
weekorby,4
1609,12
05251,2
2172,14
cumbres,5
hubble,19
submillimeter,8
1118,12
asirya,2
organisms,6
bacteria,35
advection,2
multicellular,3
biofilm,2
microfluidic,7
siryapornlab,2
220,65
deepem,5
microscopes,4
tem,4
operando,2
dissolution,2
cryogenic,4
channelling,2
intermixing,2
cathode,17
nanocatalysts,2
catalytic,4
2176,5
intracluster,2
interstellar,21
baryonic,2
kinematic,8
devoted,22
functionals,2
corrected,18
tokamaks,6
injected,5
beams,13
reaction,59
wwheidbr,2
2123,5
2180,5
nucleosynthesis,3
astro,21
210g,2
zsiwy,3
biosensors,2
nanopores,108
equivalents,9
starred,12
sophomore,16
elaborate,16
61c,2
p195,1
p196,1
ph196,1
attitude,17
freshmen,32
ph195,1
opportunties,3
registering,16
satisfactorily,4
advisee,2
p3a,3
p3b,2
p3c,1
p3lb,1
p3lc,1
p7c,1
p7d,2
p7e,1
p7lc,1
p7ld,1
p14,3
p15,1
p18,1
p19,1
p20a,1
p20b,1
p20d,1
p20e,1
p50,1
p51a,1
p52a,1
p52b,1
p52c,1
p53,1
p60,1
p61a,1
p61b,1
p61c,1
idom,1
p99,2
p100,1
p106w,1
p111a,1
p111b,1
p112a,1
p112b,1
p113a,1
p113b,1
p113c,1
p115a,1
p116,1
p120,3
p121w,1
p125a,1
p125b,1
p133,1
p134a,1
p135,1
p136,1
p137,1
p138,1
p139,1
p143a,1
p143b,1
p144,1
p145,1
p146a,1
p146b,1
p150,1
p191,1
p192,3
p193,1
p194,1
p206,1
p207,1
p208,2
p211,1
p212a,1
p213a,1
p213b,1
p214a,1
p214c,1
p215a,1
p215b,3
p220,1
p222,1
p223,1
p228,1
electromagnetism,3
p229a,1
p229b,1
p230a,1
p230b,1
p234a,1
p234b,1
p234c,1
p235a,1
p235b,1
p235c,1
p238a,1
p238b,1
p238c,1
p239a,1
p239b,1
p239c,1
p240a,3
p240b,1
p240c,1
radiative,6
p241a,1
planetary,39
p241b,1
p241c,3
extragalactic,12
p241d,1
p242,1
p243a,1
p243b,1
p246,1
p247,1
p248,1
p249,1
p250,1
p255,1
p260a,1
p260b,1
p260c,1
p261a,1
p261b,1
p261c,1
p263a,1
p263b,1
p263c,1
p265a,1
p265b,1
p265c,1
p268,1
microbiology,1
p269,1
p273,1
p291,1
p298,1
faqs,12
qualifies,2
enrolling,4
slopes,39
maxima,21
subtract,10
multiply,10
freedman,9
isbn,53
9780135206348,1
randall,23
9780135821299,1
masteringphysics,2
opting,1
7cde,1
misconduct,4
genders,11
myriad,13
rsvp,23
flowchart,3
92717960710,1
worksheets,61
skillset,2
governs,3
calteach,3
oceanography,4
dental,14
pharmacology,6
geosciences,2
worksheet,10
supportive,16
minoritized,8
intersects,19
sexuality,6
grads,11
mentees,4
undergrads,6
magnifying,2
mvp,4
longstanding,5
underrepresentation,2
aspiring,6
exceleration,2
stride,3
thrusters,1
normalize,3
donne,1
mentee,3
spreading,17
curricula,9
facultydiversity,1
devontae,4
baxter,4
dbaxter,1
mercado,6
mercadf1,1
fdollar,2
lueck,1
boehm,1
benefitting,4
syracuse,1
steiner,125
rriley1,1
coffey,1
corcoran,2
therese,8
feeney,1
hlousek,1
kimberly,6
inzunza,1
zoey,1
bianca,2
ethan,31
brien,13
rivera,5
naol,2
tulu,2
tutor,6
attiyah,11
upland,1
soccer,26
arc,125
kyle,26
callahan,40
clarita,1
boxing,2
atomspheric,1
murong,1
britpop,1
gigs,2
dachauer,1
credentials,108
tau,407
hobbies,4
marlon,1
hettick,1
oceanside,1
musician,3
trumpet,1
jazz,2
metacognitive,1
coffeeshop,1
apartment,8
erny,1
juarez,2
krueper,1
rancho,3
cucamonga,2
eta,56
mcwilliams,18
pyuskulyan,1
yoga,4
meditation,1
chess,22
rochelle,3
radzyminski,3
niguel,1
skating,4
lisabeth,2
specializing,5
undergradute,3
105a,2
105la,1
lps,1
1lc,1
1ld,1
51a,1
51b,1
51lb,1
51lc,1
70a,1
70la,1
70b,1
70lb,1
engmae,1
130a,1
assigments,1
dial,5
911,44
injury,10
envronmental,1
zonecrew,1
evacuation,7
zotalert,2
alerts,18
astronomers,117
1950s,5
ghez,9
certainty,7
strickland,5
ultrashort,4
jocelyn,12
burnell,11
pulsars,18
pulsating,2
accidentally,4
kip,6
thorne,9
tremors,2
sudbury,10
sno,11
frank,41
wilczek,3
bbq,35
patio,10
croul,3
exterior,11
barclay,12
theatre,14
superheroes,5
pslh,8
6pm,12
bldg,11
miniaturizing,4
hike,4
cove,5
fest,13
75th,6
50th,14
kilometers,10
dalhousie,4
chalk,2
river,20
kingston,13
snolab,1
radioactive,6
neutrinoless,3
lectuyre,1
2017reinesvideo,1
totality,8
forty,8
eclipses,5
casts,8
sweeps,3
rotates,2
animations,28
happened,71
smithsonian,3
diagonally,9
observers,9
glory,4
sky,33
corona,19
greenwich,1
momentarily,4
handy,2
fortunately,14
inexpensive,28
12312,7
reputable,1
beware,4
counterfeit,1
retailers,2
brick,4
mortar,3
chains,83
pinhole,8
projector,77
cardboard,11
cereal,3
punch,1
inch,9
feet,24
eclipsed,1
foil,1
skies,6
yosemite,4
wawona,1
broadasting,1
wlll,1
lots,165
galileo,2
moons,2
colliding,10
explorations,16
distinctions,4
unesco,2
niels,2
bohr,1
nolan,2
cxhp4gbr1zg,1
rosendahl,28
memorable,19
assemblies,21
unanswered,5
comics,10
infographics,2
cartoons,4
49721,1
trimblefest,1
cominsky,3
helfand,3
stella,25
kafka,6
kormos,1
buchwald,2
pasachoff,3
rees,4
rosing,5
jonas,16
tenn,2
gaurang,4
rittenhouse,3
chanan,28
gachanan,1
lynnc,1
sonoma,4
djh,1
mjr36,1
cam,8
arianna,10
carroll,4
pari,2
asantha,34
danly,1
deshefy,1
dressler,1
farmer,13
feldman,14
swri,2
faber,1
alvin,9
goldsmith,1
goodman,21
palma,1
goulet,1
hagerty,1
copernica,1
hamber,5
hanninen,6
jpl,4
heckmaier,1
henze,1
lynne,3
hillenbrand,1
katelyn,1
horstman,1
kabasares,2
aavso,1
charlene,2
kaufman,1
demet,1
kirmizibayrak,1
chryssa,1
kouveliotou,1
shri,2
kulkarni,5
kurzhals,1
arabians,1
lessor,2
connie,3
lint,3
unaffiliated,3
marjorie,5
luesebrink,1
jingzhe,1
maier,4
msjc,1
mandelkern,2
mckeown,3
roger,40
milgie,2
sophia,14
hooshang,1
nayyeri,16
betsy,1
frmly,1
jacqueline,1
reedy,1
freida,1
palmia,1
katy,10
rosenblatt,1
viviane,1
seggebruch,1
shafter,1
lorna,1
savannah,22
shively,13
silverman,12
snead,1
saguarosoft,1
snow,9
spiropulu,1
lloyd,4
stave,1
stein,13
timmons,5
tytler,1
vivian,8
vagins,12
linden,1
vikander,1
wilbur,1
zorn,2
zuckerman,1
widescreen,1
excursion,2
27th,52
glittering,2
wo5ohwfydn8,1
milky,47
xu5hhsvdyxc,1
16s,1
flickr,96
y8wxnftg,1
dundee,2
49904,1
adventuresinphysics,2
93fe5af1cd,1
7dc6770292,1
benefited,5
miniaturization,3
transistor,5
pulse,29
analogous,22
bls,1
maincampusmap,1
astroclubatuci,1
obs,1
ocregister,5
superman,1
3021,9
physicalsciences,3
utmost,4
3065,6
campusgroups,1
sops,1
boot,33
1932644,1
alcoholic,1
beverages,1
gear,7
cannon,8
vogel,8
2201,15
paine,3
montano,5
wenlu,11
systematizing,3
nanopore,47
molded,3
bismuth,5
15088,7
15060,7
15058,7
15057,7
28t00,3
15050,7
29t00,1
15047,7
dylan,20
15046,7
crisostomo,7
11t00,1
15043,7
99672185708,3
15042,7
fieg,2
15040,7
lat,6
halo,3
m31,2
defnse,5
defensetitle,2
vibrationally,14
pavel,12
maksimov,7
persichilli,5
graus,3
boizelle,4
karwin,1
lillard,2
leidenfrost,2
helium,17
wallacm1,2
polymerases,2
calvin,9
calvinjl,2
microenvironments,4
regenerative,2
antibiotic,3
acceleraton,2
plasmas,21
nanoporous,8
quartz,10
microbalance,2
nothings,2
stops,16
higgs,58
wheels,13
crayfis,7
phat,3
elvis,2
subhaloes,2
mallin,2
albin,1
feh,1
antrim,1
nicks,2
perebikovsky,1
wallace,8
ralucas,3
cargo,8
motors,27
vobyn,2
mbovyn,2
plaase,2
gaswint,3
ggaswint,2
dusty,9
photometric,11
dnwilson,2
electrocatalyst,5
electrokinetic,8
prantik,5
gravity,35
sunny,4
lhyu1,2
yifant,2
theis,3
mturvey,2
casas,1
turvey,1
mingru,1
bovyn,2
dwarf,21
jingy23,2
faint,5
wimberlm,2
beier,3
nbeier,2
relativistically,2
modulation,17
stanfield,3
stanfiem,2
quarks,6
dillon,3
bergerdt,2
swaney,3
jswaney,2
transmutator,3
tanner,8
jetanner,2
disappearance,7
numi,3
nova,65
nitish,22
nayak,10
nayakb,2
5020,6
andrade,3
mechanotyping,5
microfluidics,3
nonstandard,2
lore,5
baryogenesis,2
taming,5
94359916854,2
resonances,8
hydrogen,29
hollingsworth,1
sawaya,1
yvonne,1
4020,3
arakawa,3
cody,14
combs,5
92953814262,1
revelations,2
sagnac,2
interferometry,4
quiet,11
halos,5
femtosecond,17
reciprocal,4
cryptochrome,2
compass,28
shawn,90
strausser,1
mishu,1
lubin,5
mickelsen,2
210m,1
pederson,3
daya,15
muons,3
gravothermal,1
meg,2
interiors,7
nanostructure,1
sidm,1
numerics,2
slippery,1
mechanically,2
desi,27
lyman,1
presheath,1
turbulent,7
scrape,7
jets,3
uhecrs,1
reionization,3
boson,41
isotopic,1
frankenthal,13
faser,49
applause,9
hawai,7
peculiar,7
unravels,5
pais,6
bianchin,11
gruber,8
transformable,4
lobo,7
decipher,7
imperfections,9
jam,22
gopi,186
mohlabeng,13
chestnut,4
icuil,8
academica,5
academician,11
vasquez,9
dennin,19
referee,13
icanx,10
gmag,10
maradudin,13
detects,14
hellman,22
towering,4
barnard,25
singing,6
bombed,5
nevada,11
carol,11
eddelman,4
podcast,56
quasar,30
phystec,18
publishes,14
sobel,48
subatomic,12
safer,25
emissions,12
narrows,2
blu,11
disc,133
quarantine,41
cheddar,6
kamiokande,37
astronaut,7
orbiting,38
townes,8
cuwip,8
feenberg,8
aapps,13
subramanyan,10
chandrasekhar,17
gemant,9
championing,11
mourning,5
zquez,7
abc,35
grounds,8
lonesome,4
cosmologist,2
casper,13
astrophysicist,19
rapt,2
lifelike,9
nanocrystal,4
alfven,8
lunar,16
ammonia,7
heinlein,9
californians,4
nanotechnolgy,4
macronix,8
wood,75
newswire,7
whistling,4
whistles,6
woman,28
nonproliferation,7
asteroid,8
interviewed,42
satellites,16
centaurus,51
wakefields,14
debuts,7
keithley,7
celestial,7
pervade,5
theorized,5
blazes,2
friedrich,8
bessel,11
hilarious,5
revolutions,5
fisk,15
bernd,25
simona,20
mysterious,18
webby,10
honoring,7
zapping,5
tons,12
encircle,3
dancing,7
wimps,16
announces,13
rogue,8
floating,32
untethered,3
bonds,14
shocking,10
overjoyed,2
penned,2
inscription,2
exclamation,2
synopsis,5
fever,14
documentary,10
filmed,6
regal,3
cinema,8
tighten,5
ancient,55
moe,22
bonner,4
fifths,2
sanford,2
noriko,1
sakurai,1
myron,13
bander,12
laments,2
remembrance,8
hardy,23
nails,3
breakfastlecture,1
langmuir,6
travelling,17
died,15
sciene,4
sciencenow,7
clerk,14
bestowed,10
providence,32
susy,6
nationally,8
margala,3
ghostly,19
braving,3
fierce,5
chill,3
prey,3
biophysicist,8
britain,10
ocw,2
warming,12
medard,8
welch,15
wormhole,7
freeman,12
leaper,6
acclaimed,10
haunted,4
antimatter,12
flu,9
fighter,11
abundantly,2
researched,10
blow,10
figured,7
starbursts,2
amblard,1
khostovan,1
frazer,1
ketron,1
mitchell,73
wynne,1
costing,2
milli,2
coldest,1
thrown,5
imaged,1
filaments,1
cosmologists,4
absorbs,1
stemmed,6
wobble,3
wardlow,3
tugged,1
pulled,11
dip,5
rockets,3
proudest,2
gasses,1
smidt,2
tug,1
unfeasible,1
faintness,1
lighted,3
foreground,5
wimpy,1
jokes,10
misery,1
influenza,1
sick,20
someday,5
swabbing,1
cheek,4
scraping,3
pinpointing,5
transmitters,1
cautions,1
wet,3
zapped,1
millionth,1
impeding,1
powell,12
culminated,3
obama,63
butterflies,1
surreal,4
shaking,1
neighborhoods,7
folds,92
shrink,31
tried,64
mitts,1
financed,4
woes,1
restart,14
gating,40
yinghua,34
yoav,3
negev,6
mafe,6
patricio,4
ramirez,41
cervera,5
portillo,3
memristors,2
electrochemistry,3
febuary,8
silesian,9
bacteriophages,2
resistive,17
natalie,8
davante,7
electroanalysis,3
osmotic,7
mehrafrooz,3
pandey,11
fourkas,9
aluru,7
packed,13
funtional,4
1039,26
d3nr04467j,3
kabin,9
scottie,17
jake,22
1021,64
jacs,17
9b11537,3
2021in,2
gati,4
savanna,2
visualizes,5
fullbright,2
karolina,3
mazur,3
biodegradable,2
composites,4
solvent,5
efrc,2
cent,4
howorka,14
merlin,6
bruening,3
hsin,17
wilfred,7
nanoconfinement,2
rectifed,3
janus,4
vitality,3
scilight,4
classiying,3
mechanicaal,3
fingerprints,14
steric,8
hydrophobic,14
cations,7
polymers,3
microporosity,3
biomicrofluidics,3
deformations,7
relaxations,13
undulating,5
osmosis,3
propylene,3
carbonate,3
interaces,2
amplifying,8
elif,14
anions,3
polarity,4
solvents,7
singe,2
cellulose,3
nanofibers,3
mesopores,10
buchsbaum,30
biomimetic,18
electroosmotic,4
anayltical,2
chih,18
aptamer,3
electrolytes,5
meso,9
congrats,44
precipitation,7
liclo4,3
pmma,3
preston,21
grats,2
aquaporins,3
diode,10
micropores,9
plett,16
deprotonation,3
protonation,3
blockage,3
apirl,4
nanobatteries,2
macroscale,2
conically,5
anal,10
aprotic,3
dipoles,3
gamble,27
porous,9
mno2,3
mesorod,3
oxidation,15
hinkle,9
shiel,2
irregularities,3
innes,12
wetting,8
2416,7
8766,12
8290,5
bps,8
confrence,1
preforming,1
fransico,1
hongwen,1
zekun,1
multinanopores,1
ramadan,1
abu,1
rjal,1
soluble,5
3347016,1
202418987,1
s2451910325000365,1
agata,1
wawrzkiewicz,1
owiecka,1
monika,3
krasowska,1
strzelewicz,1
dougman,1
s0263224125003094,1
gorzata,1
skorupa,1
barylski,1
shakibania,1
pluczyk,1
katarzyna,1
krukiewicz,1
202400761,1
vlassiouk,27
tilman,2
scha,1
ffer,2
d4fd00148f,1
alanis,2
siddharth,7
ovuokenye,1
omadoko,1
elan,1
202400172,1
mahongwen,1
jiakun,1
acsami,3
4c02078,1
behzad,41
luning,1
laxmi,1
meni,3
wanunu,3
aleksei,2
aksimentiev,2
acsnano,9
4c00829,1
souna,2
motevaselian,2
polster,12
trana,1
narayana,8
d3cp05712g,1
tunes,2
interpore,1
adfm,2
202312646,1
nafion,1
1149,17
7111,12
acdd29,1
saima,2
nasir,2
mubarak,12
ensinger,4
capacitors,2
bioelectrochemistry,1
bioelechem,1
108445,1
arkadiusz,1
stanis,1
kuciel,1
aramid,1
basalt,2
polylactide,1
crops,3
indcrop,1
116630,1
silvia,2
d3fd00063j,1
fikret,3
aydin,3
bazant,3
blankschtein,2
brozena,2
menachem,2
elimelech,2
faucher,2
volodymyr,11
koman,1
kuehne,1
yuhao,2
zhongwu,2
majumdar,2
martis,1
prasanna,2
misra,2
pham,10
archith,1
rayabharam,1
ritt,1
schwegler,3
strano,2
yuhuang,2
chemrev,1
2c00155,1
filtration,1
articlelanding,1
d2cs00894g,1
amalia,1
rizki,1
fauziah,1
hsien,8
rectificatiion,1
nanochannels,4
s1385894722065457,1
yaun,1
acsanm,1
2c03573,1
rectified,1
2c03436,1
frey,25
krista,1
fruehauf,1
shea,4
seith,2
1063,11
0077432,1
fourka,1
ntls,1
20210099,1
diederichs,1
burns,3
tornow,1
coveney,2
tempe,7
1c05139,1
0044402,1
0c18574,1
zhishan,1
chuanzhen,1
analchem,4
0c03989,1
7280,9
d19t0c,1
turker,4
acar,5
9b09777,1
amino,3
s41587,1
019,73
0401,1
tianji,1
balme,1
jyh,3
hsu,18
functionalization,1
jcplett,1
9b03344,1
hsuan,4
electrodiffusioosmosis,1
regulated,5
9b18524,1
9b01357,1
jpcb,1
9b04969,1
cumings,1
epsztein,1
ananth,3
rajan,19
mceldrew,1
jpcc,5
9b02178,1
sylvia,2
chaoji,1
hitz,1
briber,1
liangbing,1
1126,12
sciadv,2
aau4238,1
8b13497,1
fornasiero,3
aav2568,1
8b04225,1
mayne,1
platt,5
8b01583,1
ashby,1
dunn,5
c8fd00071a,1
gilpin,1
darmon,1
martens,6
e20040221,1
7b12265,1
jpclett,4
7b03099,1
mya,2
josslyn,1
reginald,4
penner,4
c7nr06719d,1
trisha,1
westerhof,1
s41598,1
017,66
c7nr03998k,1
aao2440,1
ramya,3
tunuguntla,1
henley,2
permeability,2
subnanometer,1
aan2438,1
7b01804,1
dawid,1
7b01919,1
wenjia,3
7b00258,1
6b07041,1
menestrina,4
6b01971,1
jenu,1
varghese,8
chacko,1
michelle,27
digman,1
6b03280,1
vicente,1
rsc,2
c6ra08277g,1
6b00796,1
golam,1
mortuza,1
edmond,3
tadashi,1
ogitsu,1
5b12245,1
toimil,5
molares,5
5b07709,1
lucia,1
accolti,1
nunzio,1
denora,1
gianluigi,1
piana,1
domenico,1
marzulli,1
caterina,1
fusco,1
cosimo,1
annese,1
valinomycin,1
pentafluorophenyl,1
ester,2
moiety,1
joc,1
5b02219,1
c5nr06340j,1
5b02060,1
eleanor,2
gillette,2
c5ta03196f,1
esser,1
kahn,5
valdevit,1
4919353,1
hylland,7
5b00520,1
henriette,1
bakker,1
schiel,11
dmitriy,1
melnikov,1
gracheva,1
arnout,1
imhof,1
5b00877,1
c4an02244k,1
pevarnik,12
haurais,1
theogarajan,2
ac502997h,1
jp505823r,1
evaporation,1
micrometer,1
pipes,6
4890985,1
gated,2
ja505302q,1
decker,1
frederik,1
pietschmann,2
jp501492g,1
jp412135v,1
manganese,3
mesorods,1
jp408107z,1
burger,2
trautmann,2
c3cp53105h,1
hugh,3
wiggin,1
marziali,1
disentangling,2
nl401968r,1
keiichi,1
yoshimatsu,1
jasmine,3
hydrogels,1
nn400774e,1
davenport,19
healy,9
teslich,1
cabrini,1
morrison,2
letant,2
nn303126n,1
physreve,2
025302,1
tant,1
polystyrene,1
translocate,1
nn302413u,1
nbt,1
2264,9
dewetting,4
c2an16139g,1
cleary,1
nnano,4
189,155
rectifying,3
8775,9
jp2016038,1
tahir,2
tremel,2
conjugation,2
glycoprotein,1
lectin,1
c1nr00003a,1
agcl,1
155301,2
1088,8
0957,2
4484,13
attaching,20
strands,2
1007,111
s00232,1
010,3
9328,11
peroxide,1
horseradish,3
peroxidase,1
1673,8
ac102795a,1
2915,5
schneider,8
3163,2
garaj,1
454101,2
0953,2
8984,8
529,98
chemphys,1
008,82
bipolar,7
unipolar,1
265301,2
8126,12
8134,10
jp910815p,1
327,97
248104,2
physrevlett,3
apel,2
dmitriev,1
nitride,10
21039,5
21044,5
1073,3
0911450106,1
1115,5
1132,3
b909105j,1
kozel,1
biosensing,6
8211,8
8220,5
ja901120f,1
schulten,1
b906279n,1
2360,1
2384,12
b813796j,1
squeezing,1
2125,26
2128,7
nl900630z,1
dirk,5
gillespie,2
dezso,1
boda,2
eisenberg,8
5194,8
5202,12
ja808717u,1
293,95
978,104
387,106
76497,1
sudre,2
bioanalytical,1
413,64
s00216,1
2545,2
1589,4
1602,7
nn800306u,1
nl800949k,1
609,52
biophysj,1
127985,1
constantin,3
nanoprecipitation,1
adma,2
200701867,1
317,68
331,132
1146126,1
poisson,36
nernst,1
041202,2
0706,1
1556,5
europhysics,1
28002,2
1209,17
0295,2
5075,15
nl062924b,1
astumian,1
473,58
nl0524290,1
1729,7
nl061114x,1
735,75
200500471,1
dissolved,1
corrosive,1
flammable,1
ils,3
salts,1
suspected,7
divalent,1
etched,4
chemically,5
depletion,2
drastically,3
detectable,4
lesser,2
hydrolysis,1
nanofludic,4
unchanging,2
imporove,1
cylindrically,1
analogs,1
etching,6
irradiated,1
gesellschaft,3
fuer,3
scherionenforschung,1
gsi,5
cylindrical,3
micrometers,9
cm2,2
ccombs1,1
wsrussel,1
jpolster,1
tlfrey,1
dseith,1
rker,1
eturkera,1
scottie0417,1
josepam3,1
jrboyd,1
crystay1,1
hotmail,8
tplett,1
gutierrez77,1
wfmann,1
linnes,1
tgamble,1
sbuchsba,1
mschiel83,1
jmenestr,1
gaeln,1
mpevarni,1
mathew,6
mrpowell,1
morgentown,2
khealy,1
cork,1
ekalman,1
nanometrics,2
dragos,2
mbsulliv,1
yhi,2
alaxander,1
nasb,1
minsk,1
belarus,1
youssefian,1
rhenley,1
jcyen,1
ejcao,1
davantec,1
savanah,1
sasilva1,1
mschiel,1
choa70,1
batra,2
nsbatra,1
thangama,1
dewi,1
dewic,1
gliwice,2
poalnd,1
habilitation,1
gainesville,1
greeting,2
velarde,1
madrid,9
publushed,1
nanotech,1
awesome,9
surp,3
acheivement,1
rewards,11
nanofuidic,1
fluidic,1
annihilate,6
conflagration,2
antineutrinos,12
antineutrino,8
sorts,18
trouncing,1
anti,89
spokesperson,6
fired,2
stainless,5
steel,14
hitting,28
telltale,1
flashes,1
photomultipliers,1
tsunami,12
weird,8
weirder,4
graces,1
firefighter,8
kindergarten,3
helmet,1
hose,1
spray,4
boy,16
replied,5
uncle,4
conundrums,2
naked,7
simeng,1
conclusively,3
wedge,2
darkness,1
agrees,16
cheerful,1
valiantly,1
multicolored,18
nonscientists,1
pulls,8
chilled,1
infinitesimally,1
antimagnetic,1
veined,1
herbertsmithite,1
cracked,2
elegant,19
fortunate,18
scalapino,1
direclty,1
profited,2
dad,10
gratified,1
sciencemag,5
332,111
6034,10
1173,6
rested,1
hermann,1
minkowski,32
troublesome,2
contradicted,1
incompatibility,2
donuts,1
descartes,4
1600s,1
slew,3
universes,2
donut,1
geometries,23
calibi,1
yau,3
destroyed,5
measly,1
brane,1
untouched,2
believing,10
speculation,4
testable,2
leeway,1
barring,2
contender,2
horse,1164
mathematician,11
mandelbrot,50
mathematicians,15
wider,16
fractals,59
tesseracts,1
edwin,4
abbott,4
1884,4
insane,3
tesseract,10
avs,7
preceding,10
lectureship,8
1969,20
migratory,2
uniting,3
briefs,4
110829,1
ucirvine,5
330851,1
pic,7
metaphysics,1
outfits,2
kearney,2
mckinsey,4
stumbled,8
kaggle,26
thrill,1
sport,15
tagline,1
rose,15
momchil,2
georgiev,6
oceanic,1
competes,3
vies,3
apparently,51
indicative,2
democratizes,1
urge,9
fascination,8
ness,2
nostradamus,1
carvana,2
phoenix,19
refurbished,2
adams,4
allstate,1
dunnhumby,1
shoppers,1
supermarket,1
substance,20
blurred,4
distorts,1
bending,22
recreate,8
glaciologist,2
glaciology,1
outperformed,1
rhodes,2
reinvent,4
crunching,1
chui,1
paint,7
pools,3
pigeonholed,1
genius,5
irony,5
hindrance,2
wink,2
leaderboard,3
contestants,3
fashioned,8
rivalry,2
feeling,34
harder,34
wiredenterprise,1
rencontres,2
moriond,6
qcd,1
concentrate,5
enlighten,4
sharpening,2
knifes,1
xenon,4
cdsweb,1
cernbulletin,1
1431422,1
stimulation,1
120316,1
simonsfoundation,2
battle,10
leukemia,22
doug,40
1961,10
kittel,1
ultrasonic,1
universite,2
orsay,2
jacques,3
friedel,1
occupied,7
1973,27
absorption,7
plasmonics,6
polaritons,1
alloys,3
multiphonon,1
harald,1
ibach,1
solitions,1
trullinger,1
dealt,5
magneticfilms,1
characteristic,24
invariably,3
prolific,2
theorist,6
masse,2
diversion,2
sailing,4
competed,6
ensenada,14
yacht,5
commodore,1
bahia,6
corinthian,3
racing,6
amateur,10
sailors,2
olympic,15
breach,2
elsevier,33
multidepartmental,2
chaired,4
vocal,6
defender,1
storyteller,18
younger,15
fighting,12
courage,7
optimist,2
congenial,1
mourned,1
survived,8
sherylle,1
grandchildren,7
megan,4
messageto,1
flowers,2
donations,11
deductible,1
jacque,1
pane,18
1601,11
bayside,1
92625,1
toast,1
laraa,10
phdcomics,4
comicid,1
1489,4
gev,3
resuming,1
nations,11
seidel,14
biannual,1
1964,12
lep,1
tevatron,1
fermilab,18
searched,14
eluded,5
incandela,1
lighter,7
byer,2
geomagnetic,2
pulsation,2
alfv,7
toroidal,14
eigenmode,1
fishbone,2
oscillation,13
gyrokinetic,4
nnual,1
borne,2
mundane,10
radiating,2
antiparticles,1
17133,5
annihilation,5
drs,9
kelley,1
tribute,18
uadv,1
physicalsciencesmemorialfund,1
audrey,2
kelaher,2
akelaher,1
8111,9
pledge,4
janda,9
180,123
4675,15
meinhard,3
devastating,2
esophageal,5
nickname,1
oppression,4
carve,6
1929,4
czernowitz,2
bukovina,2
romania,11
ukraine,2
stimulating,12
yiddish,3
antisemitic,1
treaty,2
aggression,2
molotov,1
ribbentrop,1
pact,4
1939,8
antisemitism,1
abated,1
indoctrination,1
takeover,1
1941,10
jews,2
ghetto,1
deportation,1
transnistria,1
1942,7
lucky,19
1944,15
liberated,1
ssr,3
upheavals,2
bucharest,5
parhon,1
1957,9
faculties,2
dubna,2
russia,7
cousins,1
elma,1
suitcases,1
belongings,1
thirring,3
internationalism,1
kwf,1
clandestine,1
brandeis,4
des,8
hautes,1
etudes,1
scientifiques,1
knowledgeable,3
remembered,12
witty,1
remark,3
lighten,1
instantly,8
incisive,2
1958,13
1959,20
1962,21
1963,12
unrecognized,3
expertize,1
dearly,1
remembrances,1
rankin,5
methane,7
hydrates,7
locked,164
arctic,7
permafrost,1
sediments,1
chambers,37
multiphase,1
reforming,1
purification,1
desalination,2
sequestration,2
jeopardizing,2
wisely,4
fossil,13
apkarian,1
sirignano,1
mill,1
sheer,2
boggling,3
discovermagazine,1
grantmaking,2
1934,5
pritchard,3
fell,9
phy195,2
haloes,2
ferrara,1
v490,2
n7421,2
490494a,1
spitzer,4
spitzer20121024,1
121024,1
239960,1
msnbc,2
msn,13
49538107,1
inaf,1
stelle,1
perdute,1
nella,1
materia,1
oscura,1
nature11474,1
214bi,1
nygren,1
elliott,1
hahn,20
82se,1
48ca,1
100mo,1
150nd,1
a1991,1
gratta,1
wilkerson,1
jager,1
nazarewicz,1
seestrom,1
savage,1
prizerecipient,2
chancfellow,1
inventor,16
chemist,2
nas,357
nasonline,1
electio,1
aademy,1
sherri,1
ritchey,1
saturdays,3
saturn,9
lyrid,2
meteor,2
shower,7
gaze,5
midnight,16
steyvers,6
lia,2
peek,7
whirl,3
kicks,7
meteors,2
brightly,1
mph,1
507179,1
gurus,2
noregen,3
viable,17
3500,3
circulating,1
originates,3
neychelle,1
mba,19
ashley,2
megamergers,1
colossal,1
smashup,1
elliptical,15
behemoths,2
gobbling,1
crashes,6
merger,2
epoch,3
singleton,4
hxmm01,3
suns,1
churning,1
exhaust,12
reservoirs,1
cease,4
birthing,1
accreting,2
startling,4
ellipticals,1
ejected,2
superpowerful,1
quasars,11
progenitors,1
nbcnews,2
18425432,1
rar,1
tokai,2
kamioka,8
villages,8
hubs,6
crippled,1
shoots,4
gigantic,3
toyama,1
trillion,16
swedish,4
francois,1
englert,2
proves,27
brout,1
kibble,1
hagen,20
gerald,21
guralnik,1
brookhaven,9
lockyer,1
conceive,6
puzzles,137
pervades,1
deserved,4
postulated,2
testaments,1
definitively,1
agnes,3
farm,14
harmoniously,1
yields,35
unveiling,8
canac,2
shunsaku,2
horiuchi,2
wimp,7
jolt,1
heroes,5
confront,6
particlefever,1
hep,3
workhorses,1
weighed,6
supersymmetry,4
quarknet,4
commmitments,1
pagels,2
17575,5
schirber,1
161303,3
msw,2
arizaga,5
sandals,1
dressed,5
casually,3
pong,1
tennis,11
aspiration,3
liberty,4
optimism,17
adventurous,3
buzz,22
setsuo,2
ichimaru,2
brewing,4
invention,27
harbors,1
embodying,1
neutrons,4
aneutronic,2
embargo,3
quadrupled,1
toiled,1
shooting,126
dawned,1
amidst,3
homeland,17
bourgeoning,1
prominently,6
500m,2
hatched,2
poem,5
salmon,4
leaps,3
rushing,1
torrent,4
hatching,1
scent,11
witnessing,8
touching,27
indoctrinated,1
8394,17
cagliari,2
demolish,1
acre,4
nebula,41
m57,1
globular,1
constellations,7
thelarge,1
ttp,1
observat,5
memberships,3
grandparents,5
dress,9
flashlights,1
gravel,1
ordeleted,1
unsubscribe,15
4575,14
7773,12
2174,10
tsmecker,1
577,93
kondoinsulators,1
unavoidable,4
zach,3
smb6,1
12005,5
energetics,2
tolman,4
osheroff,3
buys,2
precious,10
absorb,6
wander,3
beaten,4
provisionally,1
birthplaces,1
bock,4
pasadena,6
ciber,4
rocket,9
centimeter,1
stripped,5
coincide,5
goddard,2
greenbelt,1
primordial,3
moseley,3
flights,27
unwanted,3
skew,14
ballpark,1
supernovas,1
rogues,1
die,24
enthusiastically,3
convening,3
napolitano,4
spur,7
multicampus,1
ecosystems,7
sinervo,1
prison,7
brie,1
inmates,1
weld,4
tapping,3
makeig,1
rfp,1
systemwide,3
caique,2
julio,1
barreiro,1
stamper,1
kurn,1
ucb,13
congjun,1
equilibriumdynamics,1
510,20
987,34
9200,5
christmas,2
cared,7
nonpolluting,2
thinker,7
seaborg,2
michl,9
binderbauer,10
excelled,4
steadfastness,2
conviction,2
merits,4
penzias,2
elite,11
budker,2
1947,9
1950,4
1953,7
armour,1
kkr,2
korringa,1
kohn,1
declassified,1
prosper,3
underpin,4
masterful,1
surrounded,18
reactors,11
turbulence,5
tutelage,1
instilled,1
marshal,1
shimon,1
eckhouse,1
syneron,1
commented,7
thermonuclear,3
tenacious,1
corinne,2
ruth,3
forton,1
uchizono,3
servedio,2
kellen,1
grandchild,1
sofia,1
0218,1
tarizaga,1
crunch,5
heavens,3
fuelling,1
posit,1
theoreticians,1
darlings,1
giga,2
electronvolt,1
teraelectronvolt,1
movers,5
miracle,5
shut,18
dakota,4
zh8,1
houston,19
underappreciated,2
rocks,1
remembers,7
intensified,1
spurring,2
instilling,1
volunteering,4
afterwards,11
instill,1
wonder,78
speculates,2
canvassed,1
genuinely,2
stakes,2
rethink,6
programmes,3
b05n8jqs,1
threatening,9
sweep,35
zaps,1
hurtling,1
burn,3
acta,4
astronautica,1
tandem,2
msc,4
biopolymers,1
rods,4
biomembranes,1
soap,73
bubbles,41
infancy,12
webbys,1
iadas,1
judging,14
luminaries,3
celebrities,1
theoryandpractice,1
vuvz6vlviko,1
webbyawards,1
devic,1
disputed,1
sight,13
hiatus,3
quintessentially,1
accolades,9
xianhui,1
zhongxian,1
immigrated,1
tcsuh,3
m2s,2
htsc,1
ohfe,1
hfncl,1
thf,1
phenanthrene,1
upt,1
thcoc,1
larhsi,1
centrosymmetry,1
feas,1
kamerlingh,1
onnes,1
barden,1
bozovic,1
deutscher,1
hideo,1
hosono,1
butler,13
0611matthiasprize,1
fairmont,1
sumposium,1
coppi,1
kulsrud,1
masaaki,2
pppl,2
herb,3
berk,2
yasushi,1
ono,1
menard,1
lothar,2
schmitz,2
mako,1
electrontechnologies,1
sinitsky,1
arzhannikov,1
burdakov,1
novosibirsk,1
koga,2
lovelace,6
romanova,1
mackey,2
ess,1
sukekatsu,1
ushioda,1
hafiz,1
wessel,2
ney,1
ryutov,3
putvinski,1
kropp,3
smy,5
shunichi,2
griskevich,1
massless,2
blossomed,2
dominquez,1
hills,10
kek,1
k2k,2
scintillator,2
kamland,1
ames,13
comedian,3
macfarlane,1
rebroadcast,1
fox,19
milner,7
sergey,9
brin,7
wojcicki,2
zuckerberg,4
priscilla,3
lined,4
elnimr,1
voldymyr,1
takhistov,1
pierce,2
weatherly,1
kamokande,1
smelting,1
breakthroughprize,1
breakthroughprizeceremony2016,1
flown,1
takaaki,1
kajita,1
copious,1
rarest,1
thumbnail,2
nucleons,1
catching,16
photomultiplier,4
tubes,9
submerged,2
kilotons,1
purified,2
multinational,7
complicated,97
argon,1
decommissioned,1
megaton,1
retire,4
peerless,1
oxygen,25
subsurface,1
cordova,2
friendship,11
1955,13
emitted,9
alien,5
civilizations,7
ucis,3
physiology,19
rls,1
meritorious,7
zotline,2
dbuote,2
specializes,4
forprofit,1
successor,27
spacecraft,4
surveying,5
clues,13
2030,3
ngc,12
1332,8
silhouette,5
redshifted,1
nrao,2
eso,1
naoj,1
esa,32
dust,22
660,9
responding,26
fornal,1
iftah,4
galon,4
tanedo,1
smolinsky,1
gardner,20
unification,8
nonreciprocal,2
newlaw,1
inventions,8
ultrasound,1
lig,1
unanimously,1
elect,22
saint,11
petersburg,1
decree,2
1774,4
par,38
merited,1
bore,2
socialist,1
republics,1
ussr,3
reconstituted,1
federation,8
noidea,2
doctorates,2
391,90
virtue,7
academe,2
geyserville,2
migrant,1
wineries,2
grandson,1
matriarch,1
tribe,1
prevailed,1
opted,2
drugstore,1
serendipitous,4
roiling,3
cultivated,2
curved,51
thick,5
landed,6
jila,1
drafting,2
procure,1
fort,4
lewis,19
strobe,1
meld,1
mint,1
nonacademic,1
actress,5
superpower,2
bumper,2
hires,5
lauded,1
universityofcalifornia,1
substances,6
fabricated,2
appearing,26
quark,10
theoriz,1
categorize,5
remnant,1
enigmatic,2
blac,1
theoretician,2
modest,6
certificates,52
1937,11
albedo,3
reflectivity,1
boothe,5
luce,5
dim,33
dwarfs,5
absorbed,4
transiting,2
albedos,1
stroscio,20
heinrich,3
49639,1
5234,12
wilsonho,1
nono,1
spectroscopically,2
nanoreactor,2
nanocavity,6
motions,17
dissociate,2
iets,4
angstrom,2
intramolecular,4
reactants,2
intermediates,2
orbitals,2
nonequilibrium,3
4410,3
stipe,28
persson,13
lundqvist,4
279,121
1907,17
1732,13
adsorbed,18
1263,6
1724,9
1719,8
unimolecular,4
1527,16
lauhon,31
1915,3
defferential,1
gaudioso,10
4566,10
n00014,4
0499,1
0967,1
f49620,1
0399,1
supersonic,13
5mx,1
10mx,2
ustin,15
2509,9
2515,6
dmr,5
9417866,2
9707195,1
91er14205,2
instrum,14
dissociation,23
4413,9
1735,6
1266,11
1727,5
displacement,5
adatoms,2
7x7,25
4397,7
4400,2
6075,11
6078,13
adsorption,23
10941,7
10947,8
3552,7
desorption,16
4891,4
4896,4
ethylene,4
dehydrogenation,2
8479,7
8485,16
001,392
r8525,2
r8528,2
acetylene,3
5633,16
5636,12
1722,5
1530,6
pyridine,4
benzene,7
2463,6
2467,8
copper,9
carbonyls,5
r16347,2
r16350,2
1914,7
1921,16
etioporphyrin,2
wallis,30
4837,6
4839,7
4569,10
321,122
initiation,4
bimolecular,6
249,101
3987,5
3992,11
lorente,4
2593,4
2596,10
monoxide,2
166102,2
196102,2
conformational,7
membered,2
heterocycles,2
10095,6
10098,6
turnoff,3
angew,5
4082,16
nilius,26
1853,4
1856,3
236802,5
metalloporphyrin,2
complexation,2
gueorgui,2
nazin,24
hotzel,2
14804,6
14809,6
paladium,2
nial,10
10952,6
fluorescence,11
submolecular,6
542,67
546,75
al2o3,3
046808,2
delocalization,2
186102,2
216110,2
2296,9
2300,3
spectroscepy,1
1088971,1
adsorbate,10
silien,10
thiry,2
115434,2
vibronic,12
206102,2
11371,6
14616,6
14619,6
196806,2
sandwiched,4
mikaelian,8
011101,2
951,33
956,29
076801,2
metalloporphyrins,2
chemphyschem,1
971,57
doping,5
181105,2
acad,8
8832,14
233,136
244704,2
8513,10
8518,9
166103,4
236,130
20657,6
20660,6
2613,3
238,98
chemisorption,8
214702,2
021105,2
ogawa,8
1131101,2
1124881,2
312,78
1362,7
1365,8
242,117
204708,2
243,148
tetrakis,2
paracyclophane,4
maddox,4
mukamel,5
bazan,5
244711,2
245,88
246,106
126807,2
247,129
hysteresis,2
5244,14
248,108
205430,2
bobisch,3
981,52
985,45
13050,6
13060,6
3492,9
b132,1
b140,1
pyrrolidine,1
overseas,8
nsfc,1
issp,1
isss,42
jvss,1
rohrer,2
devolopment,1
giessibl,1
superposition,5
ocpa,4
oda,2
youngwook,2
spectromicroscopy,3
shaowei,27
lutz,2
ruqi,1
xielin,1
zhongyuan,1
interns,6
c2w,3
zhumin,20
overtone,3
burbidge,1
yanxing,5
intermolecular,2
duet,1
dingwang,7
bharat,5
dhital,2
microanalysis,2
weicai,1
toledo,6
recycling,5
irving,3
026201,1
076903,1
photoinduced,3
eadk9211,1
23144,5
23151,6
terahertz,1
2920,3
096201,1
7848,7
7852,12
144,197
9618,11
9623,10
hikari,1
405,68
106803,2
670,12
673,75
278,119
106801,1
077401,1
276,122
nanoplasmonic,1
3080,1
176002,1
halogen,1
halogenbenzenes,1
358,93
036801,1
5205,9
5211,6
271,123
terrace,3
4683,3
4688,3
270,30
nanoclusters,1
5433,12
5436,13
panhematin,1
21099,5
21103,5
2228,9
2233,8
166101,1
206101,1
264,115
885,46
262,75
interatomic,2
29001,2
29006,1
mats,1
146102,1
074703,1
ungdon,3
functionalized,1
fabris,1
guillermo,1
porphyrin,1
tio2,1
234707,1
lackinger,1
janson,1
unconstrained,10
333,92
324,122
interior,96
014705,1
254,127
vibronically,1
217402,1
085444,1
252,122
165428,1
044706,1
hydrocarbon,1
20350,5
20354,5
c60,7
8837,8
c70,1
11375,5
dimers,2
186802,1
7738,10
7740,5
metiu,1
217,129
erratum,5
099901,1
6232,8
6236,9
jpn,1
4790,1
4794,6
196103,1
209,532
11033,5
11061,5
predesorption,1
yamanaka,1
pelak,5
deuterium,3
kua,1
194,131
diet,21
1479,8
1487,4
183,171
176,145
precursors,4
flims,1
655,68
boo,10
d2s,2
specificity,1
carbide,4
methylsilane,2
2321,4
2327,5
h2s,3
169,265
acc,21
butyldimethylsilane,1
maruska,3
norris,3
sung,27
hexagonal,41
boron,1
322,85
rohr,2
mocvd,1
439,70
483,56
gallium,3
482,57
313,97
318,89
aln,1
449,70
atomistic,2
6443,11
6447,12
441,73
705,65
710,9
wada,1
nonthermally,1
1181,5
goodard,1
wurtzitic,1
395,104
deposition,4
dqpss,1
okiji,1
crossover,6
1338,6
1341,9
busch,8
coadsorbate,2
photodesorption,5
coadsorbed,7
359,83
mieher,7
7667,15
7671,7
translationally,2
2x1,7
2385,6
2391,3
1047,5
1140,7
anpo,1
sussex,6
l1252,1
l1258,1
5371,16
5372,8
341,131
l1031,1
l1036,1
hicks,2
40th,17
bellingham,3
methyl,1
chloride,1
338,104
676,67
323,89
chakarov,4
nh3,1
l233,1
l238,1
photochemically,4
desorbed,4
5318,8
7700,5
7706,13
1295,5
1298,5
9279,11
9295,11
analyzer,5
3132,6
3138,3
germer,7
ravel,1
molecularly,1
2094,14
2097,10
gomes,5
migus,1
mourou,6
zewail,1
heidelberg,5
nanosecond,1
4098,4
4101,7
rossiter,1
baetzold,1
ixa,1
ethane,1
2759,8
2766,10
thoms,3
lorraine,3
photoinitiated,1
1111,15
1119,1
hoffmann,2
oxidized,1
4808,9
4811,6
asscher,1
springsteen,1
interm,1
3285,5
3297,7
machonkin,1
multichannel,1
1652,4
1670,2
photoyield,1
sublimation,1
l691,1
l696,1
preadsorbed,2
l550,1
l556,1
1385,9
1399,20
franchy,5
graphite,6
656,80
671,73
5701,10
5714,11
photophysics,2
naha,1
okinawa,8
hirose,1
aoyagi,1
itou,1
kawasaki,1
photoreactions,2
coadsorption,5
4075,3
4077,5
thermoinduced,2
photoreaction,2
9089,10
9095,11
9077,11
9088,11
741,79
no2,1
vall,1
kasemo,1
oln,1
betz,2
varga,2
gloggnitz,2
hydroxyl,2
1474,18
1475,2
5162,21
5164,12
454,50
bonzel,1
bradshaw,2
ertl,1
heraeus,1
honnef,1
precovered,4
loper,1
sigmon,1
5706,10
5050,5
5058,9
occupations,7
3228,8
3239,6
whitman,12
2689,2
2705,7
venkatesan,5
lase,1
1056,10
2755,5
2756,7
nitric,5
vac,20
technol,21
2099,11
1878,4
kinetics,14
6018,10
6025,10
microelectronic,1
yates,2
jasinski,1
eels,1
289,112
2050,6
2062,10
richter,22
gurney,11
villarrubia,9
multidetector,2
noonan,1
7621,12
7645,13
10403,5
10420,5
sethna,1
gaas,2
a47,1
l725,1
l731,1
562,95
1435,8
880,1
882,38
834,51
835,83
l182,1
l192,1
ch3ch2,1
490,20
photogenerated,1
9797,13
9800,5
9736,12
9745,11
spectrosc,2
relat,1
phenom,4
6710,5
6721,11
5562,11
5577,11
3ch2oh,1
stimulated,2
558,77
formate,3
uhv,1
1376,6
1391,4
1608,10
gluck,4
bartosch,9
632,61
634,39
pseudoband,1
physica,2
scripta,1
764,32
photoelectronic,2
4957,7
4978,3
photolysis,1
998,29
1005,12
wolga,1
1425,4
1428,10
3688,8
3698,5
1483,5
1493,1
1469,4
1482,5
interconversion,1
1052,7
1060,1
1490,5
superstructures,3
fcc,2
6758,12
6770,5
strasser,1
grunze,1
bcc,5
2879,5
2882,5
exafs,1
bromine,1
2x2,10
927,41
lairson,1
rhodin,1
4816,4
methanol,6
2569,3
2582,6
2165,4
2169,5
1627,4
1432,15
1438,5
isotope,2
1549,7
1553,6
1541,9
1647,5
1648,10
1573,8
1576,2
1431,10
l281,1
l291,1
418,66
programmed,11
ch3oh,1
manipulator,1
ultrahigh,5
1672,7
1674,11
370,28
732,47
736,33
1019,4
1020,4
plummer,6
adsorbates,1
4202,6
4222,6
dinardo,1
landman,1
andersson,1
hydrogenic,1
593,74
601,73
1463,6
1466,8
3115,14
3127,7
schrieffer,3
kirtley,1
dobrzynski,4
506,112
674,80
429,80
431,63
349,102
3027,8
3045,6
351,115
liquefier,1
liquefaction,1
furnace,1
leak,7
conspicuously,1
5398,14
pulsed,2
tftr,1
runaway,12
stellarators,1
60sa,2
introductions,3
reacting,2
tritium,1
swim,2
bible,3
verse,25
stx,1
hau,3
nanostream,1
emil,1
ruskov,1
blips,1
carolipio,1
liangji,1
fartech,1
yadong,3
deyong,2
torus,61
trask,1
muscatello,1
roche,1
bolte,1
fida,6
currenty,1
preweisch,1
stagner,1
degrandchamp,1
cyclotron,2
orise,1
gage,3
asdex,1
garrett,5
prechel,2
analyzers,2
wataru,3
hayashi,1
lhd,2
podesta,1
bortolon,1
cami,1
southwestern,4
xiaodi,1
lestz,1
runaways,4
javi,2
seville,1
rueda,2
4180,4
411,93
funky,2
2801,8
49658,1
cbarty,1
544,52
1069,4
4162,5
jstrudwi,5
3922,11
intergalactic,3
magnetosphere,3
lightning,15
lighting,9
wai,9
zhihong,7
benford,9
laszlo,4
boehmer,2
hernandez,4
iter,30
atto,2
auger,2
microsecond,2
nif,2
cori,2
titan,20
cbs,23
laughs,1
quirky,2
comedy,8
festooned,1
trojanowski,3
pitching,2
averaging,13
saltzberg,1
taping,1
airs,1
70th,13
renaissance,5
lwa,2
huff,3
katsouleas,2
indico,2
637266,2
barish,5
conferencing,30
13024,5
pma,1
controversy,2
exquisitely,3
totally,40
13029,5
izest,2
palaiseau,2
pisin,4
lecospa,1
taipei,3
jenda,1
yoshiaki,6
kato,47
gpi,1
debbie,3
margarit,1
dmargarit,1
trialphaenergy,1
sarrazin,3
4173,6
7629,8
mou,1
enrique,4
lavernia,3
biot,2
marcelle,2
zetta,1
exa,1
fumiki,1
mposium,1
50am,16
downer,2
confessions,1
esarey,2
40am,4
fisch,1
wendell,1
horton,1
magnetospheric,2
sydora,1
5min,1
qst,4
kansai,1
50pm,32
whistler,8
chorus,3
starshot,1
xueqing,1
toshikazu,1
ebisuzaki,1
riken,2
blackhole,1
m82,1
starburst,2
joshi,6
20am,1
surfing,4
lightwaves,1
iop,4
dmitry,6
zamfir,1
gales,1
nucl,1
monochromatic,2
fuyuhiko,1
tamanoi,1
daghighian,1
prescient,1
kieffer,2
reconnection,1
40pm,2
exascale,1
unicamp,1
vortices,1
hunter,9
innoven,1
brillant,1
ruxin,1
siom,3
sulf,1
10pw,1
sel,3
100pw,1
ditmire,1
beamlines,3
exawatt,1
litvak,2
iap,2
felicie,1
blazars,1
deano,1
farinella,1
sahel,1
hakimi,1
yoonwoo,1
theranostics,1
masaki,2
kando,1
accretion,3
fulton,1
frc,3
tada,1
matsumoto,2
nihon,1
toroid,5
anatoly,1
muchnikov,1
shaul,1
femtochemistry,1
kazuhisa,1
nakajima,1
corels,1
ales,1
necas,1
phased,1
potma,1
toru,1
tamiya,1
xiaomei,1
contradicts,1
lamp,4
leds,3
shines,5
conductor,2
dissimilar,11
renegade,1
unreservedly,1
scientometric,1
archaeology,3
palomar,2
lift,9
plate,3
holder,6
pounds,4
approached,9
lovely,7
somebody,41
coed,2
photogenic,1
overs,1
advertisements,15
1978vt8,1
9271trimble,1
asteroids,5
modestly,3
nomenclature,8
belt,39
iau,12
divisions,7
scientometrics,5
patron,2
attenuated,1
therein,3
ait,4
spokesman,2
cowan,10
slowing,4
discoverer,2
watchman,3
ton,20
boulby,1
potash,1
polyhalite,1
slated,1
hartlepool,1
gadolinium,2
treaties,1
fissile,1
positrons,1
scanners,13
commissioned,4
apparatuses,1
supernova,3
explosions,3
amused,4
striding,1
posing,8
tuesdays,40
anecdotes,4
bongo,1
enlisted,3
sidelining,1
powerhouse,5
destructive,4
equated,4
bottle,16
confining,1
inject,2
whistlers,7
ionosphere,2
antennas,3
unmistakable,2
yielded,14
drag,8
oddity,2
skydivers,1
jumping,7
airplane,2
fatal,12
skydiver,1
fluxes,1
ionospheric,1
belts,12
spong,1
spongda,1
ornl,1
newswise,2
doescience,1
fes,2
alps,1
foothold,1
alpine,2
ski,2
headline,81
gotten,8
anxious,3
shoo,1
thuile,1
limelight,2
axions,1
superfluids,5
v11,19
rww,1
mitsuru,1
kikuchi,1
kanazawa,4
exerted,1
aappsdpp,1
aappsdppf,1
prizetable,1
pronounces,1
shyah,1
210f,1
5580,6
eisenstein,2
aharon,1
kapitulnik,2
geballe,1
beasley,1
gifted,10
9900,14
directionally,1
striped,1
ferrite,3
terbium,1
scandate,1
stripes,3
insulates,1
african,13
hispanics,2
proportion,21
disparity,14
nanomagnets,1
radiolysis,1
intraoperative,1
germinated,1
profssor,1
pyhysics,1
articlecollectionlanding,1
sercode,1
affordable,26
tripled,4
novels,9
seller,4
timescape,2
nonfiction,3
ditmar,2
ceremonies,4
balticon,2
53rd,1
fantasy,25
genre,9
prodigious,1
disinfect,2
fertilizers,1
inve,1
orion,1
attendant,4
dispenser,2
trucks,3
12a,1
bite,4
falasophy,1
delicious,5
lebanese,1
piaggio,1
gourmet,1
argentinian,1
truck,6
designating,1
cloudy,1
rsvps,2
publicize,4
magnified,2
craters,1
fainter,2
lawn,4
penumbral,4
illuminated,2
bluer,1
redder,1
refected,1
travels,9
06am,1
newspaper,17
malka,2
laboratoire,1
optique,2
appliqu,1
ensta,7
paristech,7
recognised,2
radiobiology,1
blogpost,1
751263,1
315809,1
nanocrystals,1
pharmaceuticals,1
eaau9590,1
observ,2
confine,1
2dmaterials,1
byproducts,1
hourly,2
transporting,2
neurons,13
durability,2
lif,5
nonvolatile,1
saddle,3
equilibria,11
unveils,2
stochasticity,1
paves,3
08444,3
spectro,2
photometer,2
ices,2
explorers,1
spherex,14
formatio,1
hpf,18
commissioning,7
eberly,8
hunting,15
enthralled,1
commander,51
empire,2
recounted,2
endured,1
stretching,3
squiggles,1
pulsing,1
painstaking,2
1974,10
advisers,2
michelson,3
beatrice,8
tinsley,1
immigrants,16
installation,304
symmetrymagazine,1
nws,8
inductees,8
americ,1
zhenyue,1
physrevx,1
021017,1
manifestation,6
unbiased,4
duality,33
exchanges,2
agreed,21
staggeringly,1
inspirational,12
poised,6
monumental,2
aerosol,1
depleting,2
ozone,3
sherwood,6
undetectable,3
makeup,7
markarian,1
1216,9
unusually,4
060319,1
rendition,3
prized,3
oxides,1
clunky,3
bonded,3
dissolvable,1
exfoliation,1
covalently,1
aberration,1
nebraska,1
sc0014430,1
calfront19,1
bethe,1
ansatz,1
underneath,6
13th,67
stakeholder,2
weforum,1
unveiled,3
scien,2
divisional,2
adjudication,1
3258,10
jonelle,2
killed,4
soul,5
capitol,2
weekends,6
deepest,19
gofundme,2
funeral,1
velazquez,1
50018,1
humanistic,1
goleta,1
jadwinga,1
rzepiennik,1
biskupi,1
moloney,1
eigenmodes,1
51950,1
cuwip2020,4
closes,6
sister,5
webcast,2
ample,5
risen,2
circulate,2
ascend,3
cuwipapp,1
7646,9
dune,2
151803,1
04907,2
spokespersons,2
decisively,1
zotfunder,2
17184,5
sity,4
atomki,3
brainer,1
scn,4
trnd,1
inde,1
terrestrial,4
aasnova,1
desert,6
sonoran,1
pegasi,1
sunlike,1
michel,16
mayor,1
didier,1
queloz,1
doppler,3
monster,5
lurking,4
heyday,1
2599,7
descendant,10
marchesini,1
mambo,1
unsure,2
reigstration,1
doheny,2
crescent,3
abcd,4
emerald,4
studentcenter,1
scps,6
14a,1
stalls,3
shuttles,3
atrium,13
taxi,9
kiosk,5
visitorpermits,1
buffet,1
atriumhotel,1
18700,5
blvd,3
92612,1
833,32
2770,1
gullivers,1
ihop,1
torito,1
trendy,2
tourist,15
stamp,10
vwp,3
bianjm,1
8389,12
aries,1
magana,31
ariesm,1
21pm,1
boxed,11
bavarian,3
swiss,17
pretzel,6
sandwich,13
roast,2
beef,3
tarragon,2
wheatberry,2
bread,8
430,23
shawarma,2
ciabatta,4
sliced,10
cucumber,2
feta,2
cheese,5
lettuce,2
tomato,2
lemon,4
tahini,2
mozzarella,2
pepper,2
balsamic,2
kale,3
560,12
portobello,2
pickled,2
veggies,2
jalapenos,2
vegan,2
sriracha,2
aliaga,5
soplin,1
anfimov,1
asquith,2
aurisano,1
backhouse,1
nikita,1
balashov,1
jinr,3
saqib,3
bashar,1
kirk,2
calvez,1
erika,1
catano,1
mur,1
gavin,11
davies,2
dolce,1
doyle,8
hongyue,1
duyang,1
miranda,5
elkins,1
gallagher,1
micah,1
groh,1
alec,2
habig,1
duluth,3
hartnell,1
himmel,1
jargowsky,1
jediny,1
kakorin,1
koerner,1
liudmila,1
kolupaeva,1
chatura,1
kuruppu,1
teresa,1
lackey,3
karol,1
lister,1
milos,1
lokajicek,1
manrique,1
plata,1
casales,1
brett,6
mayes,1
messier,5
mislivec,1
mualem,1
muether,1
wichita,1
nichol,1
norrick,1
tomas,1
nosek,1
travis,3
paley,1
pawloski,1
ramson,1
rebel,2
samoylov,1
mayly,1
erica,5
snopok,1
sousa,2
strait,1
louise,1
suter,4
fnal,1
sutton,5
cathal,3
sweeney,4
beatriz,1
tapia,3
oregui,1
petr,8
dmitrii,2
torbunov,1
jozef,2
trokan,1
tenorio,1
vahle,1
zoya,1
vallari,1
vasel,1
wallbank,1
warburton,1
wetstein,1
stanley,14
wolcott,2
anl,1
yibing,1
masers,1
honorarium,2
fio,3
kepler,25
40b,2
neptune,5
transit,9
dimming,1
ruling,6
sharcs,1
transits,1
prrofessor,1
accolade,3
noteworthy,5
ysea,4
segmented,18
terry,5
yesa,1
slam,11
listeners,3
gorgeous,1
jumpsuit,2
huntsville,1
tenth,4
eleventh,3
coolest,3
30p,2
nervous,4
understandable,9
heritage,6
storytellers,2
wacky,4
crazy,9
nobody,8
corners,51
mountains,6
eloquent,3
shone,1
vase,1
daisies,1
irises,1
lilies,1
grandmother,2
astronauts,2
cosmonauts,1
aboard,2
soyuz,1
flies,3
ucisops,6
ea9c5,1
subaru,4
mauna,3
kea,5
cooked,1
blazing,1
purring,2
cats,3
puzzlingly,1
successive,14
heavier,1
identically,2
triplicate,1
logan,1
reigning,1
revived,1
quantamagazine,1
threes,1
1956,20
wondered,6
hindsight,1
footsteps,5
d41586,2
020,3
01022,1
kindle,4
stirred,2
corwin,10
evans,32
listened,3
sand,5
darting,1
approachable,1
tall,16
sensitivities,1
laughing,9
collided,1
periodontal,1
periodontist,1
gardening,1
yeah,10
thoiry,1
schneiderman,2
decoys,3
retool,2
raging,1
bacteriology,1
infected,15
siren,3
warns,1
noninfected,1
lest,2
pseudomonas,9
aeruginosa,1
shoe,5
infects,1
stimulates,2
decoy,5
husk,2
vesicles,4
inert,1
deactivate,1
experimented,2
colonies,5
petri,2
dish,4
dishes,3
plague,1
husks,1
likens,1
throw,21
pheromone,2
amiss,1
enters,7
alarmed,1
quarantines,2
abilit,1
gimmicky,1
suit,8
fingerprinting,4
inventive,1
wake,17
nowadays,17
fenton,22
tick,6
goldilocks,2
fairy,3
porridge,1
bat,2
clumping,1
towel,1
duvet,1
dealership,7
dealer,4
laughed,5
walked,6
smashes,1
wakes,2
altering,12
intersecting,47
driveway,3
rode,1
mazda,1
friendlier,1
mjfenton,1
mfentonhep,1
494a3928fbb3,1
ventilation,3
weapon,4
arsenal,2
swirls,2
sterilizers,3
circulation,3
ducts,1
airflow,33
sterilized,1
wand,1
curtain,1
teardrop,1
convergent,2
dorm,2
wheel,23
sterilize,1
meatpacking,1
priced,2
halve,1
germicidal,1
vaccines,1
glimpsed,1
vitacops,1
beryllium,9
scrutinized,1
isotopes,1
attila,1
krasznahorkay,4
positron,4
bump,10
disintegrates,1
protophobic,2
claimed,15
reproduced,8
na64,1
narrowed,4
undeterred,2
pressed,4
rebuilt,3
prompted,29
sensationalist,2
headlines,14
declaring,6
offing,1
verhaaren,2
putative,4
factoring,3
trio,6
concordance,1
confirrmed,1
tighter,7
rouven,1
essig,1
thaler,1
fray,1
darklight,1
firing,1
jefferson,1
cebaf,1
injector,1
tantalum,1
physicsworld,1
radi,1
embarking,1
flare,1
polarimeter,1
flew,1
blurring,1
wavefront,5
functioning,32
hale,1
overstate,1
groupspaces,1
coalition,6
apsbridgeprogram,1
houlin,6
threatened,2
antimicrobial,1
sars,14
cov,14
infection,28
biofilms,1
microbe,1
bacterial,2
k22,2
b37e6e,1
minos,7
miniboone,3
morph,5
penetrate,2
lsnd,2
reconcilable,1
traveles,1
reidar,1
ensue,2
ruled,5
yielding,9
kam,2
biu,1
shrunk,2
bedrich,1
roskovec,1
olivia,32
dalager,1
mandujano,1
kaleb,1
hartfield,1
mosley,1
popularly,2
deflection,1
millisecond,1
macias,3
grappa,1
neat,16
emanating,2
triaxial,1
boxy,1
bulge,2
unaffected,4
discouraging,2
expedition,4
dest,1
electrified,1
anode,2
rechargeable,1
plating,2
hatcheries,1
handful,9
crashed,2
shroud,1
bonafide,1
fraught,4
dossier,1
offhand,3
reminded,14
admired,2
spirits,2
soared,6
flattering,1
awake,2
torpedoed,1
enlightening,7
gossip,3
freshly,2
minted,2
vehemently,1
disagreed,3
personalities,3
troubled,3
flawed,5
foreknowledge,1
overshadowed,1
tactic,2
tense,1
guess,93
joked,1
promotions,4
roils,1
subfield,2
shockingly,2
bother,4
renormalize,1
meaningless,14
comparators,1
shake,5
useless,13
concision,1
favors,3
indulges,1
communal,5
narcissism,1
perpetuates,1
thrives,2
presupposes,1
sacrificing,3
misunderstanding,4
encounters,9
forgoing,1
evaluators,1
contextualize,1
weeds,2
physicstoday,1
scitation,1
20201001a,1
panofsky,3
commemorates,1
richly,4
cornerstone,7
legacies,2
plunged,1
contaminate,1
superk,1
murder,13
floyd,3
innumerable,1
sounded,1
wishful,1
tiffany,15
2271,10
racism,25
manifests,2
voicing,1
condemning,1
drafted,1
conscious,10
reform,6
plagues,2
thrusts,3
institutionalized,1
swap,53
hbcus,2
hurdle,9
sad,19
halls,5
curb,5
institutionalizing,4
2268,12
physastrogradrecruit,1
shortage,14
99th,1
percentile,6
awardess,1
brigham,3
idaho,1
presidents,14
commendation,2
cosigned,1
aapt,2
congratulates,1
ennouncer,1
badge,3
webform,1
bac,2
the5plus,1
j0313,2
1806,12
luminous,1
emanates,1
ukirt,1
gemini,7
starrs1,1
maui,1
discern,3
astounding,4
gumption,1
campaigning,4
episodes,7
stitcher,2
spotify,1
orlowski,17
disagreements,2
divisive,1
intersections,62
bernie,3
hey,14
ballot,6
sanitized,1
binder,2
okay,13
vote,13
behold,2
propositions,1
purchases,219
voters,8
streamed,8
pie,14
knocking,2
untenable,1
halfway,6
propelled,3
pies,2
easiest,21
bake,1
politically,2
respite,1
tiring,3
ahold,1
voter,6
elections,3
cents,6
forgotten,10
checked,8
inconvenience,5
ramble,2
annoying,7
passenger,1
strengthened,6
threw,2
fallen,29
pleasantly,5
gracious,1
cordial,2
inflammatory,1
divisiveness,1
disagree,15
thanking,2
agran,1
nicest,3
barely,9
angry,4
ccd,5
corrupt,3
ignore,41
policymakers,9
lawyers,3
owners,26
politicians,22
policymaking,2
republican,3
flawless,2
dislocations,1
thermoelectric,2
inability,10
manifested,1
interfacial,1
nion,1
kirkland,1
fullest,2
lifeblood,11
establis,1
aileen,1
moscow,6
indisputable,4
twenties,2
lev,9
gor,5
kov,2
abrikosov,2
masterpiece,1
bestseller,1
agd,1
abbreviation,2
owe,5
5456,12
hrst,1
hrs,5
renormalizat,1
humble,8
multiferroics,3
dzyaloshiskii,1
exaggeration,3
2323,8
awardsearch,3
showaward,3
awd,3
2046849,1
historicalawards,3
minorities,9
jarvo,1
tireless,2
gainsville,1
humankind,1
burton,5
awardsrecipient,1
chasing,7
ghost,6
nobelist,1
tiniest,2
untraceable,1
detonating,1
kiloton,1
bomb,7
hiroshima,1
metres,1
detonation,1
eminent,3
enthused,1
nicknamed,3
monstro,1
shaft,1
outlandish,1
attitudes,9
bombs,6
defiance,1
hardly,13
admiring,1
mushroomed,1
rambunctious,1
nineties,1
rises,4
entertainingly,1
boisterous,1
whistled,2
jewish,1
achiever,1
yearbook,1
ambition,6
gymnast,1
singer,6
raged,1
fission,1
atolls,1
uncanny,4
harmlessly,1
radioactivity,1
vanishingly,1
indirectly,4
poltergeist,2
plutonium,3
hanford,1
inconclusive,1
bulky,4
tonne,1
scintillation,2
convoy,1
oversized,1
kilometres,2
johannesburg,2
coiled,1
miners,1
blasting,2
tonnes,2
tanks,3
logistical,1
nightmare,7
diplomatic,3
distrusted,1
alleged,10
faded,1
countered,2
transcended,1
wound,3
scatters,1
unsatisfactorily,1
derring,1
variously,1
endearing,1
admirable,2
irritating,3
alarm,4
tugging,1
formality,1
holidays,4
anecdote,3
aria,2
01318,1
deviations,6
tohono,1
odham,1
iolkam,1
splintered,1
complementing,3
bela,1
abolfathi,1
trace,286
roading,1
intervening,5
swaths,1
ingenious,5
predecessor,16
baryon,2
plugging,8
robotically,1
spectrographs,1
palm,19
fingerprint,18
superclusters,1
preparations,2
abby,3
bault,3
tea,40
headed,10
archival,19
aliasing,7
aliases,1
ascribed,1
suvrath,3
mahadevan,7
kamp,3
hershey,1
photographic,6
flaw,8
northfield,1
maximilian,3
georg,2
ttingen,1
benefactors,1
rec,26
vetting,1
fervently,1
footing,4
overhaul,1
2444,5
fbclid,2
iwar0vfi2jpzu0yoxnpiuewz0lslvfv654fw,1
eternity,6
immortalized,1
inhabitant,1
dog,57
modesty,2
erudition,1
mischievous,1
smile,20
2453,4
spearheading,2
epiphany,1
amazed,18
blossom,2
generosity,4
warren,20
budapest,5
hell,5
romh,2
nyi,4
jromhany,1
potentials,8
multiferroic,3
accused,3
kilogram,1
patented,8
manufacture,4
cathodes,9
factory,119
abc7,3
irv,1
emulsion,9
alternated,2
smash,4
etchings,1
nongravitational,1
fasernu,2
expects,7
untraditional,1
debt,8
gratitude,1
qmdl,2
2146567,1
disseminated,2
camps,28
multipolar,1
romhanyigroup,1
2142554,1
nontechnical,2
biennial,1
90th,3
astonishing,3
westinghouse,1
impeccable,2
cursive,1
congradulations,1
diffusing,1
ican,1
rewarded,5
jiangmen,4
ihep,1
xwdt,1
zhxw,1
202201,1
t20220124,1
6347171,1
serendipity,4
unfold,25
sherry,1
chlorofluorocarbons,1
cfcs,1
deplete,1
triumphant,1
emblematic,1
crossed,20
rickety,1
nascent,1
2000s,2
chiefly,1
outstandingreferees,1
grf,4
mara,1
mishner,1
sequeira,2
allison,6
maxx,1
arguilla,1
mcsorley,1
grfs,1
ieeemagnetics,1
exemplify,1
vvjbtwo5zro,1
compositions,1
exceeding,1
wars,7
1780,1
convenes,2
virtuous,2
amacad,1
popularization,8
applicability,20
fps,2
vazquez,2
devises,1
proponent,2
neurodiversity,3
neurodiverse,1
academicians,11
conveners,1
convocation,5
prudent,1
7238,13
laypeople,1
nbc4,1
snowmass,14
phycisist,1
leptons,2
interrelationships,1
sekhar,1
chivukula,4
subgroups,5
pros,7
cons,53
experiement,1
desperately,1
endgame,2
entrees,1
desserts,1
appetizers,1
prioritization,6
bearings,1
nbclosangeles,1
insi,1
chesnut,1
cpj,1
jeju,20
dino,2
jaroszynski,1
strathclyde,1
plagued,7
overcame,3
resolves,2
inhumane,1
curtail,1
oxidization,1
compositionally,2
lmno,2
amalgamation,2
titanium,1
niobium,1
minerals,4
synchrotron,3
nanotomography,1
nsls,3
mingyuan,1
s41586,1
05115,2
realms,7
disparities,30
existent,3
murnane,1
krushelnick,1
steadfast,1
sandoval,4
pervasiveness,1
arisen,1
dodelson,1
salman,5
habib,2
spanned,3
kusenko,1
2793,7
morphed,2
saxophone,1
winnie,1
pooh,4
trek,3
voyager,3
diamonds,9
steers,2
sergeant,1
saxophonist,1
ropes,1
juggling,4
badly,5
shameful,1
blacks,2
seeded,2
debuted,2
ucs,8
admitting,4
terrific,5
ninety,1
predominantly,9
latinos,2
latinas,1
vein,1
hardest,12
2791,10
tscaffid,1
310h,1
microscopics,1
h2o,1
uclouvain,1
rieure,1
mtonini,2
0106,2
decoherence,3
foam,11
simulators,6
magnonics,2
hexaborides,2
hopster,3
rutledge,4
mris,3
pencil,8
hinting,2
kilometer,2
moh,3
tasneem,1
nora,6
khokhar,2
beforehand,3
newuniversity,1
observa,1
transmissions,1
unprecedentedly,1
7469,14
ultrasensitive,1
winds,10
blowing,5
shock,9
pushes,5
deposits,1
opposing,5
compressing,3
excessively,2
destroying,4
nurseries,1
seyfert,3
ionized,3
outflow,2
blueshifted,1
dumping,3
tidal,1
1328,13
armus,1
endoscopy,10
uniqueness,8
fundraising,2
automobiles,5
repressive,1
discharged,1
recharged,1
libs,2
upton,1
chunyang,1
tianjiao,1
kisslinger,1
yea,1
2853,4
delware,1
spaceq,1
clocks,5
eby,1
marianna,1
safronova,1
delaware,1
2827,16
scecie,2
harbor,12
iopscience,1
1538,5
4357,7
aca970,1
coul,1
20discovered,1
20neutrinos,1
20from,1
20at,1
20uci,1
20and,1
barabas,1
yuhui,1
aguilar,2
sanchezyamagishi,1
310d,1
magnetometry,1
jdsy,3
cosumnes,1
caring,9
manu,1
calbridge,2
segmental,5
recruited,3
liaisons,1
02may,1
releas,1
watchep,1
anyes,3
equitably,3
trainees,1
rameika,1
traineeships,1
marenfeld,1
2886,4
osiris,1
benz,1
endeavours,1
safeguard,2
designations,1
1919,7
lindberg,2
ann23020,1
mbianch1,1
2164,6
uco,5
tmt,4
eboss,2
lsst,2
2153,7
benty,2
messenger,11
multiwavelength,2
steph,2
iurii,2
babyk,2
nima,8
chartab,2
chaushev,2
hafen,2
kader,2
luhn,4
adelman,2
corey,7
beard,7
dowicz,2
fofie,2
helena,8
rae,7
holcomb,7
lach,2
palubski,2
hasitha,2
pituwala,2
premnath,2
ralston,2
remigio,2
sanborn,2
loraine,2
ascencio,2
shandonay,2
staudt,2
stawinski,2
vidya,2
vides,2
lawerence,1
nanophotonic,2
howardhw,1
4158,6
mphil,1
iqse,2
texasa,1
awarcd,1
darpa,46
ogc,1
hyer,3
croucher,1
nanophotonics,2
pqe,1
symposiums,1
2200,14
biophotonics,1
nanocircuits,1
stlove,1
4155a,1
cmgonza3,1
forging,2
motherhood,2
empathy,14
boyle,4
scientificamerican,2
heres,2
hailed,3
dawn,9
interning,7
fadelli,1
hewgill,1
trimbl,1
opal,2
petawatt,1
thousand,56
lhs,16
3154b,8
3154,16
reevaluate,2
casting,6
ultracool,2
willaman,2
accrete,2
reexamine,2
recalled,6
russel,1
telling,66
nanophysics,1
metalenses,1
lenses,8
3019,10
1136,19
clocking,1
ttv,2
echelle,1
slight,8
blueshift,1
blasted,2
sculpted,1
flares,2
hunters,1
juvenile,3
sunspots,1
blasts,1
sculpts,1
neptunes,1
uranus,6
packing,254
unconfirmed,1
gravitationally,1
piano,2
tugs,1
destabilizing,1
shetrone,1
molten,1
canary,1
chalmers,3
lund,3
nicolaus,1
copernicus,1
ritsumeikan,3
seti,1
jaurequi,1
conductors,5
bypass,3
poke,2
mrsec,2
underscores,4
welser,1
yepez,1
delmont,1
triet,1
strangest,1
possessing,3
traverse,14
superposed,1
weirdness,1
instantaneous,10
reappear,3
impractical,13
burst,1
partles,1
gevs,1
km3net,1
1930,2
dreaming,7
permitting,3
dumand,4
roberts,6
proceeded,2
undertook,2
fortuitous,3
imb,4
superkamiokande,1
organ,3
shark,8
grewal,1
auctus,1
silencing,1
ecrp,1
untenured,1
3169,7
chatter,1
chatters,1
imaginative,4
kaleidoscopes,5
delved,3
egyptian,71
trailblazers,1
friendships,6
risingstargirls,1
kayla,2
coronak6,1
admire,5
3252,7
fsa,4
inaugurated,2
icbs,2
yanqi,2
bimsa,1
nominate,3
shortlist,3
shortlisted,1
embody,1
wit,3
motto,2
womenintech,1
spacex,2
falcon,4
staged,2
pad,4
thruster,1
sonic,1
landing,6
cleared,12
rooftop,2
trillionths,1
sherex,1
directorate,6
dicke,1
acutely,5
3278,5
propelling,2
optimistic,14
undermine,1
remarked,1
mayall,1
glimpses,1
mart,2
nez,7
headway,3
needless,5
sandage,2
deceleration,2
lema,4
straight,177
saul,5
perlmutter,2
riess,2
decelerating,1
astonishingly,1
overridden,1
contracting,8
belgian,1
cdm,1
peebles,1
ratra,1
suggestsion,1
cautious,5
sagan,1
euclid,42
pas,3
theconversation,1
discove,1
nsw,8
marius,3
ordan,1
lhcb,1
multifaceted,4
weighs,2
subprojects,1
readout,1
aishik,1
irene,3
joliot,1
liege,1
supersymmetric,1
convener,1
oversaw,1
solenoid,1
credited,9
chooses,21
3348,3
programing,4
240a,5
240b,3
240c,3
241a,3
241b,3
241c,3
241d,3
241e,5
nebulae,1
extinction,1
shocks,1
remnants,1
215a,2
213a,2
214a,2
215b,2
234a,2
234b,2
235a,2
235b,2
239a,2
passage,9
astroparticle,3
conentration,1
finances,12
olicies,1
harrassment,1
advertised,5
reu,7
suli,1
h196,1
mixings,1
mangeto,1
multiscale,26
biomimetics,1
gratton,3
elliot,6
botvinik,1
grossberg,1
medha,1
pathak,1
tombola,1
tromberg,5
photodynamic,1
metabolic,8
biophysicists,2
tweezers,1
paik,47
satyadev,1
kastis,1
mokhberi,2
villareal,1
drasco,2
sirko,2
hamlin,1
dilday,1
kaveh,1
shoorideh,1
blume,1
hickman,2
edman,2
zepyoor,1
khechadoorian,1
kyungseop,1
jayakrishnan,1
radhakrishnan,2
natali,4
shelley,2
keyan,1
moradi,3
munch,1
dishaw,1
robson,4
tolleth,1
decurtins,1
griest,1
eykholt,1
runge,1
scaletter,1
weinberger,3
donovan,2
baumann,1
kratel,1
deweerd,1
urayama,1
danielson,1
dang,7
nader,1
nassif,1
gilbreth,1
francis,4
trainor,1
girard,1
fuhrman,1
kameron,1
persico,1
carsen,1
gore,2
galkin,6
mccoy,18
ficht,1
maham,1
hasib,2
leshan,2
elvira,1
shanfield,1
armstrong,7
scalettar,1
lorenc,1
adriaans,1
daryush,1
agahi,2
ellithorpe,1
yoko,1
inokuma,1
troy,2
woon,1
choong,1
miyaki,1
tierney,4
cawley,1
vaccarella,1
badzey,1
merritt,1
dunford,1
miah,1
leport,1
rojo,1
willsie,1
wenner,1
caitlin,1
sikora,1
slagle,1
anais,1
gharabegian,1
worthy,6
andres,2
simha,1
harrison,5
hagerson,1
gunner,1
braunhausen,1
cahaan,1
vekic,1
andrei,8
shchegrov,1
yinglei,1
overlin,1
noble,7
lianqi,1
zehua,2
shreya,2
shukla,3
ctor,1
knapp,1
rez,3
thuilier,1
bantel,1
truppel,1
ohara,1
bosler,1
rutan,1
teig,1
carrie,1
brindle,1
silvestri,1
regis,2
walder,1
onnie,1
werth,1
thornton,1
hiroshi,2
crisostomos,1
alphabetical,5
prominence,8
kyungseup,1
extraordinarius,2
willliam,1
wiilliam,1
garden,6
ruden,2
gallow,4
1960,5
bron,18
rynn,2
vanhoven,1
nellie,1
nserc,4
igtc,1
edgerton,1
woodrow,2
asimov,50
ura,1
alpheus,1
gaann,5
bourke,16
meaker,1
guangbiao,1
visitng,1
subrahnmanyan,1
erice,1
ettore,1
helmholz,1
grinnell,2
sugarman,1
sherman,1
fairchild,2
dupont,1
nemours,1
saxon,1
cottrell,2
irc,3
rackham,3
lomonosov,1
banner,1
labour,1
taplin,1
felowship,1
mspac,1
gregorio,1
lamer,1
bonn,7
jubilee,8
worldtrade,1
kfa,1
julich,1
yokohama,5
tomsk,1
aneesur,2
kaul,5
develoment,1
docteur,1
honoris,2
causa,2
electromagnetics,2
ursi,1
resnick,4
premio,2
navicella,1
sardegna,1
nosanow,1
tecnologico,1
estudios,3
superiores,1
monterrey,4
stager,1
stemple,1
subnuclear,1
chamberlain,1
pred,14
pontificia,1
catolica,1
flagg,1
stoddard,1
wetherill,1
epj,1
witwatersrand,3
oppenheimer,2
reagan,1
gajewski,1
leroy,5
wuest,1
morley,4
goudschmidt,1
plaque,5
studienstiftung,1
ulm,1
alliances,1
professeur,2
rodger,1
doxsey,1
225th,1
f32,1
omnium,1
studiosorum,1
optimo,1
mcbn,1
minister,7
schwerionenforschung,1
amelia,7
earhart,1
nato,3
pacesetter,1
asahi,2
pontecorvo,1
aprkarian,1
forschungspreis,1
jaeri,1
farrington,1
suwa,1
nishina,1
blaise,1
pascal,28
jaea,2
2105,19
schopp,1
klopsteg,1
rensselaer,5
ninth,18
pappalardo,1
caroline,3
doctora,1
biesbroeck,1
astronomia,1
chestochowa,1
olcott,1
varible,3
councillor,1
esearch,1
elphinstone,1
1948,5
kusaka,1
mas,1
mccue,3
memo,1
tomiyama,5
2261,6
masterclasses,1
headquartered,3
freeways,3
bison,20
westbound,2
kiosks,2
dispensing,1
trancos,13
unmarked,6
reciprocity,2
stall,1
driver,47
planner,2
metrolink,3
tustin,5
taxis,1
ayres,1
expedia,2
2614,3
6911,9
attn,1
physicshr,1
payroll,2
physicsseminars,1
0108,5
4129h,1
mindset,3
biologists,6
surpassing,1
unsurpassed,1
hw4,2
regrade,9
sorry,92
19th,73
s2020,2
gantt,4
homework2,2
pip3,5
pypdf2,2
python3,13
hw2,2
mwf,13
piazza,4
batchit,8
batching,12
noms,9
buildsys,3
pmc,9
coap,1
unicast,2
reflexive,1
frst,1
fner,1
signifcantly,1
metamodels,3
twins,12
priori,3
metaevents,61
metapeople,58
metatrajectories,1
redistributed,2
sublicense,1
furnished,1
backdrops,8
ide,20
initialize,10
metaperson,36
metaevent,32
saved,31
filepath,4
filepaths,8
resizing,13
conceptually,4
hovering,4
tooltip,4
placeholder,2
initialized,6
deleting,21
deleted,47
dragging,4
elevators,1
triangle,493
reachable,3
timeprofiles,1
metamodel,2
upfront,3
dropdown,6
javac,2
ini4j,6
javafx,12
modelutils,2
viewutils,2
multiline,2
classpath,2
prefixed,2
proceeds,6
datestr,6
5000,14
entitygen,3
entitygencompile,1
datagen,3
datagencompile,1
metatrajectory,1
dictate,5
learners,14
sma,3
thresh,6
occ,5
plots,18
smoothening,1
conda,11
anaconda,11
arbitrarily,66
bounds,356
timeprofile,2
probabilities,32
probabilty,2
durations,10
timestr,6
committing,4
4nd,1
andrewgchio,1
numpy,6
matplotlib,2
scikit,6
rapidjson,3
tqdm,2
ruptures,2
fulfilled,4
varchar,2
cnx,5
authenticate,35
idx,1
edgewise,1
soldiers,4
niwc,5
shipboard,1
signifies,2
performers,1
4062,18
2704,7
calligraphy,2
misattributions,1
clips,19
ycombinator,1
5pm,11
4013,13
hib,12
ebnf,3
abstracton,1
tokens,11
rewritten,5
excerpt,9
radios,5
fiddling,2
plagiarism,4
sanely,1
ellenberg,3
smarter,17
bowel,1
brainstorm,1
arlo,3
doonesbury,1
walden,1
millo,1
lipton,1
perlis,1
philosphical,1
musings,2
doubts,3
timbuktu,1
vonnegut,1
bokononism,1
bokonon,2
cradle,3
narrator,1
mud,10
creatures,5
creature,5
moveth,1
politely,1
stevenson,5
unimportant,7
bolt,1
seasons,11
roper,3
planted,1
god,15
upright,12
cyberphysical,18
cert,78
fibre,3
novell,4
resist,6
phoebe,13
adviser,10
ramifications,4
intervene,2
berkman,11
caryl,26
ninja,5
seasoned,4
marketer,3
documentaries,4
activision,3
hasbro,3
nike,6
yarn,9
worried,14
screens,24
minefield,3
distractibility,5
industrialized,6
exporter,9
owing,11
hallyu,4
shatter,3
yoonha,8
strolling,3
centering,8
gradution,3
procession,3
sucses,4
venushacks,9
empowers,10
hack,17
spotlighting,2
queer,14
marsha,3
firsts,2
kuci,5
luckily,18
overwhelmed,5
negatives,6
montenegro,2
viterbi,12
inducted,5
yuriy,5
brun,5
meijer,5
mingle,4
doppelg,6
nger,7
martie,2
beestar,1
apprentice,1
letting,14
cyclos,1
3976,8
815,69
anthem,1
aerodynamix,1
capella,1
classmate,2
nadia,4
etemadi,6
congratulated,1
commended,2
iranian,12
wreck,1
woodshop,1
chop,1
keyboard,10
cultivating,3
crashing,10
compassionate,7
assured,5
await,2
intuit,7
angst,1
retraining,1
tumultuous,1
manufactures,1
dire,2
insisted,5
implored,1
gratidude,1
emphatic,1
zots,1
obliged,1
skillsets,3
resourced,3
beatingmelanoma,1
hoag,1
rocketjudge,1
chloe,2
chau,3
rubio,1
junyan,1
upside,3
hsueh,1
srayan,1
jana,1
slee,1
dystance,2
luevano,1
anzalone,1
orviel,1
alzate,1
zhengran,2
spectrums,1
caliber,1
pooja,3
lohia,3
pai,16
percy,2
claoc,3
piqued,1
representatives,18
triumphs,1
irrespective,3
esport,1
celebrity,2
ardent,1
commodification,2
duy,10
looming,1
foregrounds,2
nikki,3
yankova,2
scarf,1
wristband,4
lights,10
weaved,1
headband,1
crocheted,3
turquoise,1
fishtail,1
sash,1
coasters,1
hashimoto,1
junelle,1
jocson,1
woodbridge,3
props,2
tweaks,1
sar,2
heighten,1
fruition,1
ideating,1
getmentored,6
mutual,18
ochi,2
leonardo247,1
pranaya,2
tap,7
darn,1
youthful,1
draining,8
blessed,5
egos,3
agendas,5
zigged,1
zagged,1
wracking,1
sinh,1
prancer,1
prides,1
positivity,1
pedometer,1
journaling,19
fitcreate,2
customizing,4
foodtogether,3
annotator,3
discontinuation,1
antidepressants,2
dressa,1
eunkyung,2
kouaho,1
understudied,1
connectedness,4
mockup,1
discontinuing,2
fitbit,7
charless,419
fowlkes,607
ihler,53
sudderth,26
cracks,2
bryce,1
alderton,1
piques,1
lunchtime,1
kissell,2
boing,20
grist,2
hansman,1
shawna,3
preachy,1
storylines,1
narrativize,1
zotfinder,2
mails,10
bait,4
distracting,4
affront,1
blame,7
addictive,2
enabler,7
cognitions,1
residue,2
reorient,2
overloaded,1
lure,4
hoevel,1
screentime,1
archetype,1
nerdy,1
catered,3
footprint,2
lana,2
lam,60
edged,3
sword,3
lauren,7
teenagers,8
anymore,10
edgy,2
spurs,1
vasich,1
broadcom,3
tourney,1
sxswedu,2
grammy,1
santelli,1
hawn,2
goldie,1
sal,3
convergences,1
unite,193
advocated,2
learner,6
lssn,1
abandon,3
iconference,6
masterfully,1
borg,9
retreat,6
googleplex,1
nmsu,1
roundup,3
nsmu,1
hackers,10
geniuses,2
peach,4
fresno,1
fruiting,1
icssc,1
cyberslackers,1
millennials,1
startled,1
ironically,7
haimson,5
custodio,2
maricela,9
furious,1
deceased,2
hype,37
inbox,18
unread,1
inboxes,3
parasites,2
pavan,1
kadandale,1
eichhorn,1
dwindling,1
refocus,1
deficit,4
ned,6
halloway,1
finger,4
pew,5
corroborates,2
pausing,1
wealthier,2
thinkloud,1
minecraft,28
playbook,1
lucrative,7
rounded,6
acr,18
rankings,25
cachet,1
ivylol,1
legends,7
tournament,22
tedxucirvine,3
knijnenburg,5
clemson,2
hacked,2
umuai,2
adaptability,8
workday,3
columnist,2
conquer,33
surveilled,1
scsim,2
disruptors,1
lilly,5
workforces,1
accompany,5
turk,4
outsource,8
undervalued,1
fav,1
pontificate,1
stick,25
slacktivists,1
slacktivism,1
miegunyah,3
harrold,2
stasko,1
benzinga,2
jpf03177,1
ankita,1
raturi,1
plummet,1
codebreaker,1
widney,1
contra,4
pressured,1
chairwoman,1
conversant,1
raincheck,1
yorker,7
flaming,1
misfortunes,1
expansiveness,1
pickett,1
archaic,2
proponents,3
ebola,1
laparoscopic,1
shoehorned,1
praises,2
hazards,15
houses,12
danger,3
boredom,1
infomagical,1
headaches,1
insomnia,4
twitches,1
perpetuating,1
acto,1
emotions,27
junkie,2
infomania,1
gravitate,1
tired,6
dfg,3
triumph,1
rass,1
autonomic,6
shapers,1
immersed,6
pursuits,3
compulsive,2
correlates,9
tiredness,1
sabah,2
worsening,2
dirks,4
frost,2
ilrn,2
tides,1
opensimulator,10
sociocultural,1
andi,8
tunein,1
ctsp,2
hackerspaces,2
danish,7
harddisken,1
hackerlike,1
concocting,1
redstone,2
imls,1
772,78
leveling,3
cowling,3
addict,1
costume,2
jewelry,7
adorn,2
hopelessly,2
addicted,5
lap,6
mchid,1
kpcc,6
airtalk,6
lurks,1
dank,1
salients,1
disturb,2
slick,8
cobbled,1
frankenstein,1
leftovers,1
awkwardly,2
sutured,1
emblems,1
threaten,1
deliberative,2
debating,1
mused,1
festival,10
aif,1
inquisitive,1
shorten,1
unheard,1
monotasking,1
monotask,1
wires,9
technologists,6
regulators,2
banning,4
thirteen,2
civilian,3
wharton,4
virtues,2
perpetually,6
overtasked,1
courier,31
dummies,1
specialising,2
coders,3
rendezview,1
neuroticism,1
impulsivity,1
raval,5
noopur,5
sharpest,6
renewing,2
urs,1
gasser,2
sociotechnical,4
bdhubs,2
ribes,2
632k,1
barack,16
cs1c,1
selfies,10
snapping,2
happier,6
blues,1
deliberate,6
asis,3
huffington,4
teenage,6
alumna,9
teclemariam,1
successfulstudent,3
epicenters,1
hardwick,3
sanna,2
feelings,22
gratification,1
smiling,4
kathryn,3
ringland,9
louanne,4
appropriating,1
reno,4
kate,42
negotiating,3
icts,9
struggles,6
hooks,1
unturned,1
cquniversity,1
ozy,2
hippocratic,1
oath,1
surrenders,1
selfie,1
hormones,1
cortisol,1
tracing,21
organisation,3
nwo,1
willemsen,1
drink,5
awkward,5
stilted,1
dispersed,7
silly,4
forge,37
intentioned,1
youngsters,2
raconteur,2
confirming,3
rushed,2
steam,5
mitchel,1
papert,1
skaar,2
47th,7
talents,22
multichanel,2
billed,1
teaming,6
tasking,3
wasting,4
oscc16,2
avacon,1
pile,4
compulsively,3
eot,2
permanence,3
inconvenient,3
hotheads,1
eternal,3
archivists,2
legislative,1
judicial,3
consolidated,7
buried,3
trump,5
presidency,1
caldeira,16
tsaasan,5
marques,1
vindicated,1
faking,1
kidnapping,1
harassed,1
victimized,2
trolls,1
mic,8
hellish,1
overwatch,1
flee,1
unrealistic,6
denver,10
biztech,2
trackers,6
absenteeism,2
overshadow,2
kabc,1
sexism,2
ggj,11
mayhem,1
franchise,2
dml,8
obsess,2
madness,7
procrastination,1
queerness,8
qgcon,1
adrienne,1
burrill,1
healthily,2
broadens,1
anytime,13
cenhs,3
vales,1
incubate,1
dominic,1
boyer,7
cymene,2
unda,1
watts,1
arnold,13
mabel,1
dancecraft,3
autistic,10
choreographer,1
palermo,15
atypicalities,1
cacm,6
deaa,4
newsworks,4
unlocked,5
daughters,4
persists,3
buck,4
philly,1
widen,4
detract,2
inequity,7
eschewing,1
bangkok,3
impulse,2
torner,1
waldron,1
bimonthly,1
bonus,5
faidutti,1
postcolonial,1
rpg,3
jaakko,1
stenros,1
tanja,1
sihvonen,1
indebtedness,1
castac,1
nbc,9
interrupting,2
interuptions,4
fascinates,1
indulging,1
proliferated,1
firmly,2
computerized,12
kat,10
horrifyingly,1
rants,1
strange,31
occurrences,5
stereotype,3
strangers,4
emulate,5
suss,1
motherboard,6
porn,2
moderation,7
businessmirror,2
texted,1
iformation,2
gamesig,6
pavilion,6
compas,1
boots,2
haines,1
williamson,2
gooders,1
profiled,11
murals,1
honestly,4
citylab,2
olsons,1
ricardo,3
olenewa,1
wordplay,1
cryptic,1
compromised,5
rival,7
chores,5
goldfish,1
kpbs,2
geeked,4
empathize,2
activism,10
feminist,6
maiden,1
feminism,2
1850s,1
unquestioned,1
perpetuate,2
popsugar,2
fret,2
backfire,1
kqed,4
weeklong,1
campers,1
steinkeuhler,1
whiz,1
naughty,1
insomniac,1
infinity,56
forbes,22
bombarded,2
frayed,1
tidying,1
juliette,3
tawny,1
schlieski,1
aito,2
internationale,1
pour,1
les,42
objets,1
gregor,1
kiczales,1
lamping,1
mendhekar,1
maeda,1
loingtier,1
irwin,2
ecoop,2
schoolifying,1
ruining,2
scrappy,1
youtubers,2
skateboarding,1
flock,2
blast,4
wicked,1
oie,5
phllips,1
inviting,7
intersectional,4
portrayals,1
malkowski,1
treaandrea,1
russworm,1
samantha,10
congressional,6
cmf,2
varsity,1
captains,1
bros,1
melee,1
beloved,9
numeroff,1
felicia,1
moose,1
revolves,2
engendered,1
democratize,2
disproportionately,7
magia,4
transformo,4
indiecade,3
enclaves,1
wallethub,2
equifax,1
impersonate,5
passwords,38
sandbox,25
debut,3
catalyze,3
sdpb,2
youmedia,1
gadgets,11
poetry,5
costumes,2
spells,2
nygaard,1
storyline,1
duplication,2
clones,5
staggering,3
splash,2
females,1
bleeping,2
thismymob,1
violence,14
aboriginal,1
australians,1
chs,2
unobtrusive,1
osuna,1
pavlidis,1
homebound,3
newhart,2
reddit,8
unnoticed,3
flamewar,1
abusing,3
listservs,1
psyche,1
reckon,1
mvlri,1
reich,6
acquainted,1
soundcloud,2
placentia,1
yorba,1
granillo,1
astonished,3
parry,2
jammers,4
homosexuality,1
sneak,2
sarita,1
rosenstock,1
grace,10
gilchrist,1
aicre,4
luther,22
africana,1
spiritual,7
magda,4
zarki,4
superintendent,2
torlakson,3
cssipp,1
cde,1
crowdworkers,2
silberman,1
zaldivar,1
strava,3
unknowingly,1
counties,3
iraq,7
syria,1
apples,5
oranges,3
pamela,11
musicals,2
rallyforrivers,2
revitalize,1
livestreaming,3
twitch,8
efi,4
foufoula,2
georgiou,3
accorded,1
fights,1
julius,2
baer,1
motorised,1
804,73
575,61
attracting,13
bradys,1
cmswire,2
humanize,1
threats,27
humanizing,10
compensate,2
briefest,1
blobs,6
volcanoes,1
infested,1
countryside,1
foregone,1
succumbing,1
debunking,1
asshole,1
breathe,2
pontifical,1
vrdc,4
lok,4
surprised,55
vrcade,2
stepping,4
stippled,1
thepouncer,2
tweeted,2
cammarata,2
atap,1
voidalpha,1
luminary,1
ardeleanu,2
radiologist,1
invincible,3
farmers,10
vegetables,1
livestock,1
iarpa,2
striegel,2
tesserae,1
cognitively,9
celine,3
deleon,3
bargain,3
incentives,5
streak,1
valedictorians,1
jowl,1
uteach,1
teammates,4
golf,7
crowned,1
champs,1
heidi,8
ithrive,2
booths,2
inven,2
enthusiasts,18
elongate,1
fence,1
reactionary,2
stance,2
stinks,1
ppfp,1
workweek,1
strapped,1
reductions,11
morte,2
ayesha,2
cord,13
regalia,1
luncheon,2
verge,6
pranks,1
genuine,7
prosocial,1
praised,2
smartest,1
horn,5
saffron,1
bruin,2
afrofuturism,4
panther,7
octavia,2
coogler,1
wakanda,1
dalena,1
archivist,1
librarian,2
bunche,1
besser,1
ethnomusicology,1
plataine,1
bustle,2
cry,7
ludicrous,2
spencer,41
ruelos,1
melting,1
gown,1
animosity,1
legislature,1
sporttechie,2
leagues,1
66m,1
strengthens,7
damaged,7
rapport,2
aliens,3
nodding,1
niceties,2
felienne,1
tough,17
illnesses,6
schoolers,2
spaceship,7
humanlike,1
fantastical,2
outeraction,1
whittaker,9
erin,21
bradner,10
autodesk,6
comercio,2
dreamed,4
fuels,3
biocapacity,1
finiteness,1
homelessness,1
illiteracy,2
hudash,1
philanthropists,1
stew,4
cybercrime,1
patil,5
buzzfeed,2
stomps,1
throws,2
canoe,2
paddle,3
canoes,1
makapo,2
aquatics,2
rama,3
roadblocked,1
knack,2
intergovernmental,1
ipcc,1
lumsdaine,3
ally,1
coat,1
technolochicas,1
edtech,6
taker,1
canoeing,1
mingling,2
cheering,1
void,62
arcade,4
fortnite,3
rotting,1
sdc,1
farima,1
farmahinifarahani,1
oreo,2
twilight,2
maid,1
baba,12
yelp,6
multiyear,1
paddling,1
rowers,1
stroke,21
vlogs,4
kingsley,3
cramer,11
infuses,1
lilyann,1
khung,1
aivan,1
noticing,1
fictions,1
ign,2
dragon,7
dread,2
brewster,4
glitz,1
glam,1
teasers,2
installment,6
bioware,2
blockbuster,4
promo,1
deciphered,1
oodles,1
thedas,1
backstory,1
homeless,22
shelters,3
mcphie,1
narula,1
reconsidered,2
projections,32
fertility,12
whirlwind,2
menstrual,3
tumblr,4
outlet,2
flirt,1
homophobia,2
colour,1
publicness,1
hillary,8
cede,1
weighing,1
uncomfortable,3
trusting,4
trawling,1
nonmainstream,1
simplistic,2
guardian,2
espn,12
preseason,1
895,27
875,41
tension,3
slaves,3
homago,1
venturebeat,2
administrations,1
guild,5
quotes,1183
agelab,1
dealerships,1
aviaa,7
merges,11
fleets,1
acquires,7
convolus,3
formalized,3
expanse,1
hangar,1
wooden,5
mosselle,1
pione,1
imponderable,1
lengthy,5
theorizing,1
oslo,6
sync,20
synchronisation,1
synchronised,2
parades,1
rituals,2
crucially,3
slalomed,1
cise,5
crii,2
crms,2
abolishbigdata2019,1
datafication,5
wings,3
fateful,1
mold,3
knutson,1
scholastic,3
nasef,1
uciesportslab,2
yeshimabet,1
abolish,1
redrawing,1
intrigued,8
intrigue,2
yuheng,2
minoring,2
praneet,1
sah,4
parenting,9
fanfiction,5
fema,3
osha,1
emergalink,1
unsavory,2
ccdc,37
shelves,1
bortis,4
nextgen,2
inducting,1
trading,8
trades,1
investing,5
applauding,1
thanked,2
encountering,5
emeritx,4
eusset,2
achievable,7
outrigger,1
crowdsourced,16
waze,5
patrol,1
hacksc,2
univision,2
peruvian,1
shrm,2
ending,124
worksite,1
persistence,30
capitalizing,2
slack,10
stealth,3
overthrone,1
trophy,1
shutter,2
slackification,1
donates,1
manosphere,1
decisionmakers,1
misogyny,3
gamergate,1
texting,6
scrolling,3
martha,10
yearlong,2
cbri,2
mistake,11
ramani,5
skilling,3
matrimonial,1
garrison,3
tirelessly,1
detroit,4
recession,1
facilitation,1
gina,4
dokko,2
buckling,1
amid,5
suicide,6
abusers,1
surround,10
curbing,1
cops,1
neuro,4
franceli,1
cibrian,1
hyperactivity,1
wayfinding,2
vying,1
fulfills,3
shoulders,2
sexually,4
alarming,2
stis,2
enrollments,2
metoo,1
blacklivesmatter,1
hashtag,3
tarantula,3
watkins,6
deloitte,4
fracture,1
healthline,2
stds,1
hoax,1
sti,6
chauncy,6
sapien,3
usmc,1
reservists,2
ava,27
marines,1
maven,4
kidding,1
hefty,2
captures,24
mora,1
popularised,1
bloq,2
trainer,2
sabotages,1
tribune,3
inserting,37
erosion,2
respectfulness,1
kcbs,3
partisan,2
untrustworthy,3
unleash,4
spearheaded,1
caregivers,31
cll,8
multiorganizational,1
defying,3
ruha,2
carceral,1
technoscience,1
liberatory,1
altruistic,1
screenome,1
kleiner,2
perkins,2
zumper,1
hopper,4
alegr,1
ghc,2
934,48
wunc,4
avatar,4
intensely,1
escapism,1
pixelated,1
shackled,1
streamer,2
pokimane,2
personality,10
daylong,1
arum,1
maker,5
distanced,2
tide,3
playfully,1
doubting,1
lured,1
balboa,1
lifeguard,1
beachfront,1
socializing,6
remembering,13
catchups,1
lunches,1
bumping,1
acquaintance,2
wayside,1
impromptu,3
videochat,2
leaderless,3
kow,5
kuen,1
extradition,2
amendment,3
elab,3
suspects,4
mainland,10
protests,3
hermans,2
phis,1
brodbeck,3
pack,16
techtarget,2
jenaro,1
wheelchair,3
cella,1
cartel,1
cadena,5
favores,3
este,4
culo,2
est,27
disponible,2
ingl,3
cuando,5
recibi,2
beca,12
para,23
estudiantes,9
latinoamericanos,1
postgrado,2
convirti,1
eslab,1
una,10
que,38
cada,1
despu,1
extender,2
quien,4
actualmente,1
estudiante,2
ingenier,5
importancia,1
esta,6
fue,6
resaltada,1
celebraci,5
paseo,5
fama,5
computaci,2
informaci,2
por,7
durante,5
discurso,3
incorporaci,3
atr,1
hoy,3
gerente,2
lisis,1
datos,1
cofundadora,1
profesionales,1
peruanos,1
ciencia,1
tecnolog,1
perusv,1
lider,1
colaboraci,1
entre,1
laboratoria,1
organizaci,1
entrena,1
mujeres,1
latinoamericanas,1
desarrolladoras,1
usuario,3
dise,5
adoras,1
experiencia,4
antes,3
unirse,1
estuve,1
sorprendida,1
feliz,2
recib,1
noticia,1
incorporada,1
mencion,1
qui,5
tambi,13
tuvo,1
seleccionada,1
dar,1
evento,1
febrero,1
momento,2
gico,4
varias,1
razones,1
adi,1
muy,13
especial,1
compartir,5
apoyaron,1
mis,28
ahora,2
apoyo,6
ofreci,1
realiz,1
ciudad,3
desde,8
podio,1
dirigi,1
audiencia,3
inclu,1
madre,1
hermana,1
sobrina,1
quienes,1
viajaron,1
como,10
supervisora,3
doctorado,3
viaj,1
canad,22
cont,3
sobre,3
proceso,1
llev,1
trabajo,4
estudiar,2
lengua,1
materna,1
pesar,1
recibido,3
cubrir,1
gastos,1
pensi,1
manutenci,1
dinero,1
alcanzaba,1
necesario,2
tomaba,1
tres,3
horas,1
buses,6
diferentes,1
hasta,2
tienda,1
ikea,1
comprar,3
muebles,1
cual,2
tomar,1
minutos,1
carro,2
viaje,1
visitar,2
familia,3
parec,1
realista,1
frente,2
desaf,1
persever,1
estoy,4
agradecida,3
todo,1
necesitaba,1
ayud,1
mejorar,1
ambas,1
llegaron,1
publicar,1
libros,1
nomin,1
recibir,2
sorpresa,1
admiti,1
explic,1
ayudaron,1
mucho,1
permiti,1
ndole,1
boleto,1
hice,1
promesa,2
misma,5
alg,6
regresar,1
crear,2
propia,1
dijo,6
anunci,1
ayuda,1
debi,1
cumpli,1
cre,2
primera,3
ganadora,1
estaba,1
orgullosa,1
investigaci,7
prometedora,1
loable,1
realizas,1
beneficio,1
comunidad,4
latina,2
pronto,1
resultados,1
empe,1
centro,2
segunda,2
izquierda,1
fila,1
continuar,1
enfoca,1
captura,1
reutilizaci,1
conocimiento,1
generado,1
reuniones,2
recientemente,1
realizado,1
serie,1
desarrolladores,2
utilizando,1
sus,8
ltimas,1
creaciones,1
knocap,1
pizarra,2
permite,1
capturar,1
fragmentos,2
importantes,2
conversaciones,2
cuales,2
resultan,1
vitales,1
futuro,1
dichos,1
nombrado,1
idbs,1
pueden,1
reutilizados,1
mediante,1
aplicaci,1
futuras,1
inspirada,2
desea,2
instituciones,2
mexicanas,1
hacia,1
desarrollo,1
misi,3
impartici,1
seminarios,1
algunas,2
universidades,1
origen,2
tijuana,3
xico,6
iniciativas,3
parte,3
mgrep,2
donde,1
funge,1
voluntaria,1
uno,41
objetivos,1
comit,1
educaci,1
nuestra,2
presentarla,1
mica,5
nuestras,1
visitas,1
compartimos,1
mexicanos,1
oportunidades,2
fuera,1
espec,1
ficamente,1
existen,1
invierno,1
llevo,1
cabo,1
presentaci,1
ense,1
anza,1
cetys,1
instituci,1
exalumna,1
programa,1
maestr,1
tiene,1
fuertes,1
internacional,1
tenido,1
oportunidad,1
aprender,1
manera,1
gustar,1
aprendizaje,1
ello,1
acercado,1
profesorado,1
tijuanense,1
tengo,1
intenci,1
llevar,1
platicas,1
alumnado,1
nivel,1
licenciatura,1
organizar,1
taller,2
semilla,1
alcance,2
proyecto,1
toda,1
siempre,1
busca,1
alianzas,1
programas,1
emprendedores,1
persigan,1
objetivo,1
presentaciones,1
planea,1
diversos,1
recursos,4
disponibles,2
mensaje,2
conozco,1
mucha,1
gente,1
talento,1
experimentar,1
estudio,1
posgrado,1
extranjero,1
sin,16
notado,1
muchas,2
veces,2
estas,1
propio,1
potencial,1
desconocen,1
resalta,1
estos,1
necesitan,1
alguien,2
diga,1
eres,1
bueno,1
haces,1
otra,1
deseo,1
transmitir,1
zona,1
segura,1
tengas,1
miedo,1
fallar,1
mentora,1
apoyarla,1
apoyar,2
forma,2
trabaj,2
ingeniera,2
llegar,2
asesor,1
sido,2
gran,2
comienzo,1
conmigo,1
creer,1
tercer,1
adem,1
decidi,1
ayudar,3
otros,3
luego,1
devolver,1
gracias,1
recibiste,1
eras,1
mico,1
pero,1
ejemplo,1
definitivamente,1
esto,1
motiva,1
querer,1
contenta,1
escuchar,1
emocionada,1
impacto,2
teniendo,1
egresados,1
resaltando,1
alumnos,1
contribuyendo,1
amplificando,1
inductee,1
announcing,5
spawning,2
civically,1
postpone,1
derenik,2
haghverdian,3
prepandemic,1
multiplied,1
symptom,11
hospitalization,5
finalizing,1
furthers,1
restorative,1
zoombombed,1
coworkers,1
ideals,1
warnings,7
silence,2
portraying,2
exhaustion,1
latinx,7
risky,2
salon,6
invests,3
reassurances,1
contrary,18
thoma,1
bravo,1
misused,1
wfh,4
feasible,33
bkc,3
desensitization,1
loneliness,52
magdalen,1
immediacy,1
prohibiting,2
storied,2
imagining,4
ccel,1
victors,3
storying,1
peat,1
urging,1
inequities,4
extremism,1
hbcu,1
cbmi,2
districtwide,1
coalesces,1
inquirer,2
tweens,3
paucity,3
scinq,1
woolley,3
teenager,2
donkey,1
osborne,1
sequestered,1
gamesindustry,2
biz,4
shohreh,1
bozorgmehri,1
cannabinoid,1
cbd,2
cannabis,2
aggravated,2
wholistic,1
cannabinoids,1
leaned,1
reallocated,1
modernize,3
recess,1
socialization,1
adolescence,6
efinancialcareers,2
liberation,3
ericka,2
huggins,3
prisoner,3
poet,2
leblanc,3
filmmaker,2
oakland,17
sojoyner,3
nour,11
deepfakes,4
trilog,1
fischers,1
hangout,1
refuge,1
elkhodary,1
naeem,1
esfahani,1
autonomously,3
simei,1
pamphlets,2
rainforest,7
scully,10
blaker,8
sshrc,3
toyota,5
aira,1
tmna,1
shutting,9
throwing,6
acknowledging,4
depiction,3
dungeon,2
narrate,1
grapple,5
ingrained,2
definitionally,1
cherished,1
cataloged,1
beauties,1
telehealth,5
entwined,3
wreak,2
bestow,1
pitches,5
lifewire,2
starcraft,1
arpita,2
dimaano,2
desiree,1
avp,1
citi,8
gus,4
vsa,1
clever,13
psypost,2
influencers,1
fortifies,1
prodigy,1
beth,2
harmon,2
gambit,1
retaliate,1
dudes,1
berated,1
cohorts,5
retreats,1
gayatri,6
subramaniam,6
kasey,2
chuang,5
sheiswhyicode,1
mays,1
jeron,2
artest,3
shy,2
guarding,1
defensive,7
jeronimo,1
leysia,5
palen,6
questioning,9
mantra,4
womxn,3
herstory,1
superstars,2
sumaya,33
almanee,19
anger,7
reiterated,2
wildfires,6
hurricanes,6
hottest,5
vow,2
orient,2
remaking,3
ankrah,4
birnbaum,23
emani,7
dotch,7
senthilkumar,4
genesys,2
walt,17
raya,1
gallup,4
guide2research,3
bdc,6
ipeds,1
exceptionally,8
overturn,1
psychiatric,1
immerses,2
eschool,4
takeaway,1
56th,3
persisted,3
vince,6
antivirus,5
unexpectedly,9
inching,1
trickle,2
cylinder,12
bylines,1
quietly,4
retroactively,1
objections,1
reluctance,3
easing,1
disclosing,1
predecessors,6
comicbook,2
gumball,2
bmo,1
adventure,8
activist,2
mourn,1
solace,1
seberger,4
boulevard,1
giz,3
stigmatized,1
lbgtq,1
unhealthy,4
cohn,5
biofeedback,4
terence,2
hardships,1
adel,1
dur,6
persevered,2
relaunch,1
relaunched,1
reimagined,1
upheaval,2
reignited,1
singled,2
corridors,1
counters,6
macgyver,2
hasten,3
belfer,6
cts,2
defamation,1
extremist,1
sigaccess,2
mankoff,1
devva,1
kasnitz,1
hilton,3
fulkerson,11
frobro,2
frustrating,9
seo,120
rejections,7
lucasfilm,1
vii,2
awakens,1
avengers,1
glance,3
orso,1
zothacks,2
locator,6
445,64
mojang,1
restructuring,3
genesis,3
blocky,2
vanessa,12
klotzman,12
majored,5
kinder,1
gentler,2
chirp,1
taxing,1
onslaught,2
onus,5
relearning,1
lib,29
wsj,27
techie,2
bellotti,1
modernizes,1
apana,1
zenyu,1
mandy,1
eafc,1
videogame,1
raph,1
halverson,1
trammel,2
cadre,3
lineup,1
reboot,94
supplementing,1
piloting,3
correspondent,1
apology,1
mashable,2
naviance,3
mandate,2
rebelled,1
uploading,15
quotas,1762
expulsion,2
mohsen,24
atari,2
arabia,10
jeopardy,2
semifinals,1
usf,7
marries,3
confronts,1
som,33
edutopia,2
wonders,10
pivoted,1
oscc,1
clowdr,2
midspace,1
hackuci,4
flasza,3
wraps,7
overwhelm,1
immersing,1
ads,20
pops,3
garett,2
elevateu,1
qingpeng,1
adherence,13
geoinformation,1
tullues,4
carbonated,1
moxie,2
resumed,2
paused,108
reconnecting,1
mingled,1
labored,1
creep,1
trilogy,1
aspirational,1
multibillion,1
inequalities,5
devaluation,1
workplaces,2
confirms,11
knownow,1
cement,1
colonialist,1
supremacy,1
excuses,1
1125115438,1
shocked,9
experiencecraft,1
grieving,3
caregiver,9
grieve,1
defeated,1
misrepresent,1
memes,2
deadnaming,1
masculine,1
pulp,2
detective,3
superhero,1
tesla,4
jessy,30
ayala,15
belting,1
singin,1
showtune,1
singularity,432
fbl79,1
grandma,2
armchair,2
dax,2
shepard,1
culprit,1
armchairexpertpod,1
iwar3gdxundgbhmvvusu6w12qbokbgwr,1
ld24170aviehyj6,1
xul,1
vvbqgw,1
endures,1
battling,1
flames,1
burning,4
regaining,3
adorable,2
pleading,1
longing,1
hunted,1
brighten,3
darkened,1
stopwatch,1
culminate,4
newborn,4
capstones,3
darker,2
bullied,1
peeves,1
omitting,9
irk,3
buehler,4
irs,1
jooyoung,2
roland,2
affectionately,2
bowkerfest,1
boiling,1
stole,1
infinitely,23
diverting,5
deformable,38
concretizing,1
newsweek,2
declining,5
reclaim,2
glaveski,1
unpacks,1
unpacked,1
anatomy,3
digs,1
apega,3
calgary,4
geoscientists,1
kings,6
pastime,1
slipped,2
chatbot,45
journalist,9
pause,6
signees,1
elon,1
musk,1
wozniak,1
banned,1
capistrano,2
letsy,2
cahue,3
translator,1
clerks,2
inadequately,1
presses,1
embarks,1
datathon,3
madagascar,3
leonardo,3
rocha,1
hildebrand,1
tricia,1
ntim,1
depot,1
ignited,2
stecklers,3
artworks,1
tyrus,1
indelible,1
programmatic,1
federally,2
propels,12
vanguard,1
earmarked,1
lgbtqia,1
exclusions,1
mona,3
sloane,11
sociologist,1
birand,1
busse,1
fargo,2
neveen,1
moghazy,1
mailchimp,1
hyman,14
hulu,2
bidder,1
seduced,1
blackburn,6
nilll,1
marketers,2
authenticity,4
mastercard,1
cummings,4
criminologist,1
ethicist,1
jinal,1
damon,2
deaner,1
neuroth,1
cyxtera,1
richest,5
overlaid,2
jiyeon,1
welding,1
emulates,1
apprenticeship,1
reskilling,1
upskilling,1
solder,1
tensions,3
capitalist,4
staging,9
exploitative,1
gig,4
psychologists,6
bottlenecks,6
enact,2
koppman,1
reinvented,3
administratively,1
9127,21
haleh,5
alimohamadi,5
faruque,11
chou,21
demsky,5
rainer,8
doemer,5
magnus,7
egerstedt,5
salma,41
elmalaki,13
eltawil,5
gajski,5
sitao,5
pramod,10
khargonekar,11
krichmar,19
fadi,25
kurdahi,25
hyoukjun,5
kwei,5
rahmani,218
shoukry,9
sakr,8
enews,6
autonomy,13
prabha,1
sundaravadivel,1
2430,8
unleashing,3
xulong,1
invalidations,1
circuiting,1
mig,1
mengyuan,1
tee,5
urbane,1
tslp,1
teeslice,1
p24,1
arrowcloak,1
security25,1
wallets,2
insulin,1
communicators,1
3211,13
2620,10
mythos,5
yshoukry,1
8147,10
tabuada,1
cyphy,1
mani,7
nesl,1
ain,4
shams,4
sherif,2
hammad,13
watheq,1
kharashi,1
egypt,10
unmanned,6
aerial,12
ugvs,1
uavs,1
3227,8
9724,13
maestro,1
satc,4
debug,7
imr,7
conext,1
foci,4
ndss,44
23a,1
dsn,7
securecomm,3
18a,3
gnn,5
23b,1
provenance,2
secdev,1
acsac,8
raid,28
pets,17
eurosp,1
21a,4
tifs,1
tdsc,8
eaai,1
21b,3
18b,10
interrupts,5
asiaccs,2
twc,3
aicps,1
8066,11
janelia,1
hhmi,1
mobicom,9
responsphere,34
fighters,20
itr,28
reserach,17
resiliency,7
normalcy,4
uicds,40
distingushed,4
emws09,12
11am,11
nanda,15
kambhatla,5
davison,15
safire,14
firefighters,17
eguchi,24
imagecat,8
fires,22
4001,71
benaras,1
hindu,7
subtask,1
wisewire,1
haykin,1
refinements,4
cumulatively,1
4100,1
2800,3
enstg,1
signup,5
passthru,1
conferencecode,1
wor77476,1
nabil,9
sue,23
skelly,4
mahoney,2
saic,83
governor,7
hagan,3
matz,1
dale,4
svenson,2
ellenberger,2
macedonia,2
forterra,2
scacchi,1
brent,6
woodworth,3
sogolow,2
rufus,2
ellis,3
chuck,9
suski,4
coudera,1
cia,5
chandy,2
cotter,1
shkel,1
varner,1
rosa,9
iff,23
guido,2
pinedo,2
trocchia,1
norvartis,1
adjourn,1
wideband,1
faranak,1
nekoogar,1
farid,1
dowla,1
kolluru,2
virtualdisasterviewer,1
bevington,1
beverley,1
enrica,1
verrucci,1
amyx,1
huyck,1
bowring,1
shira,1
fridman,1
prakhar,4
kaminka,1
ogden,1
milind,2
tambe,1
matheis,2
dilek,4
hakkani,4
gokhan,4
tur,7
ozlem,2
ergun,2
pinar,2
keskinocak,2
swann,2
4301,8
shashi,10
shekhar,11
geosocial,1
bhavani,9
thuraisingham,8
latifur,1
naveen,21
scerri,1
graves,3
melamed,1
1322,5
multiagent,6
durfee,2
atluri,6
basit,2
shafiq,2
ngos,1
grasso,2
finin,2
yelena,1
yesha,2
easychair,1
chaitanya,28
baru,1
cuny,1
captain,6
gohsep,1
couretas,1
lockheed,1
ebert,1
elmagarmid,1
brock,10
morentz,1
ppnl,1
vaidhya,1
vasta,1
winslett,2
sahana,1
utilzes,1
commanders,4
acuostic,1
motes,6
drills,4
sitve,3
anticipation,7
deliverable,3
ficb,12
eocs,3
responshere,1
multisensor,4
smartspace,1
linksys,1
canon,3
4tb,1
solaris,8
beowulf,3
zigbee,3
rfid,3
erc,2
stives,1
dewberry,1
ajmani,1
lance,2
cardenas,1
dawna,1
finley,1
garrott,1
halenar,1
maheu,1
mckeever,1
paulette,1
spawar,1
eileen,1
toro,1
4019,7
9104,9
2082,11
5898,14
12b,8
motorola,4
continuity,13
tornadoes,1
floods,2
freeway,10
jamboree,12
tollway,1
toll,5
chaffey,1
turtle,6
woodbury,2
alisos,1
trabuco,1
pinegar,1
golnaz,37
hanigan,1
chrissann,1
ganapathy,1
chockalingam,1
chrisman,1
valentina,5
bonsi,2
bionet,1
wiisard,1
recyclers,2
apani,1
asvaco,1
convera,3
deltin,1
masimo,3
ether2,1
printronix,2
2076,7
deliveries,41
3100,2
carrillo,4
3289,21
mlcarril,3
movid,3
webconf,1
casqa,1
smartcomp,22
taormina,1
plenary,11
iotcon,2
mmsys,2
ignite,16
atlanta,30
calstate,2
debs,11
jst,5
multinetworking,1
shonan,3
visioning,2
nfpa,1
informs,9
icdcs,51
saskatchewan,1
transdisciplinary,2
efri,1
smartcities,1
whitehouse,5
hotdep,1
osdi,1
smartamerica,4
firefighting,3
siebert,1
frisco,1
icnc,9
multinetworks,1
multinetwork,1
ants,2
mdm,8
lisbon,5
indo,1
sfm,8
bertinoro,1
mobihoc,1
icst,5
mobilware,1
jisa,1
soca,1
emws,3
wowmom,5
ipdps,14
igniting,1
mobiquitous,1
mmcn,13
techtalk,1
composability,7
miro,1
hipc,7
opensig,1
fmoods,5
hrl,3
qos,99
hicss,8
klara,4
nahrstedt,4
atul,7
prakash,7
dimi,1
jdm,1
europar,1
podc,12
icmcs,12
aspires,1
writ,1
persyst,1
isorc,7
iq2s,6
pecs,1
icdcn,3
sesa,2
cpscom,1
comsnets,2
igcc,6
iwcmc,2
sigkdd,6
isi,57
infocom,27
discotec,1
estimedia,6
persens,1
euc,1
siumi,3
sac,9
rtas,5
mobisys,11
wongen,1
wpdrts,5
rtss,20
doa,6
january18,1
twente,1
icnp,1
pldi,1
ccn,5
vegas,27
sentient,19
wmsc,2
cvpr,256
minyoung,6
talcott,17
xtune,10
sigbed,3
ccgrid2011,1
sdn,8
artis,1
blackwell,1
rewal,1
cloudcom,9
cs237,3
sigmm,8
adaptively,4
flexchain,1
disaggregating,1
adachain,1
decon,1
rca,1
oversees,2
netdb,1
dsl,3
sakrison,1
spira,3
lindback,1
sixteen,4
netsil,1
microservices,4
nutanix,1
termaxia,1
frontiir,1
lahjouji,11
proportioning,5
factories,6
mismatched,2
overcomes,4
entails,8
inventing,7
leaks,1
disjunction,1
apportion,1
preset,91
dag,25
lcomes,1
upta,2
rkeley,1
secting,1
sensus,4
usted,3
stract,1
terest,2
mul,41
ications,1
stered,1
wid,1
espread,1
byz,3
antine,1
faul,2
eed,3
plicas,1
pax,1
vocation,2
tacks,1
tru,4
nimize,1
licas,1
aper,2
akes,1
ributions,1
alyze,1
hree,1
damental,1
lim,23
itations,2
eclude,1
depl,1
oyments,1
ome,3
amental,1
hile,1
nked,1
tate,5
uite,1
fle,2
xitrust,2
tempts,1
destep,1
sues,1
oughput,1
coun,1
terparts,1
earcher,2
ylab,70
ber,4
keley,2
ead,1
hitect,1
ilientdb,1
bric,1
rior,1
ining,1
gree,1
olds,4
ster,1
grees,1
rdue,1
dras,1
cuses,1
aining,1
afe,1
icient,1
ault,1
lerant,1
tributed,2
unication,1
rgan,1
cla,1
ypool,1
arded,1
aduate,1
avis,2
eur,58
osys,1
ree,3
ime,4
ikes,1
ode,5
eam,1
cker,2
bost,1
onhacks,1
mong,3
hari,18
chaparala,10
naive,32
purposed,1
owning,3
pipelineable,1
nvms,20
tabe,1
8045933305,1
flipping,32
endurance,9
tohoku,4
sendai,4
ukedo,2
deadly,2
tragically,1
schoolyard,1
hillside,3
impending,2
inundation,2
rousseau,12
geriatric,1
morbidity,1
ddt,1
cyberworld,10
oftentimes,3
ventilator,2
irides,2
multiresolution,14
simulates,3
incompleteness,1
ditial,1
caredex,10
securely,46
geologists,1
sheu,1
cs122d,1
cs143,1
ics143,1
cs212,1
fall08,1
implementor,1
cs225,1
cs230,1
dcom,1
j2ee,1
teacing,1
fundamentls,1
learnings,1
visionwang,1
sums,82
meltdown,4
crying,3
rebuild,10
backyard,5
animoto,6
apprring,2
twists,5
mentioning,6
occassional,1
orsiso,6
inclusing,2
phot,5
albums,39
chronicles,137
objectivity,12
reporter,21
journeys,8
entrepreneurism,190
guessing,18
guesses,16
tow,4
circulated,6
microblog,13
visr,43
helper,9
decent,13
hears,14
effortless,15
froth,15
fleeting,21
instagrams,8
evanston,6
sln,12
pyramid,47
mop,12
lifelog,32
lifeusing,4
mingyan,12
hammer,46
twain,5
nowledger,15
cames,2
nowledge,2
sellen,2
mashups,15
ensel,2
vaghese,2
neu,2
analyis,2
humanitarian,2
debated,4
iphoto,6
convince,5
appscio,8
eco,28
rjain,4
tat,8
seng,10
realizes,3
concert,4
idmpo,2
intertwined,6
geotagging,29
grotagging,3
bought,15
nikon,5
coolpix,3
p6000,8
introducesd,2
rightclick,2
rear,8
resonated,2
receivers,2
crawlers,2
siri,10
hassle,8
tickets,7
favorites,8
bookings,2
ther,8
crovitz,2
shazam,3
microblogging,8
operas,8
orchestrated,2
stinkers,2
petamedia,3
catastrophic,3
mkrishi,13
thane,8
tcs,13
tata,17
consul,2
friedland,6
sensual,5
immersion,11
holodeck,4
senses,42
3dtv,4
yuichi,2
taguchi,2
persona,55
disfferent,2
virtuality,6
trued,2
lifelogs,12
echronicle,7
mylifebits,9
diary,7
reefs,2
ilife,11
sometime,22
heralds,2
competence,17
fotonaut,7
wikimedia,3
hologram,13
victory,15
js6b31,2
p5cc,2
5076663,2
holographic,2
councluding,2
eventweb,225
sentence,11
verbs,14
iswc2008,5
karlsruhe,29
smeulders,5
marcel,26
worring,3
santini,15
amarnath,15
emme,7
mir,25
icip,13
ancestors,37
spirituality,9
oldest,4
shadbolt,4
m4f,2
memoriesforlife,2
comuting,3
matured,5
cybereal,19
yesun,4
tha,3
intermingle,2
millin,2
yap,9
tineye,10
archimedes,14
bathtub,2
maturing,3
iphones,3
mny,2
sceptic,3
humanitech,2
webs,15
seraja,154
ewc,3
novelist,3
ngugi,2
thiong,2
hoffman,12
e2e,35
morphing,14
videoconferencing,13
viewfinder,6
naimark,2
eolved,2
cav,16
contenxt,25
lately,22
prospecting,70
comany,2
creativeit,18
ame,3
asu,5
imitate,3
folk,54
adolfo,11
strawberry,3
coloration,2
googled,2
arup,3
babajob,2
myspace,34
shankland,5
dolby,3
environemnt,4
ink,16
tole,2
multilingual,8
xid,11
compunies,2
appearences,2
mediating,2
hiperwall,10
lew,9
lancaster,4
damian,13
ecai,2
ruzena,3
bajcsy,5
telephones,4
paste,45
prepae,2
proccedings,3
incidence,23
warn,3
micrsoft,10
abot,2
knife,13
cellphones,10
bliki,21
piracy,9
illegally,2
copyrighted,9
lensed,2
silken,2
voiced,2
jockey,2
comcast,28
accorfing,2
orginally,2
zidillo,2
eventful,7
zvents,3
estrin,2
tivo,6
amateurs,4
reporters,8
microphones,14
moniker,2
magazines,10
youself,5
emoticons,9
newscientisttech,2
photokina,2
kodak,11
loyalty,5
eventweb8,5
eventoscope,7
eventweb7,5
taxonomic,4
esp,7
eventweb6,6
referential,25
searchers,4
dumb,4
parekh,6
horowitz,16
eventweb5,6
barners,3
eventweb4,6
olfactory,3
eventweb3,6
elgan,2
devsource,2
expressing,10
primitive,36
tagging,36
artwork,4
picks,3
cues,68
brush,5
strokes,2
jiangping,2
annotating,9
intereacting,2
navigable,8
photosynth,3
tonight,2
bamberg,2
spiegel,8
netzwelt,2
technologie,3
1518,4
425256,2
sportflashback,2
lexicon,12
echronicles,13
westermann,9
pmm,7
purly,3
senseweb,5
emergic,3
nath,5
assimilate,6
mash,5
limp,2
widening,8
ipod,11
podzinger,6
bbn,4
indxing,2
watershed,11
iptv,27
documentweb,12
edinburg,2
digitize,3
dideo,2
cable,48
digial,1
riya,27
demo2006,3
cyberspaces,5
phonecams,3
moviemaker,2
pogue,3
ces,7
markoff,3
revenge,5
webzines,2
cricinfo,3
folksonomy,25
noce,2
gesture,10
reuter,3
blinkx,16
premium,5
sexy,3
promotro,4
wulf,2
newspapers,24
hugs,5
hug,6
vocational,2
sights,1
esther,5
dyson,4
when2,7
scribbles,3
supposedly,12
gartner,7
dbas,2
zdnet,5
berlind,2
caldwell,2
disturbing,5
nytimes,10
mobiletv,2
pilho,6
gehl,2
suzanne,2
photojournalism,7
danit,2
lidor,2
enterprising,2
guys,17
genetically,3
beingat,2
teletechs,2
infact,6
exilim,6
s500,5
suggestive,6
geraldine,7
fabrikant,2
01value,2
pil,13
wolenetz,2
ramachandran,5
wyman,1
pubsub,1
retroactive,10
25podcast,1
ccc,9
converging,3
thebroadbanddaily,1
symbolization,1
assimilation,6
vividly,5
anybody,33
mango,3
tasty,2
taj,5
mahal,4
moonlight,2
typewritten,1
epcot,1
dictates,2
questioned,3
conservatively,1
wither,1
longs,3
uncertainties,5
denotational,1
trumba,1
evdb,3
calendaring,2
jeannie,3
formalisms,4
jargons,1
finishing,4
gopal,2
pingali,2
eagerly,4
robbie,1
lip,2
productization,1
oreillynet,1
where2005,1
sess,1
7411,11
trackback,1
azriel,1
rosenfeld,8
nagel,11
enjoyments,1
neurosciences,1
pockets,9
thirds,3
intersting,4
bulgaria,11
beuatiful,1
charm,5
roadside,1
swati,9
jolla,2
peaceful,3
wandering,1
bulgarian,2
990,2
picassa,2
creat,3
possessions,5
assembles,2
remixing,3
richness,3
climbing,7
vacation,37
yrl,4
competitiors,1
mainline,1
varna,1
404,102
typo,7
chandar,1
longhorn,1
rss,31
charming,2
piled,2
civr,4
vide,2
distill,1
scribbling,2
desperate,2
cruising,3
alaska,4
ketchikan,1
rains,5
raining,4
eagles,2
juneau,1
glaciers,7
glacier,5
skagway,1
trails,4
rush,9
shovels,1
rushers,2
voyage,2
arms,6
floes,2
soar,4
hansell,2
01video,1
uniqu,1
attract,25
folktv,3
enthusiast,1
beginner,1
sensible,2
terrorism,17
suspicious,9
assimilated,3
hardwired,1
casio,5
photocamera,1
25m,9
mpeg4,3
photographs,47
wallet,7
256m,1
implication,16
mulholland,1
beats,1
lugging,1
filming,1
swinging,2
swings,4
vhs,1
camcorder,1
swing,4
appliance,4024
dies,5
mp3s,3
exilims,1
pda,7
consumes,3
hybrids,8
tai,5
snap,8
shots,9
dsp,2
diffeent,1
firwork,1
retro,5
adjusts,10
photographers,13
slr,3
svetha,4
vekatesh,1
perth,8
videography,1
championed,7
sophiticated,1
rowling,1
worrying,8
diakopoulos,1
chalfen,1
rchalfen,1
lossless,4
desktops,3
credibility,4
registry,3
dhiresh,1
rawal,1
sensorml,2
opengis,1
photograpic,1
jeeve,1
citysearch,1
where2,2
photojournalists,8
bombing,4
citize,1
stranded,1
monsoons,2
mumbai,58
panicky,1
prerelease,1
virtualearth,1
mapmaking,1
wondrous,1
metaphysically,1
obsys,8
hampapur,11
pilots,4
peole,4
saturate,4
subways,1
cellphone,8
tunnels,8
bustling,1
midtown,1
internet2,1
speculate,2
houweling,1
immensely,3
scorn,1
overestimated,1
neglect,7
comapred,1
economist,3
cabinets,42
metaphor,5
hobble,1
interestingly,47
afew,1
copernic,2
wary,3
trap,3
railroads,1
msos,1
vod,4
dvr,3
casualty,1
commute,3
beat,17
uphill,1
occassionally,2
coincidental,4
profitable,5
expressive,8
rovey,1
acquisitions,2
micons,1
estonia,14
malnati,1
engin,2
hireright,3
praja,24
oursourcing,1
outsourced,38
centres,3
bpo,2
weissman,1
baruch,1
paaras,1
offshore,6
educated,27
sfotware,1
empirically,13
davao,1
manila,4
cebu,1
medela,1
tallinn,1
subsidiary,1
argentina,11
estonian,2
rised,1
europeans,2
germans,1
cant,8
gimme,1
mayfield,2
socialtext,2
syndication,3
blogging,12
greasemonkey,2
techies,5
burro,1
perusing,1
refreshing,7
bins,6
toss,2
songdo,4
streets,10
acres,5
incheon,2
specter,1
recycled,1
coke,9
prowess,1
progressing,17
enouth,1
unreasonable,2
unsupportable,1
discupline,1
nevads,1
races,4
scmidt,1
tasted,1
vagueness,2
nontextual,1
interpretations,10
buffett,12
democrat,2
hawthorn,1
chronicling,4
thad,3
starner,1
futuristic,2
soldier,1
reconnaissance,2
pentland,5
acquision,1
preoccupation,1
farber,8
battelle,5
mp3,3
prahalad,26
abandoning,1
futurist,1
kurzweil,2
insists,3
nonbiological,1
predominate,1
unenhanced,1
houellebecq,1
indieflix,6
andreen,1
whoopi,1
broderick,1
distributors,1
filmmakers,3
cautioned,2
buyers,1
currend,1
feinberg,1
outlived,1
stonebreaker,1
salinger,1
querries,2
terrible,18
obsession,10
oppoetunity,1
budding,11
kirsner,1
onscreen,1
nightclubs,1
yachting,1
cantinas,1
whimsical,3
underwater,3
proprietors,1
discos,1
casinos,1
weddings,12
cataloguing,1
catalogued,1
lawnmowe,1
quoting,8
nonsensical,1
drivel,1
blah,1
reamins,1
visualized,5
deamt,1
strngthen,2
stc,1
rage,2
revver,2
dailymotion,3
ilikesharingvideos,1
worths,1
gemmel,1
euphoria,4
duds,1
dictatorial,1
appealing,11
icio,4
darling,4
loader,1
assigns,3
espgame,3
unscientific,1
todaqy,1
nycmarathon,1
nymarathon,1
newyorkcitymarathon,1
sarukkai,2
cbir,5
augmenting,25
baby,15
glorious,3
indexable,1
rmt,4
thumbs,2
russellbeattie,1
1008684,1
thru,34
fundational,1
eagerness,1
manged,2
maturation,2
indoors,4
seva,1
sundaram,2
afar,1
audi,1
futurisitic,1
frinds,2
friendliest,1
afterall,2
slice,15
traditionalists,1
bald,1
bid,2
famished,1
stocked,1
joystick,2
fanciful,1
learnt,14
trensd,1
gadget,6
gaspard,1
mobot,1
neomedia,1
neom,1
20050801,1
jsp,7
paperclick,1
dileep,2
premchandran,1
ganguly,2
captaincy,1
characterizes,23
proverb,3
hurry,4
prognostications,1
lifelesson,15
surprises,7
hectic,20
lehman,7
gastro,3
esophagus,6
kisn,6
lifelessons,1
abstractly,1
gastroesophageal,4
lymph,1
lesat,1
relapse,5
overriding,1
brother,11
eared,1
broadbandsports,2
prosl,1
subcategories,9
narrower,3
wearbale,2
squeeze,4
altavista,1
infoseek,1
lycos,1
struggled,1
eyeballs,3
pagerank,19
climb,3
tempted,1
satisfied,19
revenues,2
dictating,1
goto,9
overture,1
skewed,15
payer,4
nirmal,2
sethia,2
reap,5
vasudev,2
completly,1
tapety,1
rubbish,2
zander,1
unfortunate,5
crank,1
imposing,6
watches,8
synchronize,4
offsets,3
sunrise,2
sacrifice,2
knobs,3
breaches,2
weakes,1
resarch,6
aquino,1
sidebyside,1
abnormalilty,1
medication,10
stamina,3
knees,9
oops,4
sudha,37
geography,22
forwards,9
sutherland,3
amusing,12
blurs,2
swept,6
fade,2
blur,7
expire,35
snappy,1
ooh,1
aah,1
thresholds,2
bageshree,2
shevade,2
pointer,35
overlayed,1
mashup,8
desptop,1
scienc,1
scenarion,1
keyhole,2
evangelizing,1
ehat,1
differentiator,1
attractiveness,1
zevents,1
ondemand,1
unedited,1
nagpur,207
calibrate,3
karnataka,2
goverment,1
specif,1
segmentations,17
indepndent,1
wasily,1
beome,1
reorder,3
doen,1
ganguli,6
lorenzo,1
lulop2,4
mpeg7,1
makeclean,2
iobloggo,2
weblog,2
lulop,8
viplab,2
unifi,1
parliament,1
banglore,2
rohith,8
shankar,2
overkill,1
docks,10
saptarshi,1
lover,4
parochial,1
clan,1
spade,2
puppet,47
welovesourav,1
souravian,1
sensibility,1
prevail,1
factual,4
grammatical,1
regretted,1
lohr,1
begs,1
smiled,2
joke,8
nah,1
ozzie,1
showdown,1
voip,4
footnotes,15
revolutionized,8
experiencer,1
trough,2
nicu,5
sebe,3
insipration,1
amzing,1
virage,24
excalibur,2
deveoping,1
hyderabad,27
iamjunk,1
rediffblogs,1
tnx,1
binford,16
iits,42
ione,10
banglaore,3
katiyar,8
mrinalini,6
aveek,4
mithila,4
ate,6
replica,4
upscale,2
suzi,18
binfords,2
mominuddin,2
foriegn,2
shillong,4
pakistan,8
pingback,96
ramakrishna,4
favour,3
be2004,2
rumored,3
corruption,11
precarious,1
victim,11
shaheer,6
shabad,1
dam,4
indications,6
improbable,2
bribed,1
pressurized,1
victimize,1
lambent,7
abiding,1
tuli,1
aqnd,1
homehow,1
brink,1
focussed,4
rajendra,2
prasad,8
pleasing,9
andf,2
drammatically,2
tryly,1
boys,4
progressed,10
rapes,3
localities,1
dowry,2
pospular,1
premarital,2
mystrious,1
poitics,1
enlightened,5
lallu,1
bihar,1
foreigner,2
murders,2
practises,1
dont,10
marry,2
untouchables,1
thats,9
phds,3
laloo,1
enlightented,1
drunkard,1
technolgy,3
eseva,1
railway,4
stomaches,1
foriengers,1
generalizing,11
offended,5
nani,11
palakhivala,1
kabir,1
nindak,1
niyare,1
rakhiye,1
nandan,1
kuti,1
chavay,1
critic,5
foreigners,1
motherland,1
patriot,1
strata,2
jhunjhunwala,1
novatium,12
asr,2
evden,4
eve,9
mailbox,5
greetings,4
replces,1
mecahnism,1
tarah,3
adolfe,1
drammatic,2
wiothout,2
godcasting,4
religions,13
poscasting,2
democratization,6
monkeys,2
ramtek,2
webcams,2
gutenber,1
stereo,9
coexisting,1
throught,1
200m,1
disappointing,8
longitudes,1
pictorial,7
orthoganal,1
telco,4
opensource,7
sreaja,1
allw,1
publich,1
annothations,1
retrievr,7
animesh,1
happenning,1
pyramids,21
poorer,3
thw,1
tourists,8
deprived,4
relegated,1
holland,5
marvellous,1
competely,1
opague,1
mapofindia,1
mapmyindia,7
availble,5
eicher,1
anyways,6
realeased,1
meal,8
marketed,2
adopters,4
wel,1
chasm,1
morganstanley,1
techresearch,1
meeker,1
trends100605,1
mag,8
mobiles,12
shaswatpatel,1
awaited,2
trick,45
hris,1
langreiter,1
battellemedia,2
002179,1
telcos,1
producers,14
cams,3
menus,1
demetri,5
terzopoulos,3
oscars,1
survivor,13
atleast,7
patenting,2
buisness,1
disrupt,2
dimitri,1
chemo,4
incidentally,11
sadananda,2
turbulances,1
proteced,1
goodwill,1
unpleasant,3
anubis,1
swelling,2
semanticmetadata,1
medialab,4
miserably,1
slipping,1
mlasia,3
poitical,1
venkatram,1
touted,5
stayed,5
pleasent,4
osito,20
fur,1
littly,1
tease,1
adore,1
grandkids,1
showers,1
affection,2
teasing,1
nris,2
intreresting,1
sppech,1
superhuman,1
vace,10
sindhu,1
jurnals,1
assp,1
newtonian,4
statics,1
suffice,15
simpler,43
adjectives,2
webspace,2
staic,1
aggressive,6
orients,2
reductionism,2
soliciting,2
sbir,1
hsarpasbir,1
solicitationdownload,1
mcq,3
pursing,2
1551,3
fredericksburg,1
22405,5
2374,9
bjones,1
mcqinc,1
routinely,13
entrepreneursip,1
patriotism,10
prebeta,1
kosmix,6
touting,1
venky,1
harinarayan,1
topis,1
suddently,3
greates,1
destined,2
perfection,2
patriots,3
complacency,1
kpm,1
adolescent,3
70s,1
nrirelatives,1
togethers,1
condescending,2
aptly,4
iota,1
geoploitics,1
honge,1
kamyaab,1
havoc,1
greenberg,4
clio,1
dyslexia,3
filmmaking,1
previsualize,1
swamped,1
affluent,1
flick,2
fingers,3
informationweek,1
karnik,5
tariffs,1
imported,8
portraits,3
divorce,31
fanfare,3
dying,2
mankind,3
dreaded,1
cato,1
socialized,1
oncologist,2
provinces,1
cruel,2
dues,2
govt,14
counterterrorism,2
marriages,17
sentimental,1
assure,2
reassure,1
painter,2
paintings,10
puja,1
commenting,2
hesitant,1
demise,8
eldest,1
uttam,2
barrackpore,1
bengal,1
gentleman,2
uganda,1
kampala,1
robinoz,1
ebook,3
dwave,2
kangaroo,1
dicello,1
roommate,1
sargur,1
srihari,1
treasure,34
chane,3
reels,1
nonexclusive,1
swath,1
buffs,1
newsreels,2
subcategorization,2
gleaned,2
meservy,1
pauses,1
disfluencies,1
halting,1
instictively,2
newscorp,1
kahuin,1
audiointercept,1
complained,3
commissioner,2
waldman,1
toatlly,1
marthin,1
beer,7
compnent,1
fashined,1
unproduced,1
computing3,5
seuveillance,2
pico,9
suranga,3
plural,2
pudding,2
tasting,2
proselytizing,1
stumble,2
intellext,4
technorati,1
muntain,1
illustrious,6
courting,1
guts,2
diller,8
investor,6
mossberg,3
accustream,1
imedia,1
captioning,2
synthesizers,3
puffing,1
stoking,1
gutenbergean,2
scour,2
pickings,2
slimming,1
financiers,1
netpc,6
slim,1
demoed,2
nettv,1
centralize,3
karun,1
roongta,1
loathes,1
pirated,1
fences,3
obliterating,1
broadcasters,2
pruitt,1
mcclatchy,1
ridder,2
brave,9
newsprint,1
buyer,1
decumentweb,1
underdeveloped,2
previews,2
bush,6
terror,3
tibuktu,1
sporting,3
eventcasting,1
colony,3
lansing,1
hindi,19
wedding,37
enjoyably,1
delightful,1
zac,1
mow,1
vie,4
misleading,7
infrastgructure,1
disappeared,1
dormant,3
accustomed,2
pvr,1
vpml,1
poles,8
colleuges,1
incereasing,1
earlynext,1
jacksonville,1
videoreel,1
databses,1
discard,5
ultimeately,1
antiquated,1
esciece,1
spation,1
gfood,1
absed,1
talkd,1
fuse,40
ici,4
senso,1
humour,2
reminisce,3
orderliness,1
cleanliness,2
slacker,1
beggars,1
terribly,1
mcdonalds,5
starbucks,3
marathi,2
bur,1
lapre,2
uncountable,1
lauraglydaband,1
pleasntly,1
navin,2
quadros,1
dipesh,1
badani,1
thx,1
bye,4
cafe,3
kalloor,1
pmobile,1
aeropuerto,1
gerona,1
girona,1
usualy,1
indione,1
ginger,1
frills,1
indicom,1
commercials,3
babas,1
edcational,1
piecemeal,1
ocallaghan,1
execpt,1
jokey,1
99pence,1
napster,1
mack,2
funniest,1
touchstone,3
buena,2
branded,6
dabble,2
facet,7
udaya,2
inurl,1
verticals,2
specialisation,2
heirarchial,2
heirarchy,4
heirarchies,1
maturity,3
succesfully,1
2he,1
2hl,1
2de,1
standardised,1
universalising,1
outset,1
diverted,2
taglists,1
drill,16
progressively,3
laterally,1
interlinked,2
needham,1
rethought,1
forrester,2
evetful,1
sportsline,1
ncaa,3
playoffs,1
streamlining,1
complexion,1
tallest,4
killers,5
suight,1
aparna,3
chew,24
congratulatios,1
immerse,2
customser,5
girouard,2
behaving,1
enerprise,1
worship,7
inroads,2
hitech,2
sprituality,1
clout,1
nab,1
churches,2
church,9
isk,2
ministries,1
blessings,1
vicar,1
sermon,2
exposition,4
gems,4
ironic,2
undestanding,1
wallm,1
innertube,6
resumesexperts,1
decreased,5
innnovation,1
newzeland,1
imo,6
sinple,1
chandratillake,2
freakonomics,1
pettit,1
crisper,1
taazza,3
ratti,1
correlating,7
oulined,1
delaney,1
jeeves,1
humnas,1
quece,3
impatient,9
inadequacy,2
painfully,4
imprecision,4
faceted,4
spirited,3
unstructure,1
marti,3
hearst,2
berkely,1
synergistically,13
foksonomy,1
harish,4
mallipeddi,1
flamenco,4
sharepoint,14
fried,1
rakesh,4
clickable,15
teri,1
hatcher,1
sweater,1
scramble,1
avant,2
rickshaw,2
kohl,1
videohyperlink,1
kohls,1
cayla,1
romain,3
idside,3
lorealcannes,1
fome,1
fashionandstars,1
quelle,1
brunson,4
jani,2
borrowed,3
santhosh,11
kunnath,5
warmest,1
berta,2
monteiro,1
intake,14
linus,1
pauling,1
deficiency,1
bumbling,1
chemotherapy,1
resorted,1
eats,5
retarding,1
olpc,16
whe,1
turm,1
temper,1
bubble,31
stayes,1
popularize,2
bones,6
grassroots,1
craze,2
outpacing,1
bronchoitis,1
antibiotics,1
happeningin,1
impediment,1
shortages,2
aricle,1
theough,1
leisurely,1
pallab,1
meena,1
ishwar,5
usha,1
bodo,1
skifstad,5
marci,1
waldinger,1
buddies,2
apprpriate,1
anyother,1
picasa,4
sharpcast,1
priniting,1
couch,6
potatoes,6
bringin,2
simultaneouly,1
potato,5
broadcaster,1
vloggercon,5
vlogging,3
meyers,2
vloggers,1
somalian,1
photographer,11
poplar,2
flooded,2
foreseeable,2
dpa,2
hinge,2
immutable,4
parameratize,2
cropping,2
cloning,7
interestingness,3
reorganizing,3
metamerist,2
exif,16
intertia,3
paralysis,2
dele,2
ogunseitan,1
carrers,1
seriou,1
chania,1
impress,6
exalted,1
bow,19
deux,2
legion,1
uninhibited,1
733t,1
leet,1
lol,16
auditory,3
narrowly,2
sentences,9
bites,4
juxtaposition,3
monuments,1
touristy,3
vacations,2
amenities,4
poros,1
hydra,3
aegina,1
santorini,2
mykonas,1
vegetarian,3
pretend,2
rameshjain,7
aroundgreece,1
larios,3
sincere,4
entice,2
slideshows,2
hated,1
respectable,5
acumen,1
2600,1
gautam,4
mahavira,2
buddhism,1
jainism,5
vace2,4
buddha,4
tooo,2
closeout,1
unavailability,2
moellman,1
abandoned,5
contrived,1
probabilistically,6
ontologies,15
wordnet,1
natuaral,1
ville,1
postmodern,1
criticisms,2
lexican,1
inclied,1
accelarating,1
patriotic,6
umbrellas,2
towels,1
naturalized,1
loyal,4
artificail,1
barbeques,1
fireworks,1
grafted,1
gomer,1
gettting,1
unreliable,22
crisp,4
ogd,1
gdo,1
skeptic,3
skepticism,4
confuse,4
treo,1
bollywood,21
mc1,1
monument,3
geovector,1
overlay,8
satellitephonesworld,1
feture,1
myslef,1
helliwell,1
caribbean,1
indispensable,3
onboard,1
boat,3
takeo,2
kanade,1
bowl,5
travelled,2
raffles,4
tiresome,1
boarding,2
10days,1
rainmaker,1
masek,2
letsgotraveltheworld,1
grounding,8
utters,1
utterance,2
utter,2
utterances,1
sleeping,5
tongue,1
sisters,3
nostalgic,4
cleanest,4
encroachment,1
sleepy,12
cybercaf,1
indus,1
mblazon,1
satyam,4
mohod,1
engg,4
recognise,3
ppl,5
sence,1
vidarbha,7
ministor,2
prafull,1
rediculus,1
citizons,1
bhanot,2
jabalpur,2
writting,1
optomist,1
developement,3
pray,4
jateen,2
goign,1
doign,1
bcoz,1
refused,3
handover,1
madc,1
tnt,1
mangalore,1
mysore,1
jaipur,4
fraustrated,1
disgusted,1
sunil,37
shinde,4
presently,14
realised,2
oppotunities,1
migrated,12
anecdotal,13
heartland,1
charmi,1
alok,2
permnantly,1
niranjan,10
ranka,2
vidharbha,8
vca,4
fascinate,1
cosmopolitan,2
maharastra,2
ignorant,5
woken,2
parcel,1
loooong,2
waugh,1
vrce,1
spinner,2
bhagwat,1
thul,1
telang,1
manohar,5
purse,3
nanded,1
aurnagabad,1
unilever,1
wtih,1
cautiously,2
corprate,1
btw,12
sow,1
hcl,2
infrastructre,1
malls,6
multiplexes,2
parks,7
inox,1
cinemax,1
amravati,1
spreadign,1
interestng,1
nagpurian,5
citigroup,1
stockmarkets,1
pathetic,4
mihan,9
wardha,2
mad,17
dipped,1
toes,1
daddy,2
nuts,3
shapoorji,2
pallonji,2
cricketeers,1
manohars,1
bcci,1
chunk,6
amazingly,2
sez,1
chaps,2
vrceans,1
ngp,2
appetite,1
taran,5
curretly,1
devlopement,2
specially,15
neem,1
nmc,5
numbering,2
standardisation,1
infrastructurre,1
thougths,1
pankaj,14
akola,1
trcikle,1
mistaken,4
chandrashekhar,1
colector,1
nasik,1
bullish,2
developes,1
ites,1
commitement,1
corporates,1
butibori,1
rathi,1
sandep,1
thamankar,1
yourrselves,1
happennings,1
maharashtra,9
koradi,1
khaparkheda,1
chandrapur,1
cuts,36
gajraj,2
grabbed,1
iaf,1
amenties,2
meted,1
ridden,1
commiting,1
suicides,2
ble,2
cooly,1
ummm,1
nagpurians,5
communalise,1
maharashtrians,1
blunders,1
mane,2
sucessful,1
realtors,2
harpal,1
consortiums,2
realty,3
adilabad,1
aplenty,1
beeline,1
pastures,1
lull,1
outskirts,1
captive,1
dlf,1
lakh,14
crore,1
dilemma,4
bhavans,1
ent,3
surgean,1
specialised,2
erp,2
compnaies,1
weclome,1
oppoetunities,1
jagdish,3
jcharde,1
rediffmail,1
groworth,1
bhushan,6
kanphade,1
homely,1
bhai,1
sadar,1
sixer,1
yaah,1
soaring,1
loosing,2
bulging,1
kms,1
mls,2
dilip,4
usein,1
obviosuly,1
sagar,3
airways,2
doha,1
vidharbhian,1
politician,4
ministers,2
gulhane,1
hema,1
bishop,2
weaver,2
fond,3
sheeding,1
jeetendra,1
brign,1
dew,1
starters,2
headfirst,1
ballooned,1
guba,1
revolt,1
weigh,4
embed,25
wagging,1
statistic,8
ecast,2
rhapsody,1
admirer,1
sadly,8
gotcha,1
piquepaille,1
cinematography,1
compellingly,1
alphabet,23
bluemela,1
3dbooks,1
linchpin,1
collage,1
citizer,1
flower,6
colore,1
tolerate,7
inaccuracies,3
maillot,4
hauptmann,1
ontological,1
independant,2
kowledge,1
segmenting,10
dinnis,2
veotag,4
transana,2
vaya,1
rubikzube,2
purports,1
respository,1
winery,1
molding,1
varietal,1
todays,5
koreans,1
unhappy,3
housewife,1
wrestling,2
housework,1
grumbles,1
sleeps,1
cramping,1
playtime,1
cheon,1
outings,1
crawls,1
seaside,1
jaunt,1
writen,1
aweful,1
rgd,1
usages,1
dictionaries,3
encyclopedias,6
confusing,9
bride,5
groom,4
grandsons,1
bhandarkar,1
imposes,4
causality,48
webyantra,1
conceptualized,1
neven,4
dedveloping,1
secrecy,8
nevenvision,1
speculations,3
expresses,4
stb,1
aproblem,1
confidently,6
battele,1
resorting,5
handcrafted,3
handcrafting,1
chore,1
ization,2
misrepresented,1
subclasses,15
inherit,3
cameraphones,4
nutrax,1
calorie,1
carbohydrate,1
reiter,3
accountant,1
stocking,4
blindsided,1
underperforms,1
revamp,1
usama,1
fayyad,1
referes,3
agility,1
murthy,5
elementry,1
lumped,1
appeals,4
cheats,3
hyperlinks,4
sytem,1
winded,1
snapped,2
southwick,1
poder,1
youdirect,1
futbol,1
pell,5
powerset,4
divulged,2
structuralize,2
ratty,2
surfer,3
munjal,12
whimsy,2
fondly,2
vanities,2
begged,2
enamored,2
peekaboom,2
grander,2
roz,2
picard,2
chagrin,2
ummmm,2
noticable,2
blip,2
applaud,2
commend,2
seperating,2
hinders,2
myopia,3
naivette,2
interms,3
blog3,2
barney,2
queried,11
otherworldly,2
perceptual,34
shoes,4
handbags,2
failings,2
wished,4
lashinsky,1
frenzied,1
stephens,2
nooks,2
crannies,1
bubbly,1
peaked,1
giddy,1
entailed,1
ugc,2
unobtainable,1
adherents,1
quadratically,5
sphisticated,1
iur,3
cartridge,2
shoestring,6
banquets,1
powerpoints,1
acmmm2006,2
webcasts,1
outmoded,1
061105,4
intresting,1
rogorously,1
539922,1
sightseeing,2
diminant,1
cilities,1
clothes,10
dresses,1
bicycles,1
jealousy,1
hangzhou,13
punctual,1
definiely,2
loooooong,1
farmed,1
huts,1
dilipidated,1
tower,41
frind,1
polite,6
reverential,1
roller,5
embarassed,1
hna,1
100th,1
trash,3
remiss,1
xiady,1
zhejian,1
pageranking,1
ahn,10
dabbish,1
whther,1
cmputing,1
toddler,1
comarison,1
macrosopes,5
guibas,28
micr,3
sissies,1
lady,3
bali,6
hindoo,1
caste,10
temples,12
baisaki,1
subevents,3
halfs,1
rebuilding,10
yje,3
subevent,1
superevent,1
gogolian,1
tedium,1
unbearable,1
fac,2
escope,1
resorts,7
concluding,9
companions,2
luxury,8
kennels,2
halloween,2
entertain,2
boerio,2
croft,4
orchid,1
kennel,3
canine,1
shui,1
emotionally,4
medically,1
spiritually,1
whirlpool,1
massages,1
clientele,2
anthropomorphically,1
profiting,1
walliser,2
doggy,2
timko,1
canyon,6
ranch,2
topanga,1
malibu,1
booked,2
sano,1
dina,1
lifestyles,5
coco,5
hutches,1
vets,1
gonna,3
overboard,1
doggie,1
spas,1
nope,1
spoiled,3
complain,6
copywriter,1
travle,1
iam,6
bleonged,1
incresingly,2
boldly,1
alot,1
enterpreneurism,1
chad,2
calss,1
malayasia,4
beaurocracy,1
simulataneously,1
semiautomatic,1
tis,5
imporve,1
deteriorating,3
radiator,1
z1000,1
reel,3
flashy,1
accessories,1
waited,6
1080i,1
jerky,2
ststems,1
tomccap,1
subscriptions,5
athina,1
markopoulou,1
nirvana,1
parigraha,1
monks,1
15b,2
craiglist,1
newmark,4
picnic,4
comfortably,1
buckmaster,1
cashing,2
bodyguards,1
contradictions,1
brands,6
mailed,5
irvinebmw,1
encoutered,1
disappointed,9
lube,1
agonizing,1
pulido,3
contorts,1
eyebrows,1
lips,1
xidtech,4
eventweb9,4
thera,1
barnett,2
sharper,1
woke,1
coasted,1
riches,1
ether,1
flownet,7
500mb,37
ethernet,6
blew,1
abysmal,2
afield,1
stopper,1
attorneys,1
losers,7
branched,1
kabhi,1
alvida,1
kahana,1
sacrosanct,2
andcan,1
injustice,1
dreamland,1
centerpiece,1
endings,7
summation,1
discontinued,5
broadcasts,2
primers,1
overviews,2
prerecorded,1
maintstream,1
allure,1
gestalt,4
gestural,1
monetized,1
flashing,1
neon,2
sift,2
clutter,12
vance,2
presnt,1
alphanumerical,1
alphanumeric,6
mainframe,2
outnumbered,4
tipping,6
friendster,10
cutest,7
palkhivala,3
eloquently,2
explosed,1
uneven,4
substandard,1
proble,1
employable,3
deficient,1
narrowband,1
gprs,2
v12,3
v21,1
v22,1
v23,2
u111,1
u112,1
u113,1
u114,1
u231,1
u232,1
marvelous,2
somethings,5
70year,1
obedient,1
glued,2
haircut,4
photographed,2
pomeranian,1
koala,1
shamelessly,2
shae,1
boardwalk,1
sofa,3
rashi,2
ridgeback,1
whisper,1
affectionate,2
misrably,1
wxample,1
sze,2
greylock,1
copycat,1
trounced,1
vcs,1
globalintegra,1
herky,1
gether,1
chairmanship,1
joann,4
acmmm06,2
coauthor,1
hindustani,1
gudgets,1
thanx,2
receptive,4
brisk,1
orientations,49
coined,1
videographers,2
mobs,1
herd,5
photogaphs,1
ballett,1
kaleidoscope,7
blogosphere,1
apparantly,1
whilst,2
freek,9
idiap,1
martigny,4
nccr,1
reductionist,2
federer,2
roddick,1
colder,1
laussanne,1
061115,4
levchin,1
settles,1
definer,1
hitwise,1
snapfish,1
shutterfly,2
invitations,4
spam,84
newspaers,1
speculating,2
penalty,13
columbus,10
polls,11
2digits,1
explanantion,1
200000,2
iims,4
universitites,1
piller,1
mediocre,4
1949,7
diasters,1
starving,1
guards,3
guns,8
weaponary,1
diaster,1
bicycle,1
lcd,2
televisions,1
unimagined,1
548903,1
cosnidering,1
poorest,4
beside,2
rubbery,1
marveled,1
swiveling,1
dwelling,2
slums,6
downtrodden,1
transcend,1
ideological,6
alleviate,8
crush,1
initive,1
glade,1
extinct,1
endangered,1
wal,3
bittorrent,1
pariah,1
mtv,1
unemployable,11
homemaker,1
niece,1
blamed,1
emphasising,1
articulation,5
naryana,2
attacked,2
unimaginative,1
newspaer,1
borrowing,3
mcluhan,2
victorious,6
constititutes,1
bloggers,5
varanasi,1
drubbings,1
sadhus,1
yajna,1
ganga,1
muslim,1
organised,1
duakhwani,1
prayer,2
lallapura,1
bitemyphoto,1
allyoucanupload,2
phots,1
photobucket,6
jornalism,1
cneter,1
silkboard,1
insanely,1
diigs,1
youtubes,1
unconnected,1
vasu,2
reincrnation,1
ontlogies,1
therfore,1
succed,1
yourtube,1
wate,1
stroy,1
phrase,20
technocratic,1
purevolume,1
garageband,1
metacafe,1
homemade,1
inventively,1
warped,11
wrecked,2
mocked,1
grandly,1
anarchy,1
morass,1
remix,3
wrongheaded,1
gatekeeping,1
hidebound,1
timid,1
crave,2
oracles,7
spills,1
sifting,2
incessant,2
audition,1
winnowed,1
culled,2
profusion,1
unreleased,1
bragging,2
sensation,4
ziddio,1
enlisting,1
cutler,3
disclosed,4
tunnelvision,1
chamioning,1
amartya,1
brag,4
handicap,2
deprivation,3
neglected,5
underdevelopment,1
blogbharti,1
plight,1
populace,2
twindling,1
heaven,2
prominant,1
chennai,3
tambaram,1
coz,1
offence,1
reputed,1
crimes,2
ashes,1
earnest,2
escalated,1
veritable,2
sleepless,1
reconfiguring,13
hull,130
sailor,1
capt,1
swatland,1
grasp,10
wikinovel,1
multipe,1
symbolism,2
portray,2
godfather,1
eveolved,1
experinces,1
recreating,2
caputre,1
committ,1
experienctial,1
gurantee,1
discourage,4
quit,3
goodluck,1
webgk,1
cuture,1
papyrus,3
pint,2
chalenging,2
teling,1
nonlinearity,2
chalenged,1
preagreed,1
perpheral,1
peripheral,9
justifying,4
caution,6
corel,6
begging,2
humming,7
chet,1
stylized,29
bellard,1
ffmpeg,1
tcc,6
conversing,2
smack,1
shero,1
storages,1
r4elies,1
tsk,1
usman,1
rightly,5
ishani,1
mashing,1
eukhost,1
sviluppa,1
proprietario,1
yep,2
uk2,3
askdrtech,1
avaialble,9
midomi,3
clinton,10
tjp,1
overtake,3
definetely,1
samachar,2
wonk,1
wealthy,2
frontrunner,1
neera,4
tanden,4
immigrant,2
cowboys,1
newsislife,1
adept,1
iconoculture,2
pundits,1
dubs,1
migrating,13
stryker,1
slumped,1
disheveled,1
fatman,1
interchangeable,1
repertory,1
dangling,1
exaples,1
cranky,3
moguls,1
infallible,1
languish,1
auteur,1
mates,2
titanic,5
projectors,22
foot,7
theaters,3
courtside,1
announcers,1
eroding,1
estreich,1
yourtubenews,1
blurry,5
audible,1
gracenote,1
blocked,6
otherwis,1
stallman,1
pirates,1
steal,3
curbed,1
rapidshare,5
drm,6
ikezoye,1
zudeo,1
joost,3
gofish,1
vids,1
unemplyable,1
merittrac,1
tht,2
bestnewcarprice,1
2cents,1
overtures,1
severed,2
ipods,1
videocasting,1
photocasting,1
blikis,1
impressions,11
evey,1
hammond,1
cyn,4
conbinations,1
razor,2
monkey,3
zeetv,8
headcahe,1
ramleela,1
drammatization,1
conveyed,3
glamor,1
tamil,2
tripping,1
diagonals,59
dharmic,1
pandavans,1
kauravas,1
attains,1
condersider,1
sudhakar,1
subsidiaries,1
mel,5
johal,4
dramas,6
vomit,2
dizzy,2
sanity,2
kasam,1
palookerville,1
spielberg,2
appraisal,1
pants,11
zee,4
subliminal,1
wierd,1
assassins,1
geezer,1
dunno,3
zooms,1
spilt,1
soup,2
skewiff,1
therby,1
carpet,5
chum,1
entertained,1
upstairs,1
downstairs,4
globes,1
honoured,4
enders,2
mum,1
fiance,1
uinstead,1
whoosh,2
phils,1
peggy,1
bealle,1
bloke,1
arse,1
lads,1
dude,5
lukeamia,1
spelt,1
aint,1
ballbrusting,1
inflicted,1
momma,1
transplant,6
tripe,1
freakin,1
sanctimonious,1
chistmas,1
watchindia,1
morphy,1
incumbent,1
tempo,1
incombent,1
wikia,5
hakia,1
websifter,1
bedrooms,6
stigma,5
victorian,1
starched,1
starchy,1
snoring,2
redfining,1
abrdged,1
ayers,1
prefers,3
nara,4
contols,1
studnts,1
hostels,1
suicidal,2
lullaby,1
rajiv,2
contol,1
withdrew,3
kgp,1
kusuma,1
hamburg,43
differencing,1
compex,1
mathematically,21
siple,1
cyriac,1
roeding,1
astutue,1
chappel,2
selectors,3
dismal,3
hockey,2
olympics,6
tendulkar,1
disappointingly,1
paricular,1
eventhough,1
cricketer,1
bitterness,5
citizendium,4
whis,1
abolishes,1
anonymously,1
britannica,1
emperor,1
keen,7
deliciously,1
subversive,1
cult,2
recounts,2
subtitle,3
bluntly,1
assaulting,1
purposely,2
uninformed,1
technophobe,1
audiocafe,1
bemoaning,1
mediocrity,1
neccassary,1
ashishontech,1
believer,6
misou,1
bogus,2
stirring,2
transporter,1
startrek,1
imageware,4
becam,1
cmm,1
beaming,1
porno,1
indusrry,1
keyboards,1
tedtalks,1
tedtalksplayer,1
reishi,1
ounce,1
haran,1
naturalinterfaces,1
signing,7
unencumbered,1
heffernan,1
mellow,1
styled,1
loft,1
oddball,1
nocal,1
punchy,1
sappy,1
superlatives,2
shadiest,1
clearinghouses,1
prosceniums,1
vidhu,11
vinod,6
chopra,9
eklavya,2
devite,1
dharma,1
moview,1
bachchan,3
melodrama,1
overacting,1
accompished,1
diretcor,1
teller,6
idiots,3
anupama,1
literate,1
eliminated,24
woolmer,1
murdered,1
disappointment,10
follower,2
disregard,1
gdp,4
groggy,2
avnish,1
quo,3
skeletons,47
closet,4
commonfan,1
blogspot,4
jasbir,1
khanna,3
lanka,15
batting,3
bowling,3
instil,1
cricketers,2
batsman,1
jas,1
dravid,1
plains,4
eventid,1
603946,1
sensations,1
symbolized,1
complementarity,2
globalization,10
individualistic,1
1h4bylxsulg,1
massacre,7
puppetji,2
paintballs,1
symtom,1
cheryl,1
seung,2
teased,1
resentment,1
newsarticle,1
ahimsa,2
swedal,2
outraged,1
e9mghuitmwu,1
netwroking,1
speiser,1
bix,1
yhoo,1
horrific,1
remedial,1
shame,8
infoworld,2
miliion,1
stupidity,6
ripe,2
tariff,1
merrier,1
alastor,1
trai,1
telephony,3
fred333,1
explosive,2
angie,1
shilpa,4
gere,3
comical,1
upset,7
kiss,31
warrants,2
kujaraho,1
kamasutra,1
virgiania,1
projecting,15
unpredicatable,1
aggressiveness,5
shetty,3
pricks,1
tabloid,2
mandira,2
bedi,2
morality,1
brigade,1
arunava,1
shipla,1
kissed,2
mimicking,7
cheeks,1
replaying,1
infuriated,1
brad,10
anout,1
insiders,1
vudu,1
daring,3
breathless,1
15m,3
australien,1
meanings,1
entrace,1
comeptition,1
cometitive,1
hardworking,3
comparatively,1
diluting,1
reqquired,1
pity,2
goodbye,19
sumedh,1
dilution,2
sopening,1
cream,3
cheated,3
underkoffler,2
gesturing,2
gloves,1
photosite,4
300m,1
catapulted,1
cater,1
occupy,2
lifespan,2
tarun,4
respiro,2
respiromedia,1
deborah,9
panetta,1
mygreatbigfamily,1
experieince,2
underestimate,3
laboring,1
inescapable,1
curse,9
messengers,2
trillian,1
gasp,1
tenable,187
orkut,5
blogger,1
xbox,1
persuade,4
mylo,1
udmpu,1
mcnulty,1
morin,29
junkaclunker,1
howdy,3
iphone4,1
memmingen,2
leela,1
susanne,14
boll,12
selloff,1
asserted,3
oft,1
liabilities,1
alluding,1
partying,1
meansures,1
squezzed,1
639597,1
luggage,1
mahalo,3
comb,7
subjectivity,5
judgement,4
algorithmically,4
succeded,1
pozitive,1
humid,1
dislike,1
happenings,3
rapidownload,1
shalini,2
alexandro,3
kvaz,1
terkoz,1
datot,1
eq2,1
plat,1
cocacola,2
cokes,1
fizz,1
2100,5
6189329,1
hed,1
mytoday,4
eyeing,1
coca,1
cola,1
sprite,1
muvee,5
fridge,2
lijo,2
softdrink,1
mobuniverse,1
succeful,1
terrance,2
cofounders,1
accomodate,4
consinued,1
evidences,1
niceer,3
namesake,4
arduous,1
kerry,5
rome,15
coliseo,1
roma,8
dubai,3
a4trip,1
guidebook,1
travellers,1
guidebooks,1
siem,1
phnom,1
penh,1
yogyakarta,1
singpore,1
marvic,1
haul,9
crammed,1
fabulous,3
changi,1
rayner,1
spoilt,1
imran,1
cheapest,5
14hrs,1
stupidly,1
turism,1
ordinator,1
inflight,1
blackpool,2
routed,1
hery,1
tartar,1
aircraft,2
reluctant,7
fancy,9
goedkoop,1
weekendje,1
weg,1
malaysia,1
mrpjh,1
nemanja,1
reciprocate,1
kalandani,1
dheli,1
zoing,1
isnt,1
r4evokutionary,1
inputting,1
vogue,1
selena,1
fabe,1
oppenian,1
pheacly,1
nakliyat,3
bodrum,1
otelleri,1
telefon,5
dinleme,4
cihazi,1
casus,2
pardus,1
mapplets,1
embeddable,9
colorful,7
decode,9
970,2
ofarrell,1
94109,1
utf8,1
7889,9
417489,1
spn,2
006774,1
013561,1
cbll,1
785489,1
417975,1
cbp,1
438,67
82277544807,1
667036460163099,1
digg,1
arial,28
diminishing,1
balack,1
chage,1
kromofons,2
kromodream,1
protest,2
stupid,13
exchanger,2
vanished,2
biswas,24
disturbance,2
headache,4
replying,2
dinesh,25
aagami,2
yahoogroups,1
finaaaaaaalllllllllllllyyyyyyy,1
nostaltgic,1
musuem,1
656456,1
parelh,1
reshape,8
naysayers,1
catches,1
prcing,1
biawebdesign,1
thechi,1
bia,6
worthed,1
unbelievable,3
commone,1
adhoc,3
firsat,1
withi,1
nurturing,1
sparkling,1
zimbabwe,1
legatum,2
prosperous,2
hopfully,1
consolidate,3
metatdata,1
tenney,2
dprev,2
dnext,1
stamps,1
snapvillage,1
sportscasts,7
kimkins,1
bidding,2
reluctantly,3
fleischman,6
tabulated,1
everyevent,1
commercially,6
bandwith,1
intenet,2
starte,1
networkers,1
mccarthy,14
mainstay,1
fads,1
obscura,1
aperture,3
exchangeable,2
convolution,8
rigorously,3
zoe,3
hellar,1
morphs,2
watermark,1
satrting,1
benioff,1
narural,1
marissa,2
naivete,1
bature,1
ahd,1
panoramic,5
megapixels,1
stitched,1
boundries,1
cardiff,2
pumpuing,1
g2f,1
yube,1
condo,4
pandan,1
bedroom,1
groceries,1
settling,7
janakiraman,1
smu,1
penthouse,1
dazed,1
nagpurkars,1
hdd,19
zivi,1
starring,1
niro,1
wag,1
deern,2
enviorment,2
fortunes,1
inflection,2
beneficiary,2
fscinating,1
outsourcer,5
intersted,1
ive,2
gloablization,1
consultancy,2
tpi,1
phuket,10
breeze,2
phanasea,1
arrangments,1
religiousness,4
inresting,1
thiking,1
buiding,3
charting,1
poiticians,1
disheartening,2
unfortunatle,1
electing,1
hurdles,2
teeve,1
intereting,2
abur,1
connectivities,1
prabhakar,36
raghavan,9
languishes,1
lags,1
defensible,1
locale,2
brewed,1
ligalig,2
shakers,1
ryo,5
prpared,1
conetent,1
erkko,1
scoop,2
digitalization,3
saigon,1
guitly,1
bikes,1
mopeds,1
scooters,1
zoozle,1
diligent,2
asli,2
visualisation,1
anf,1
magzines,1
emule,1
aplicable,1
patters,1
lasted,1
gravitation,1
villas,1
recognizability,1
recalling,2
nad,2
goksel,1
hould,1
weednesday,1
oyun,5
sveth,1
grop,1
beaches,2
heterogeneouse,1
wildlife,2
toplu,1
yess,1
eradicate,2
mpu,2
publishable,2
acdemia,2
jcyang,1
donot,2
outweigh,1
recogniza,1
techn,3
ology,1
oethognal,1
debilitating,2
avaiolable,1
motorcycles,3
janyary,1
intractable,5
biomedicine,1
nondestructive,1
707,54
ramayana,1
youhave,1
indrakumar,1
khakhar,1
rectal,1
indu,2
augsburg,4
1hour,1
beerfest,1
oktoberfest,8
experincing,1
at8,1
bistro,1
wedges,23
complaining,7
oktober,1
tent,1
hofbrau,1
haus,1
drinking,2
waitresses,1
beerjugs,1
festivals,2
strollers,1
smartweb,6
acmmm07,5
motorcycle,37
universtaet,1
reiner,1
fageth,1
cewe,2
photobooks,2
supplying,2
manske,1
liza,3
marchenko,2
tatseng,1
netwroks,1
clealry,1
connaught,1
nariman,4
juhu,1
atms,1
kormangala,1
elocation,1
minoru,1
etoh,1
docomo,1
alaways,1
viewcast,1
motner,1
trecvid,6
stongest,1
steinmetz,2
attendence,2
prefered,1
inherits,3
tern,1
ofcource,1
sumeet,1
mittal,7
bulletproof,3
jackets,3
passionately,1
hightens,1
deepanjali,1
blogadda,1
auidence,1
suryandaru,1
triandana,1
targeed,1
googlemaps,5
janeiro,15
warned,4
latlong,1
sylvie,4
venividiwiki,1
capitals,1
outdoors,3
turnhere,1
deliberating,1
wane,1
husbands,1
affordability,5
rlevance,1
heartening,4
criticize,1
weorld,1
kyrellos,1
beshay,1
valleys,4
copacabana,1
redeemer,1
statue,2
sugarloaf,1
cnet,2
fore,2
underestimated,3
bigget,1
billg,1
fruitless,1
forgo,1
nimble,1
appreciates,2
ooo,1
evacuated,1
evacuate,3
untill,1
terrifying,1
haynes,5
nofmeister,1
awful,6
technoogy,1
compeitor,1
goesele,1
sharpe,1
dispensed,1
telemedicine,2
miserable,2
sergery,1
previos,1
hearted,2
thanksful,1
clearer,3
reseaerchers,1
tails,2
reognition,2
obsessed,1
aion,1
lashes,1
raped,1
lawyer,2
rapists,1
yarkony,48
excersied,1
garmets,1
raught,1
lng,1
shaile,1
thins,1
dorey,1
pragmatically,1
ratings,4
marketsaw,1
hurting,3
unkind,2
geld,4
lenen,4
dutchie,1
respectfully,1
oktay,15
usta,1
hoped,3
unconditional,8
harmonious,1
poker,2
kansberekening,1
girlfriend,2
mothers,18
byproduct,1
multinationals,1
grinding,2
barcamp,2
babalife,1
introducingbabalifeandbabajob,1
hapenning,1
ngo,24
favorable,3
pouring,1
confidants,1
snail,1
youre,1
sparring,2
warlington,1
definately,2
loans,12
netbook,2
glida,1
spamming,2
posterous,1
informations,2
replenishing,1
persueing,1
squidoo,1
garcinia,2
cambogia,3
ambitios,1
osteoarthritis,7
glucosamine,1
cortisone,1
painkillers,1
elsde,1
prayers,3
wockhardthospitals,1
6343,9
730,10
6373,14
intiguing,2
historians,1
cortisome,1
aleve,1
snaps,2
mms,1
folkforum,5
seriousness,3
multimediawiki,1
discoloration,1
appu,1
shaji,1
aaqua,3
folforum,1
pandit,8
searchenginewatch,1
mikenorton,1
100years,1
demonstations,1
ceos,7
vikram,3
dinsh,1
keskar,2
nagpurfirst,1
bangoluru,1
intellectuality,1
infrastructural,2
indiactions,1
peoblem,1
jodhpuriguy,1
mahfouz,1
al3malka,1
discounting,1
renovation,3
bags,9
bathroom,4
stench,1
bathrooms,2
indiaworld,2
esl,2
centerpoint,10
outrageous,1
affair,1
gujarati,1
hase,1
souls,1
jyashree,1
billboards,1
bangaluru,1
publis,1
gurgaon,4
tings,1
terrified,2
eventbased,1
setareh,3
rafatirad,4
copany,1
dwell,4
nit,9
presume,1
excpect,1
correctiosn,1
shuts,1
cites,4
closure,19
ankush,1
itil,2
buoyancy,1
newbies,2
indicators,12
tvkchaitanya,1
jetlagged,1
lining,7
tru2way,1
netertainment,1
industy,1
kohinoor,1
resona,1
creativeit08,1
toay,1
doesnt,1
equate,1
toil,1
unappreciated,2
jealous,1
insulted,1
divorces,10
westerners,1
divorve,1
psychiatrist,1
corroborate,2
805,44
pleas,2
mackinnon,1
reinstate,1
inferiorly,1
amiable,1
sympathy,2
apthy,1
marriege,1
inferior,1
ersen,2
erdal,1
anonumous,1
shoulds,1
byron,1
byronkatie,1
lightly,4
vitamins,4
incompatability,1
happily,6
whats,4
problamatic,1
ceases,2
sbs,2
divorcing,1
adyson,1
appriciate,2
infect,6
throwaways,2
sonu,1
lar,1
sticker,2
deterjan,1
temizlik,1
urunleri,1
springing,2
davos,1
billionaire,1
pledged,1
chiefs,1
padma,6
vibhushan,5
yup,6
charity,4
ratan,1
prs,1
vibhusha,1
highes,1
honour,1
ratna,1
honouring,1
industrialist,1
mukesh,11
ambani,1
caltech101,1
revamping,1
teste,2
6that,1
5862,13
soaps,2
brady,13
quarteback,1
cindrella,1
fifght,1
setbacks,1
karma,1
scandals,2
minyak,1
lintah,1
myspacespells,1
ciara,1
quarterback,2
depressing,6
agrarian,1
collegs,1
lst,5
procide,1
couldnt,1
slackers,5
boomers,1
logitude,1
usefulness,8
computcomputing,1
outposts,5
landscapes,5
lingua,1
franca,1
persian,5
gulf,1
iim,3
rudyard,1
kipling,1
blig,1
socialnetworking,1
newsindustry,1
channeled,1
sheth,3
pbones,1
mahaexodus,4
navanirman,4
satyanash,4
maharashtrian,1
definitaly,1
shivsena,1
navanirmana,1
samiti,2
satanash,1
vicious,2
hinder,2
bumps,1
obstable,1
gizmoz,1
colours,10
adman,1
prahlad,1
kakar,1
tricolour,2
flaunt,2
disrespect,4
satya,1
puneet,1
saree,1
disrespected,1
shobhaa,1
nonissues,1
eviri,1
protesting,3
jodha,1
akbar,2
fitha,1
moslims,1
controverse,1
snel,1
tsrb,6
skoler,1
nostalgia,4
saurav,3
sahay,1
kepp,1
directoryelite,2
bidladder,2
rudyroots,2
haeg,1
funnily,1
barnes,3
nobles,1
chinhui,1
foley,3
essa,1
sterner,1
dante,2
dining,2
peopl,1
reminding,4
nischt,1
deutsche,3
similiar,1
ifa,1
srahul,1
vcg,1
competitor,10
bild,1
corelation,7
microblogs,14
fmbs,9
productized,1
fmb,4
parsed,2
bothers,3
superiority,2
worthless,1
seeds,3
misspelling,1
websters,1
sin08,1
addressbook,1
gong08,1
quaero,1
euro,4
gnp,1
30m,1
150m,1
115m,1
fools,11
diplomacy,1
gladly,1
arrogant,1
complimented,1
foolish,1
thigs,1
singpaore,1
sgdaily,1
shold,1
mandarin,6
pessimists,1
cina,1
timesofindia,1
indiatimes,1
headhunts,1
rssarticleshow,1
2890036,1
hinduism,1
introspection,4
lik,4
spcex,1
tying,3
progessive,1
discuvering,1
repationships,1
dinancial,1
reincarnation,5
adsl,1
usefull,1
reincarnated,1
applcations,1
imho,4
didnt,1
opensourcing,1
ilanlar,1
towners,1
centrestage,1
bothering,2
knolwedge,3
togther,1
epistemology,1
ita,1
knoledge,3
parisista,1
flickrize,1
nisbett,2
veryintiguing,1
immature,1
linan,1
haustiere,2
duomo,1
impresses,1
galwanizernia,1
symbian,1
siggrph,1
visuals,1
decontextualization,1
deemphasizing,1
orality,9
southampton,3
glimse,1
hacker,4
experiemtial,1
deeloping,1
becuse,1
soltion,1
prestige,2
scienitific,1
warden,6
repot,1
surgeon,1
weitzner,1
www08,1
niel,2
propgating,1
ontologists,1
widley,1
frei,1
besplatne,1
stvari,1
evolutions,1
nuistars,1
subtitles,7
rishabh,4
gurcharan,3
subtitling,3
callous,1
venal,1
flowering,1
brij,1
kothari,3
aoleon,1
leaning,1
sls,1
adaption,6
deterrent,1
deaf,1
sybols,1
equating,1
plato,7
expresser,1
expressibility,1
tradeoffs,9
communiction,1
aways,1
techincal,3
manuscipt,1
jounalism,2
mostern,1
bacame,1
geting,1
deteriorated,1
committments,1
keki,1
sedated,1
waling,1
bandages,2
injecting,9
thinner,4
competent,4
ely,3
perez,4
injure,1
kytostat,4
wounds,1
bandaid,1
wipe,1
chitosan,1
viewports,2
tho,2
soma,11
aeroplanes,1
neighbours,3
sem,17
hypotheek,2
mistrial,1
meting,1
e2esstem,1
aymmetrical,1
allergic,6
iodine,1
dye,1
rash,3
dermatologist,1
reddish,3
immobilizer,2
bandage,1
cortizone,1
2511336409,1
photostream,1
emotionalism,6
ztv,4
followers,5
irritated,4
everytime,1
patronize,1
congats,2
arhimidese,1
dificulty,1
sonnen,2
wrestled,1
existances,1
nichey,1
diffluent,1
boils,2
evaporates,1
muluhan,1
vxcl,1
captivated,2
220k,1
offsprings,1
ipl,12
ipm,1
hanger,1
rajasthan,1
cheer,2
cane,2
curring,1
thn,1
comer,1
gently,1
flex,1
googling,2
omniscient,1
dowel,1
pressportal,1
unwritten,1
retieval,1
interelated,2
opencv,1
righ,1
namensbedeutung,1
yards,1
abruptly,1
therapist,4
straume,2
informtion,1
buddy,2
mend,1
subscriber,2
naif,2
amoodi,1
speedy,1
wwaited,1
iphotos,1
hyped,2
harvested,1
programatically,1
chromatic,40
loopholes,2
giver,1
perceives,2
objected,2
approprite,1
inly,1
hammers,1
parafie,1
warszawa,1
originated,1
moveable,1
mcomputer,5
muzik,1
ajit,1
evelve,1
evalyation,1
cophir,1
cnr,2
egee,1
hypelinking,6
omnisio,2
cuil,7
educationalwriting,1
aga,1
antikythera,1
mechaism,1
olympiad,11
forerunner,2
asians,2
sone,1
ofthe,1
socialogy,1
capiznon,1
describel,1
extrememly,1
aspirant,1
autors,1
pople,1
limitatios,1
citability,1
underlies,2
thy,3
puppy,2
stuffed,1
anial,1
teddy,1
bling,1
socialites,1
stylish,1
otherwised,1
rory,1
360idev,1
474,82
teh,4
itablet,1
ultimatum,1
crespo,1
701million,1
michelangelo,3
piet,3
141e3500ffcbe31f483a02644c8c2ae83cd139f5,1
curent,1
thre,1
intrguing,1
teck,1
khim,1
disposal,1
tunderstand,1
prces,1
functionlity,1
tme,3
tke,1
howcome,1
bucks,3
unsuable,1
intermingling,2
tellers,1
scince,1
fforts,1
thee,7
intermingled,1
metamorphosis,7
izmir,1
moi,3
teip,1
raingods,1
subtraction,15
concatenation,4
equence,1
roses,4
communicationg,1
jabbertags,1
vocabularity,1
othe,1
appraches,1
engieers,1
medals,9
bronzes,1
mahatma,2
orgazinational,1
carrot,4
mens,1
announcer,1
abhinav,1
becuase,1
negating,1
babus,1
arg,35
sportsmen,1
proosal,1
proosals,1
poors,1
contrasts,8
worsts,1
oakbrook,1
dalits,2
pasi,70
untouchable,1
irrepressible,1
didact,1
outcaste,1
provocateur,1
crusade,1
liberalization,1
unthinkable,1
humiliation,1
prejudice,1
urbanization,2
visualizaion,5
senators,2
rodham,1
unfocused,1
crumble,1
hean,1
pegging,1
servants,1
capita,3
automoney,1
gilmore,1
nahrstadt,1
mm2008,1
funnier,7
satire,6
couric,1
fey,1
mccain,2
maveric,3
incompetent,3
dumbing,8
darlin,2
carr,3
feared,2
socrates,1
summoned,1
fears,1
averse,3
tecnology,1
darwinian,1
maverik,1
satisfice,1
fwiw,1
004494,1
deva,303
ramanan,325
postsaver,1
pastries,4
balcony,4
hats,2
fransisco,3
minhaeng,20
jochen,14
schubert,14
wacv,22
xiangxin,20
vondrick,33
9gb,2
yihang,10
humaneva,2
pedestrians,4
oversegmentation,1
exemplars,14
matchings,26
prune,8
generalizes,11
saturating,1
zhuvrf,1
unorganized,2
resectioned,2
normals,5
crf,7
diazlsf,2
voxels,9
daeyun,7
hoiem,6
odometry,6
shaofei,20
supan,29
484,69
pooling,11
1705,10
07238,6
shoeprint,7
laplacian,8
eccv,64
tcheng,5
surangi,9
punyasena,15
cvmi,6
phuc,5
gory,37
rogez,35
bigvision,4
renewal,9
senescence,8
germ,5
cinquin,21
paz,10
hallman,42
indre,4
vysniauskaite,5
olivier,10
occlusion,49
radomir,5
mech,9
rgb,26
492,84
ultrametrics,6
egocentric,21
localizing,24
occluded,32
1506,20
08347,6
bicoid,8
embryo,21
canalization,8
staller,5
meghan,8
bragdon,11
zeba,8
wunderlich,11
estrada,5
depace,23
587,110
cnns,9
songfan,6
shotton,4
vivo,7
nabora,4
mochel,5
shimako,4
kawauchi,5
calof,5
chunshui,4
xianming,4
zilei,4
yongzhen,4
stabilization,9
extractions,5
hydrogel,6
phenotyping,7
treweek,5
flytzanis,5
deverman,6
greenbaum,6
antti,6
lignell,5
ladinsky,5
bjorkman,5
viviana,4
gradinaru,6
1860,4
1896,5
articulated,33
1507,28
03698,8
dragomir,4
anguelov,4
915,55
922,35
hejrati,10
2449,6
2456,6
fcsc,5
maire,22
serge,27
belongie,28
pietro,43
perona,41
doll,6
zitnick,4
740,5
khademi,5
corr,32
1412,22
0065,4
hamed,31
pirsiavash,33
quadratic,81
2066,19
monocular,12
guerrero,4
orrite,8
2379,14
2386,9
deblurring,13
hyeoungho,11
tpami,20
egovision4health,5
ercim,7
cluttered,11
610,10
proxemics,6
anitha,4
kannan,14
3522,7
3529,10
axonal,8
compartmentalized,6
micropatterned,5
hyung,4
jae,7
poon,5
cotman,5
jeon,5
433,59
randomized,62
rejectors,6
decorrelation,4
bharath,6
jitendra,123
459,69
472,78
accv,5
ventral,8
keator,6
fallon,5
lakatos,6
steerable,7
568,63
phraselets,4
boyles,5
anoop,7
balan,4
welling,61
2196,9
sangmin,5
hoogs,4
amitha,4
naresh,4
cuntoor,4
jong,23
saurajit,4
hyungtae,4
eran,4
swears,4
xioyang,4
yuen,4
torralba,4
anesco,4
mita,4
patterning,11
eckenrode,6
miriah,4
simirenko,21
cris,36
luengo,29
soile,32
nen,34
henriquez,15
knowles,47
biggin,48
eisen,26
e1002346,4
uai,31
seitz,8
snavely,5
shirnk,4
wrinkles,8
embryonic,12
freshauf,4
himanshu,4
jianxian,4
diep,4
karakikes,5
hajjar,5
gopinathan,5
botvinick,5
khine,19
5785,11
5791,13
decoders,10
2627,9
2634,7
reguation,4
organism,10
hengenius,6
gribskov,5
rundell,5
umulis,5
e26797,4
tightening,7
mrf,8
ragib,7
morshed,9
yutian,5
confernece,4
neonatal,10
luna,6
ciriza,5
ojeda,5
herren,5
kara,4
mccloskey,5
greedy,136
pami,42
pablo,44
arbelaez,18
semartcam,7
jrtip,6
bel,21
gunther,16
bethel,5
hendriks,40
hamann,29
aswani,6
bickel,5
tomlin,5
limb,11
sonya,8
allin,8
eckel,4
nsre,4
cue,17
burge,11
jounral,3
7269,18
discriminatively,16
felzenszwalb,12
girshick,5
mcallester,10
contours,40
maximimize,4
oliber,4
rubel,10
keranen,11
evgeniy,6
porteous,6
drosohpila,5
blastoderm,29
sohail,5
chatoor,6
beaton,6
weiszmann,6
celniker,6
374,79
ramnath,5
matthews,8
ijcv,15
sham,5
kakade,5
1129,10
holub,14
iapr,5
mva,8
zisserman,14
damir,12
sudar,24
r124,3
kobus,10
1319,5
1334,5
gehler,5
icml,11
337,88
614,73
627,57
1121,6
topographic,6
osindero,4
hinton,4
comput,125
414,73
cristian,7
sminchisescu,5
kaszuba,5
r123,3
pointcloudxplore,11
eurographics,51
vgtc,3
1214,14
1221,13
okan,4
arikan,4
ikemoto,4
embryos,24
csb,5
bioimage,4
minning,5
1194,13
635,84
642,124
1340,6
530,11
549,108
nystr,22
531,73
microarray,4
doron,5
einhaeuser,5
afgr,5
interpolation,75
permutation,61
barner,4
912,29
jnsc,5
constellation,4
assmed,1
weberwp,3
bibsource,18
visionbib,18
match595,3
tt42151,2
enlargement,2
interpolating,8
enlarged,1
ramananb,3
i773,1
tt57362,1
preponderance,1
unlabeled,5
unsegmented,2
motorcars,1
tt42152,1
constel,1
lations,1
weberewp,1
people903,1
tt70425,1
voxel,4
256x384,1
30hz,1
tiotemporal,1
eigenfunction,2
fowlkesbm,1
martinftm,1
segment351,2
tt24722,1
martinfm,2
genecut,3
analysing,4
fowlkessbm,1
camda,1
ncut,3
adjacency,47
orthogonalization,1
conjectured,18
belongiefcm,1
affinities,1
fowlkesmm,2
supervisory,15
modelled,1
rectangular,144
tracker,19
ramananf,3
f736,4
tt53064,1
accelerations,1
loopy,2
tt53065,1
thrun,2
lkopf,6
incollection,25
nystrom,1
extrapolate,1
fowlkesbcm,1
tt24720,1
minimizer,1
groundtruth,4
suppressing,1
techreport,81
fowlkesm,2
demonstrably,3
ramananfb,2
tt53063,1
ramananfzb,1
f743,3
tt53854,1
confocal,3
stained,9
blastula,1
gastrulation,3
jected,1
fertilize,1
puter,1
ambiguities,12
insignificant,2
ena,1
1561,17
0600000005,2
forsythetal,1
ftcg,1
issn,34
1572,4
2740,3
hanover,1
curvilinear,7
piecewise,46
delaunay,209
triangulation,439
cdt,5
renfm,5
completions,2
edgels,1
compute63,1
tt3521,1
kinematically,1
localizes,1
limbs,7
lateral,1
discriminate,2
ramananfz,2
tt53853,1
holubwp,2
applicat812,1
tt61973,1
bdtnp,4
brushing,3
vissym,4
eurovis06,4
2312,13
eurovis,4
mrna,6
undescribed,1
apical,1
basal,4
displacements,1
anterior,5
stripe,4
dorsal,3
genomebio,2
initializing,2
exhaustively,1
crfs,1
motorbikes,1
horses,4
outperform,13
ramanans,1
twod293,1
tt20453,1
recapitulates,1
generalised,1
overcomplete,2
interpretive,1
089976606775093936,2
osinderowh,1
0899,1
grate,1
abutting,1
figural,3
operationalize,1
shapemes,2
shapeme,2
favorably,3
plsi,1
pca,1
undirected,41
rap,3
dimensionally,1
kyb,2
pgehler,2
gehlerhw,1
articulations,4
tt53062,1
transcriptional,7
undetected,4
inhibition,1
mutations,8
morphogenesis,3
unpredictably,6
exploits,40
unscripted,4
lola,1
tt53852,1
hindered,2
violajones,1
applicat814,1
tt61549,1
automatical,1
survivors,7
amat,1
torso,1
flexion,1
elbow,2
hemiparetic,1
cheaply,2
robustly,2
stil,1
allinr,1
unlabelled,2
770,4
hairstyles,1
frontal,2
ramananbk,1
ecologically,1
journalofvision,2
jov,1
felzenszwalbmr,1
drawback,4
confuses,1
bsds,1
salience,1
maireafm,1
aams,4
aam,4
refitting,1
affine,24
planarity,85
rigidity,4
ramnathbmr,1
costained,2
virtualembryo,2
disorganized,1
bartppw,1
svms,4
biconvex,1
solvers,7
pirsiavashrf,2
nms,4
heuristically,2
desairf,3
pcx,1
tcbb,3
vaisenbergmr,2
geodesic,36
ameliorate,3
interpolated,6
owt,2
ultrametric,2
ucm,4
arbelaezmfm,2
felzenszwalbgmr,1
nearer,7
silhouettes,2
psychophysical,1
binocular,3
reclassified,1
nonmetric,1
burgefb,1
yanghrf,2
parkrf,1
postured,1
occlusions,7
fugl,1
fma,3
allinber,1
trw,11
marginals,5
correspondences,6
subproblem,28
yarkonyfi,1
reproduces,1
activator,1
inhibitor,1
repression,1
bmcb,2
sensorscheduling,1
sparser,15
linearity,4
validating,3
vondrickrp,1
instantiates,1
nonmax,1
microscale,2
topographical,3
facile,1
subcellular,3
cardiomyocytes,3
fibrillar,1
phenotypic,1
physiologic,1
iterating,1
chengfw,1
successively,9
subgradient,1
converges,13
yarkonymif,1
bodyplan,1
fertilization,1
bcd,12
morphogen,1
regulate,3
grn,3
asymmetries,2
grns,1
plos1,1
parkr,2
judiciously,1
vondrickr,1
prestressed,1
thermoplastic,1
multiscaled,1
advmat,1
gargrss,1
joachims,1
mach,5
yangr,3
unary,1
100x,1
yarkonyif,2
phenotypes,2
organismal,2
yakuba,1
pseudoobscura,1
widths,28
diverge,3
cver,2
taek,2
korattikara,3
boyleskrw,1
zhur,1
poselets,1
desair,1
clusterings,1
subroutine,24
steerability,2
separability,2
vocabularies,1
pirsiavashr,3
neurodegenerative,5
serre,4
994,66
biophysically,1
emulating,1
striate,1
spect,2
adni,2
deoxy,1
fdg,1
tc99m,1
hmpao,1
blinded,1
rater,3
keatorflfpi,1
hbm,1
baefc,2
hog,9
trivially,1
whitening,2
covariances,1
occuring,1
whitened,1
hariharanmr,1
generalize,39
formulating,11
discretizing,1
recursively,35
orientated,1
rogezrot,1
s11263,4
012,97
0516,2
mitochondria,5
synaptic,4
cytoplasmic,1
axons,3
cultured,1
amyloid,5
trafficking,5
fluorescently,1
distal,3
somal,1
compartments,1
slowed,2
dysfunction,2
joon,2
kimpbpcfj,1
yangbkr,1
wagons,1
sedans,1
morphable,1
burges,2
nips25,2
nips2012,2
0287,2
hejratir,2
headset,5
wearer,3
zaragoza,2
rogezrm,1
foreshortened,1
warps,3
conflate,1
buffy,1
kinect,2
compensates,1
uence,1
speci,1
facades,1
diazhf,1
supancicr,1
noninvasive,1
biometric,5
homography,1
regressed,1
homographic,2
caviar,1
1109,377
tcyb,2
2275731,2
rogezrgo,1
annotators,1
mturk,1
vondrickpr,1
occurence,2
approximates,14
gramming,1
kitti,2
wangf,3
subactions,1
eld,2
exacerbated,1
manipulations,5
dif,1
culties,1
operationalized,1
photorealistic,10
classi,2
ers,1
rogezskmr,1
occluders,4
lagged,2
keypoint,8
ghiasif,4
recognizable,3
328k,1
spotting,2
imagenet,2
linmbbghprzd,1
occluding,3
occluder,1
ghiasiyrf,1
remedies,1
bristow,1
corrects,2
typos,4
kongf,3
cuboids,10
bruteforce,17
zhuar,1
rescoring,1
tems,1
tigates,1
perfor,1
mance,1
discrimi,1
signi,1
cantly,1
analy,1
resentations,1
zhuvfr,1
regressor,2
multitarget,1
mot,2
specimens,1
detergent,1
clearing,4
excised,3
compromising,1
endogenous,2
pars,2
perfusion,1
biomolecules,1
macromolecule,1
immunolabels,1
rims,1
uncleared,1
tissues,2
decal,1
epact,1
doifinder,2
nprot,5
treweekcfydglxclbfg,1
keypoints,1
feedforward,3
feedbacks,1
analogize,1
caolyywwhxrh,1
cytometric,1
gonad,2
implantation,1
epithelium,1
bootstrapped,1
benchmarked,2
uncharacterized,1
reyes,3
chianghcrpkccfc,1
ary,16
ples,1
dividual,1
combi,1
bsds500,1
bench,5
stantially,1
hallmanf,1
spurred,1
theart,1
supancicrysr,1
acyclic,34
finetuning,1
sun397,1
mit67,2
scene15,2
fates,2
perturbed,6
canalize,1
canalizes,1
apoptosis,2
stallerfbwed,1
rogezsr,2
partitions,96
yarkonyf,1
hgpcc,2
trametric,1
rounding,5
superpixel,3
superpixels,1
coordi,1
nate,1
narcc,1
yarkonyzf,1
emmcvpr,3
grasps,2
12000,13
regularize,1
aadb,1
raters,1
anonymized,4
thresholding,2
kongslmf,1
recognision,3
facade,1
precepts,1
covisibility,1
phdthesis,4
replicative,1
senescent,1
assay,1
caenorhabditis,1
reproductive,5
progeny,2
diminishes,1
paradoxically,6
gonads,3
unfertilized,1
gametes,1
squandering,1
inasmuch,1
cinquincphvyfc,1
seldom,1
thirdly,1
microvideo,1
microvideos,1
nguyenrfr,1
bvw,1
submodular,1
kongpf,1
cvprw,1
discriminating,1
picea,2
mariana,1
glauca,1
palynological,1
paleoclimate,1
discovers,16
generalizable,6
cityscapes,4
outsole,1
tread,5
kongsrf,1
inversely,7
refines,2
factorizes,1
factorizing,1
reinitialize,2
reappears,1
reinitialization,1
pollute,1
supancic,3
mwsp,1
wangwfy,1
aistats,8
prioritize,6
diazf,1
observability,3
leef,1
shinfh,1
antics,1
dayna,1
awe,1
plae,1
comuter,1
xbrain,2
mister,1
oldabstraction,1
degenerate,33
computable,11
easeof,1
unnatural,1
optimisation,1
impedence,1
rougly,1
idm,11
sigaporeans,1
efft,1
cnsidering,1
thewhole,1
areprogressing,1
impressiv,1
reserch,4
tomove,1
progra,1
diferent,1
pleasently,1
singaore,1
detais,1
practically,5
confronted,2
tales,6
polkinghorne,1
barthes,1
formalize,10
ste,3
bundle,7
beautifull,1
bless,2
tiger,9
balm,1
hardwork,1
joung,1
icip2008,1
growig,1
regionalism,1
iget,1
intolerance,1
incidences,1
christians,1
orissa,1
cleanse,1
meese,2
riestervergleich,1
rezv,1
descrptions,1
sperate,1
finiding,1
helmut,5
contry,1
energetically,1
trully,1
frankfurt,2
vacouver,1
edcation,1
particularlarly,1
apivotal,1
44th,10
kinsley,1
chatting,4
infront,1
aboive,1
unprejudiced,1
supreme,1
justices,3
aggrawal,2
singhvi,2
quipped,1
bihari,1
acai,4
faith,7
abolished,1
maricopa,1
dll,2
displeased,1
caters,1
legalized,1
emulated,2
imitated,1
revoutionary,1
ususally,1
ruined,1
keycards,1
benji,1
pessimistic,2
faltering,1
stabilized,1
exempt,2
withdrawals,1
iras,1
bailout,1
foreclosures,1
personalmoneystore,1
moneyblog,1
payday,1
wifes,1
immersivetelepresence,1
visualco,1
karate,3
unbias,1
converage,1
transmitter,4
juhi,4
luthra,4
strengtheing,1
occassion,1
crises,6
anniversery,1
autocarsinsurance,1
sonal,6
genachowski,1
blair,2
levin,1
leftist,2
astrology,11
skyrockets,1
maze,16
deftly,2
sidesteps,1
goog411,1
religulous,10
reportedly,1
maher,10
assualt,2
inconsistencis,2
rationally,1
urges,1
marx,1
opiate,1
profane,1
christianity,1
judaism,1
mormonism,1
oddballs,2
cranks,2
nincompoops,2
rican,1
antichrist,1
pothead,1
misfit,1
rabbi,1
embraces,3
mahmoud,18
ahmadinejad,1
creationist,1
dinosaurs,1
goofy,1
deriding,1
miracles,2
prophet,2
swallowed,1
fetched,1
improbabilities,1
atheism,2
trinity,5
crutches,1
nonsense,8
credulity,1
foretelling,1
bigfoot,1
ufos,1
theological,1
liberals,2
irreligious,1
superstition,1
occult,4
aspirin,4
lethal,1
salk,1
eradicated,1
polio,1
reeve,4
unsurprising,1
foolishness,1
engenders,1
believers,1
subtracted,8
nonreligious,1
flourish,1
brainless,2
poohed,1
expelled,1
darwinism,1
bolshevism,1
holocaust,1
smithe,1
plymouth,1
meredith,1
rigel,1
morris,19
terrorist,3
craziness,2
fanatacism,1
hindus,3
muslims,1
horrible,2
counted,12
terrorists,4
antony,1
beautyfull,1
belive,1
numbing,2
unpreparedness,2
mineded,1
intellectuals,1
crowning,1
reall,1
bysuketu,1
mehta,18
mumbaikars,1
denizens,1
rukh,1
humane,1
toilets,7
prodject,1
personalised,1
ausio,1
advise,4
silo,1
catalyse,1
skg2008,2
depressed,2
dicussions,1
coooool,1
stupendous,1
lounges,1
juxtapose,1
horrendous,1
videophones,2
heralded,2
videophone,1
kep,1
siggrpah,1
handjob,1
kokate,2
laborer,2
orchard,4
smitha,4
barricades,1
bangladeshi,1
geylang,1
appetites,1
towers,2
krueger,2
brothels,1
laborers,1
vedic,4
astrologers,2
vaasthu,2
lapped,1
annum,2
astrologer,1
havans,1
tragic,1
futile,2
sideshow,1
bureaucracy,2
judiciary,1
undoubtedly,2
worries,4
reforms,3
manocha,11
organically,1
electorate,1
charismatic,1
sorely,2
comically,1
amuses,1
tapscott,1
fastet,1
goodle,1
macworld,2
schiller,6
imovie,1
smoother,1
medications,11
sciphone,1
fobes,1
rally,2
othr,1
computr,1
knudsen,1
spiel,1
customary,1
adverts,1
sweatshops,12
kristoff,3
repulsed,3
protectionist,1
sweatshop,2
sweltering,1
sewing,2
slumdog,16
millionaire,3
kristofstates,1
impoverised,1
heartedly,1
disturbed,3
flooding,1
grout,1
tub,1
ponte,1
vecchio,1
tobey,2
crockett,4
concurrence,1
friendliness,1
feeding,2
rip,13
peacemandala,1
hunch,1
zel,1
zler,1
speach,1
charisma,1
aura,2
hileleri,1
toto,2
greets,1
viva,2
clammons,2
evista,6
raloxifene,3
dosage,2
blockingin,1
osteoporosis,1
estrogen,2
breasts,1
risklearn,1
omes,1
vasotec,1
allegra,1
pharmacy,5
fuji,5
timmerer,4
widgets,4
jodi,1
rowe,5
selfish,1
usueful,2
stain,1
coutry,1
applicvations,1
90s,4
bting,1
cirtual,1
thrying,1
berequired,1
proliferating,1
ocaoopflgsa,2
detox,2
derick,1
rasmusson,1
socialism,1
backs,1
proclaimed,2
recogntion,2
understatement,1
unplanned,5
fris,4
arvz,4
podtech,1
3802,7
imacs,1
booker,2
aravind,2
adiga,4
underbelly,4
aradises,1
swallow,3
crap,1
nigh,1
defensives,1
reamin,1
aravida,1
engrossing,1
darkside,1
ahmet,2
protectionism,13
expeditions,2
ascended,1
tougher,5
tz4bu,2
diffictulties,1
angels,3
termism,1
riddance,1
fittest,1
hehe,1
segway,1
tooth,12
claw,1
vinnylingham,1
chaged,1
relae,1
datamodel,1
intrusively,2
karanehalli,1
srinivasa,1
toilet,6
tractor,1
sprouted,1
splurged,1
threshes,1
coconuts,1
wholesalers,1
pickups,1
paddy,1
needy,1
superb,1
dominating,14
tetreault,1
aplication,1
eujenio,1
brainpower,1
spelled,3
subhash,9
dhar,2
thses,1
mmgc,5
isabelle,1
isms,1
naaman,1
nicer,2
radvision,1
linkbuilderz,1
shahzaib,1
luckiest,1
caner,1
sirish,1
possession,1
entrenreneurs,1
yachts,1
marque,1
acquiring,5
allied,1
territory,2
littered,1
glamorous,1
moneylosing,1
amex,1
delisted,1
lessnau,1
fives,1
japneses,6
tamamoto,2
bureaucrats,2
bismarck,1
perfecting,1
walkman,1
recorder,6
greatness,1
anlaysis,1
palkiwala,1
japanesse,1
surviving,3
ww2,1
potholes,1
stink,1
crappy,1
graver,1
travails,1
represnting,1
tajmahal,1
humoristic,1
priya,4
stationed,1
kazakhstan,1
awara,3
locals,1
nargis,1
kapoor,1
80s,1
ceased,1
acclaim,1
errs,1
goer,1
vile,2
jauhari,1
rahuljauhari,1
sayiong,1
palkhiwala,1
resimler,1
thema,1
watchmen,1
someong,1
knowlede,1
particpate,1
wil,6
apects,1
ankit,2
interop,1
installs,13
knowledgebase,1
explanationnnnnnnn,1
markm,2
seperate,1
pelle,2
posthumous,1
sympathetically,1
reanlayze,1
seemlessly,1
rexperience,1
challanges,1
grandchallenges,1
prejudices,4
blunted,1
subconsciously,4
operands,1
cruxlux,2
faceweb,8
shaun,1
voicemails,1
vimeo,1
3616452,1
noblerex,1
bothe,1
reanlyzing,1
ayman,1
shamma,1
encyclopedic,1
undertaking,1
deotwm,1
comprehensiveness,1
sujeet,1
physorg,1
reproducing,3
autostereoscopic,1
fenn,3
xyz,15
cofuse,1
welsh,1
infusion,1
kardana,1
maritime,1
beaurocrats,1
entreprenurial,1
misled,1
commpunication,2
iceburg,1
mathmatics,1
cem,3
cords,16
tablets,5
painstakingly,1
telegraph,2
darryl,1
hamdi,1
microdatabilisim,1
vadhia,10
xyggy,3
oval,1
jieleah,1
lessen,1
deselaers,1
cosmoplitan,2
shruti,1
jayashree,1
nephew,1
zest,1
truely,1
firat,1
waikiki,4
surfers,1
discusions,1
diction,1
dublin,9
sensecam,3
intensify,1
terminas,1
fool,2
mice,6
multimediacommunication,1
soprano,1
rekindle,1
partical,1
mccrea,1
aikins,1
090525,1
searchme,2
searchlens,1
ramu,1
tiem,1
mechaisms,1
rfids,1
scratching,1
cocktail,3
monopoly,1
evelyne,2
brass,11
candle,2
exasperated,1
massaging,1
blankly,1
kuhn,2
overflowing,1
aversion,1
adopter,2
yourr,1
counsel,1
xkid,4
geotags,1
logitudes,1
geortagging,1
newby,1
noel,3
smallt,1
teeth,1
mah,3
jessicca,1
alba,1
seeen,1
pics,18
backlink,1
warez,1
hotfile,1
megaupload,1
sharecash,1
frugal,1
nikolov,2
kundalini,1
typewriting,1
webscale,1
wsmc09,1
msra,1
gigo,1
jinhui,3
richang,1
haojie,2
yantao,1
reasearch,1
603,65
898,22
8777,13
slidebrook,1
redoing,1
generis,6
p0int,1
halluciantion,1
arit,1
puzzled,3
conservatives,2
fringes,1
liberal,2
secondarily,1
boca,1
foxs,1
impatience,4
fuming,1
rude,2
jamesm,1
agitated,2
grumpy,2
hah,1
prescribe,1
slightest,1
mish,1
relive,4
palace,3
venaria,1
turin,1
winchester,1
micom2009,1
controling,1
mildly,1
angkor,19
lifeblob,1
palaces,2
1300,14
wat,3
ruins,3
phrom,1
buddhist,2
buddhists,3
sanskrit,1
baout,1
sumod,1
in46a,1
pjkfm,1
exf2z,1
ost3c,1
nationalgeographic,1
slum,1
boats,1
cambodian,2
riel,2
hawkers,1
motorama,1
contraption,1
siam,349
torist,1
kosal,1
cuisine,1
ankor,1
khmer,1
bigb,1
sandalian,1
vagaries,1
kis,1
b2b,1
bengaluru,13
stuffs,1
bengalure,2
participlant,1
contextualized,2
thingto,2
20m,2
442,68
scheidung,1
tweeting,1
cuber,1
heared,1
mcaffee,1
oversimplifying,1
saddest,1
delusion,1
termed,11
paralyzing,1
complext,1
obfuscate,1
knoll,4
photoshop,8
goggles,5
favourite,1
softwares,1
unleashes,1
20ping,1
sudsredirect,1
beds,2
businessmen,1
modernized,1
specials,1
vikas,3
bajaj,3
unproven,1
rote,14
almot,1
governemnt,2
irnically,1
kills,20
finanical,1
jugaad,1
kamal,2
owrld,1
commenter,1
hugely,2
alterfun,1
analitics,2
analize,1
artilce,1
funstionality,1
consilidation,1
statuses,1
consolidating,1
unmanageable,2
it4p,2
fanaticism,1
usip,1
paraphrase,4
pragyan,6
trichy,7
tiruchy,1
slideshare,20
displaced,1
22000,5
hostel,1
senseless,2
abbreviations,2
frivolous,1
shudder,3
klopp,1
ethic,4
goggle,1
tommy,1
vid,2
ucf,1
twtris,1
thematic,3
twitris,2
knoesis,2
marr,3
outright,2
vocally,1
contenxtual,1
thenoisychannel,1
ila,1
tibco,2
boldest,1
murali,2
deepa,2
daze,1
shouting,1
reliving,3
uncontrollable,5
martindale,1
dilemmas,1
fingerhut,4
fathom,1
praying,1
rainy,1
waiters,1
waiter,3
poured,2
vaidyanathan,1
gayathri,1
occasions,3
demeanor,2
brilliance,2
phisical,1
managemnt,1
everlasting,1
traducere,1
engleza,1
paromita,2
respecting,2
debit,1
justifies,1
whereever,1
katkere,4
reminisced,1
sympathies,1
boldness,1
ides,1
glacial,1
raleigh,4
foursquare,6
www2010,5
webcam,1
sidebar,865
explode,1
aural,1
documenting,3
ifla,1
slic,1
deception,2
overestimate,4
salad,1
understimate,1
collectible,1
analyzable,1
urmi,5
bookmarked,1
soften,1
matthewcornell,1
experimenters,10
thinktrylearn,1
neelima,2
mahajan,3
byhis,2
hamel,1
greats,1
recollecting,1
reminiscing,4
modea,1
karmaloop,2
wwew,2
loyalties,6
milkshake,12
drunk,7
froward,1
drunken,10
lamppost,9
unsolvable,16
illdefined,1
gregg,1
meaningles,1
infatuation,1
concur,2
musing,2
blasphemy,2
scribble,3
penetrating,6
jem,1
liran,1
qiote,1
sane,1
assimilates,2
huntigton,1
pier,1
topsy,4
hagel,1
badgley,1
mischka,1
crude,3
prestigeous,1
computervision,3
amanation,3
techonology,2
technonology,1
seri,1
develoing,1
mchron,4
faxes,1
intentionality,1
ireflect,4
supressions,1
anu,5
androids,1
consiering,1
okayreview,1
scaffold,1
equals,39
scientism,4
modus,1
operandi,1
jogging,1
perspiration,2
galvanic,2
bodily,4
recollections,2
personicles,3
diced,1
synonymous,5
wiener,1
promptly,11
cybernetic,24
discretize,1
terrain,6
actuator,1
actuation,2
solemn,1
captions,2
referencing,1
receptors,2
1826,4
orsini,1
photorank,1
ephemerals,1
verna,1
curtis,9
scrapbooks,2
chronology,3
vannevar,1
impulsive,1
vnit,10
hipsmatic,1
100m,1
slowdown,7
visvesvaraya,1
fraternity,1
kamdar,1
diminished,1
enlarge,1
presentable,1
shareability,1
ngsn,1
swine,2
innovated,3
picplz,4
fxcamera,1
expressiveness,1
deepvue,1
businessinsider,1
rerouting,1
leapfrogging,1
reminders,5
reroute,1
payers,3
stethoscope,3
regimen,10
megi,5
regimens,6
cybernetizing,1
pathologists,1
radiologists,3
cybernetize,1
disrupted,5
situationally,2
nudging,1
incentivizing,1
proteome,1
epigenome,1
metabolome,1
diagnosing,3
metanexus,1
navigators,4
expediting,1
cures,3
ifh,536
discomfort,2
stipulated,1
propensities,3
recommending,4
techology,11
diagnose,5
bce,3
heartbeats,1
1816,10
chests,1
billing,25
humongous,2
metabolomics,2
nanosensors,1
ccu,4
mhealth,47
persist,13
7000,5
babylon,1
ayurveda,2
pharmaco,1
herbs,1
psychosomatic,1
expectancies,1
sanitation,1
regained,1
persuasive,3
perpetual,8
dashboards,14
w5h,2
journalistic,1
stt,2
eventshop,8
foodie,16
perfects,10
nutritious,1
foodies,2
foodlog,3
foodtech,3
drought,9
weathered,7
addled,1
magically,1
alienates,1
undeveloped,1
exaggerated,2
spectrograms,1
scoble,1
shel,1
vilayanur,1
anstis,1
percpt,1
apprnt,1
rages,1
punishing,1
diarized,1
rephrased,2
legged,6
topol,5
laleh,12
vigorous,2
jawbone,2
reformed,2
compatriots,2
physician,11
dosages,2
homeopathic,2
homeo,2
prescribing,2
bff,1
enjoyment,10
peacefully,2
eyesight,1
adolpho,1
belly,1
rub,2
labrador,1
swooped,1
mccullem,1
canines,1
hyperlinking,1
illusions,9
scenery,4
biologist,1
counterproductive,4
concretely,1
fitbits,1
tomorrows,1
shareable,1
narrowcast,1
myriads,1
dividend,6
d80,4
5megapixel,1
temperamental,1
memolane,2
sleek,1
1234567890,2
exeperience,1
treasured,1
photosharing,3
cave,3
autobiographies,1
biographies,4
implementers,2
implementable,1
corpora,2
summaries,12
aggravating,1
automagically,8
classifies,7
taps,6
degage,1
tuanua,1
yah,1
flicr,1
articulates,2
vantage,2
survives,2
overlaps,12
katango,4
linkages,10
komodo,1
buitenspeelgoed,1
flicking,1
slideshow,1
tapes,1
playlists,2
spntaneously,1
friction,2
140char,1
30min,1
vrml,11
namit,1
dataspeeds,1
upgradation,1
synapses,3
jsut,1
bzzzwa,1
literal,1
beeps,1
qrops,1
artful,4
salute,2
abujerome,1
erly,1
customizes,2
migrate,4
narrated,1
geeky,2
tesur,1
esin,1
domination,1
sounding,3
reprinted,2
smsed,1
precluded,2
ballet,1
textually,1
emojicons,1
shaila,1
makhijani,1
dani,10
raqpidly,1
abalysis,1
boundery,1
faiction,1
fairytales,1
analyse,2
golfing,1
pinterest,5
unfolded,54
piles,3
enormously,1
modulates,1
karatay,1
diyeti,1
rosling,1
jbksrlysojo,1
removals,6
orientate,1
oppposites,1
quicker,2
formulas,23
neuer,1
pietersen,1
conveys,1
storiy,3
cart,1
embellishment,1
purview,1
bundesliga,1
pursley,1
spontaneity,1
featuritis,1
surpass,3
ecperiential,3
unbelievably,1
experioential,3
defy,2
suboptimal,2
tobias,4
slogan,1
overhere,1
yoggy52,1
skor,1
rta,3
dropbox,3
5644217,1
20stories,1
20120902,1
functioned,1
clarifications,4
ehen,1
fuelband,1
beacause,1
notebooks,42
cronicals,1
calenders,1
exerting,1
faithfully,2
assimilating,2
audios,2
instructive,2
aeroplane,1
cockpit,1
blackbox,2
enogh,1
withstand,6
omni,3
chrnicles,1
warehousing,5
retails,5
metamorphosed,5
hightech,5
prperty,3
dynasty,2
offend,1
gawaskar,1
betterment,1
switzerlan,1
whils,1
republicans,1
awestruck,1
tisnghua,1
00489,1
bhiku,1
infringements,1
undeniably,1
dispelled,1
severl,1
laast,1
organizationl,1
huangshan,1
shangrila,1
jiu,1
gou,3
trench,2
encircled,1
dwellings,1
suburb,1
checkbook,1
moile,1
bypassing,5
moreso,1
downside,1
deadzones,1
tampa,2
patronized,1
bars,7
tiananmen,1
massage,1
mm09,6
idears,1
thinkings,1
marching,2
oppotrunities,1
wishers,1
shuttling,1
kankanhalli,15
talleres,1
uvilla,1
sele,1
dances,1
devdas,1
choreographed,1
dancers,2
karaoke,2
peopleweb,2
dissmination,2
sheds,4
pravee,1
nietzsche,1
overlaod,1
trailblazer,1
sowed,1
bidet,1
deodorizer,2
odors,1
wowed,1
akihabara,1
anycase,1
pots,2
perfios,1
sugata,1
moocs,1
harbingers,1
institutionalization,1
disinter,2
whither,1
leapfrog,1
clothings,1
becomig,1
dogma,1
drown,1
drums,1
alphabets,3
babbage,1
morse,1
shesher,1
kabita,1
rabindranath,2
tagore,1
barrister,1
virulent,1
intellectualism,1
labannya,2
romance,3
misty,1
amito,1
iconoclastism,1
dialogues,2
poems,2
dover,19
abott,1
layperson,1
1880,1
wonderland,1
turvy,1
rabbit,4
hatter,1
dormouse,2
grinning,1
cheshire,1
dreadful,1
visvesaraya,1
gra,1
pvt,1
1996president,1
2001cto,1
vrge,2
1996chairman,1
1999director,1
sdrc,3
imact,1
weymouth,3
rangachar,1
kasturi,4
schnuck,1
grosky,2
ansgar,1
scherp,1
bimbo,1
banihashemi,1
besl,3
eichael,1
fadell,1
jerian,3
kayaalp,1
payman,1
khalili,1
liou,1
dearborn,3
ravishankar,4
thawach,1
sripradisvarakul,1
siemems,1
vogt,3
naseem,1
shailendra,1
bhonsle,2
elvins,1
edd,3
schlenzig,1
jalali,24
owes,1
healthunity,22
bowlines,1
sails,2
coincided,1
vimsys,1
523,76
1259,6
1268,15
wakimoto,1
moezzi,3
kuramura,1
481,99
emage,1
militzer,1
nonstationary,1
618,75
503,89
logarithmic,68
detectability,1
1166,5
460,30
chronologically,1
trier,2
ley,6
auge,2
extractable,1
jain49,18
icsc,1
150210,1
141106,1
140619,1
131202,1
120721,2
121205,1
121029,1
110713,1
110225,1
20101026,1
100927,1
100422,1
100407,1
100227,1
594,63
315,76
745,60
saied,2
mosaicing,1
stereoscopic,3
893,30
095,73
913,73
983,27
969,42
cataloger,5
463,73
980,6
hyperlinked,2
093,72
mcgraw,1
schunck,1
cccf,2
mobilewalla,1
sigmultimedia,1
serial,14
paw,1
madima,2
homeostasis,1
mmm,4
bergen,13
lorido,4
tania,4
habibi2026,2
2508,29
18576,8
urldate,35
pubstate,427
tppubtype,427
haitong,4
fu2026,2
chio2025b,2
3716550,8
3725165,4
chio2025,2
3722029,4
chang2025,2
3716637,4
shufan,6
kund,4
dac,52
zhang2025,2
hildebrant,6
tull,4
hildebrant2025,2
kaminsky,4
youri,4
chakraborty2025,2
kumari,8
komal,8
li2025,2
bagherzandi,5
inbook,8
bagherzandi2025,2
luti,6
zhenghui,8
mendoza,4
fovda,4
luti2025,2
031,83
84457,4
inhabited,5
yus2025,2
huang2024b,2
3626246,4
3654756,4
taylor2024,2
borghouts,8
wording,4
resharing,4
borghouts2024,2
3637876,4
framings,4
climatic,4
ko2024,2
s10584,4
023,90
03668,4
han2024,2
kunhao,4
shaojie,8
zhaohong,4
ses,8
huang2024,2
lin2024,2
elvy,4
venkatsubhramanian,4
chakraborty2024,2
huang2023b,2
3626712,4
shadmon,7
nawab2024,2
cidrdb,4
cidr2024,4
p71,4
nawab2023,2
rhee,4
soroosh,4
aurash,4
paredes,4
blunt,10
rhee2023,2
10826084,4
2280572,4
allred,4
arauz,4
alfonso,5
boomershine,4
nnenia,4
kenne,6
modeste,6
penney,22
celeste,4
sagat,4
iacis,4
clearwaterm,4
allred2023,2
sangeetha,8
abdu,7
autoencoders,5
kargar2023b,2
kargar2023,2
yuhang,5
ruifeng,4
sracas,4
huang2023,2
raven,4
alsudais2023,2
bai2023,2
bai2023b,2
singh2023,2
roychoudhury,4
swagnik,4
sharma2023,2
elkordy,4
roushdy,4
ezzeldin,4
yahya,4
avestimehr,4
apsipa,4
elkordy2023,2
indrajit,4
vijayalakshmi,4
indrakshi,4
raskar,8
simske,4
sacmat,4
ray2023,2
aasim,4
transedge,4
singh2023b,2
prism,28
secur,4
sharma2023b,2
arden,7
owen,18
alvaro,6
unstick,4
icbc,8
tran2023,2
oncase2023,2
icdc,2
lin2023,2
wang2023,2
ghosh2023,2
wang2023d,2
vol16,4
p3898,4
chio2023,2
sciencedirect,14
s1574119223000676,4
wang2023c,2
guo2023,2
nlm,8
pmc10148373,4
wang2023b,2
s00778,18
00785,4
borghouts2023,2
pnasnexus,4
pgad013,4
gupta2023,2
00982,4
dolap,6
galvizo2022b,2
s0306437922001223,4
3dihub,8
vidhya,5
balasubramaniankmv10,1
1739041,4
1739090,4
crossref,96
seada,4
5072111,3
infcomw,6
milcom,2
singh2009situation,1
wsm,2
singhjk09,1
1631144,4
1631149,4
2009wsm,1
leila,12
jalalivm09,1
1658185,4
1658188,4
2009arm,1
massaguerhdmv09,1
10445,8
60558,2
sab,1
1659753,5
1659755,5
jafarpour,8
hojjat,10
jafarpourmv09,1
ebox,2
ashishlmv09,1
5137275,4
engovatov,2
reveliotis,4
panagiotis,6
thatte,4
939,49
946,23
borkarcelrstw09,1
1559845,12
1559951,4
zhaoqi,36
chenkm09,1
1559869,4
695,66
706,51
lijlf09,1
1559918,4
jillf09,1
1526709,4
1526760,4
christleyllx09,1
btn582,4
wickramasuriya,7
jehan,5
galveston,5
horewmvm09,1
4912772,4
proximiter,2
xingsv09,1
4912802,4
928,49
scheuerlmrsw09,1
615,53
behmjll09,1
1227,6
1230,6
desaikmv09,1
hillery,2
kotopoulis,4
preotiuc,2
1442,8
blowbchklprsw09,1
1660,6
1661,7
hadjieleftherioul09,1
vldb09,2
tutorial4,2
14778,34
1687553,2
1687623,2
xingreliable,1
citeseer,12
codaspy,23
49060,2
codaspy2019,4
codaspy2,2
3292006,2
3302384,1
liyan,27
1725,7
zhangkmv14,1
s00138,4
013,87
0535,5
atrey,10
pradeep,10
mta,2
sainiamk14,1
s11042,4
1207,18
kerim,14
yasin,16
khadilkar,7
iciss,5
kolkata,4
oktaykkm13,1
45204,4
zimdars,2
leung,2
jackie,3
stachnick,2
merrick,2
coop,3
slavin,2
vadim,2
kruglikov,2
galmiche,2
adamsztlsmcskgm13,1
2461256,4
2461276,4
gamboni,11
seamons,14
compsec,1
jammalamadakagmsv13,1
cose,4
xiaogang,4
zhidong,4
mehrotraqct13,1
limj13,1
37487,4
1846,7
1857,5
altwaijrykm13,1
vol6,2
p1846,2
2556549,2
2556567,2
561,80
585,87
kalashnikov13,1
0305,4
icmr,11
zhangkm13,1
2461466,4
2461469,4
alessio,4
pomdp,4
vaisenbergmmr13,1
6526724,4
ijtmcc,7
sainiamk13,1
1504,20
052523,4
kyungbaek,10
recrew,3
1446,2
deshpandekhmv13,1
nuray,49
jdiq,4
turankm13,1
2435221,4
2435224,4
mehrotraqct13b,1
debu,1
khadilkarokm12,1
debull,2
a12dec,2
eledath,2
jayan,2
worksharing,2
collaboratecom,6
colcom,2
adamemv12,1
4108,6
250713,4
sdm,6
sdmw,2
horecdm12,1
32873,4
ieeecloud,4
oktaykhkmt12,1
cloudprotect,3
310,43
diallohcmv12,1
haloop,2
buhbe12,1
0269,5
multisimulations,4
maude,3
multiconference,2
springsim,4
devs,2
jalalitvm12,1
2346638,2
639649,8
amm,2
sainiamk12,1
1155,6
turankm12,1
2109196,9
2109203,4
486,80
497,51
groverc12,1
0362,3
5915,13
2109199,5
canim,4
horemck12,1
011,118
0245,5
tpds,10
jafarpourhmv12,1
jalalimv11,1
24933,8
2011talcott,1
icme,19
catalonia,6
sainiamk11,1
6012206,4
sosp,2
cascais,2
wulmo11,1
2038916,4
2038928,4
behmbcglovdpt11,1
s10619,10
7082,16
zhengls11,1
5591,17
57735,7
ijcai11,4
424,68
zhangvmk11,1
percomw,24
5766881,4
2011w,1
photologs,2
sinhamj11,1
1991996,4
1992000,4
extractive,2
sinhaj11,1
6011843,4
siw,2
jalali2011interoperability,1
1373,7
1387,6
kalashnikovmxv11,1
4503,12
0457,2
msi,37
1891748,5
1891749,5
alsubaieebl10,1
1869790,4
1869802,4
kim2010assessing,1
emmanuel,2
sabu,2
sainiamek10,1
5583334,4
canimkhm10,1
7evldb2010,2
1920841,2
1920849,2
secon,12
403,404
xingmv10,1
5508274,4
emphsemantics,2
emphreal,2
emphcamera,2
vaisenbergmr10,1
s11554,4
0147,4
koleth,2
sebu,2
kautul,2
indianapolis,6
borkarckkmstw10,1
1807167,8
1807288,4
eigth,6
xingdmv10,1
5470501,4
2010w,3
bonetti,2
bonettimv10,1
5470607,4
paradis,2
lilia,2
rahimi,4
388,61
393,76
davisonmprxhmv10,1
5470636,4
vernicacl10,1
1807222,4
uddin,28
yusuf,30
sarwar,30
hongtcuvh17,1
alhassoun,6
nailah,6
igsc,2
alhassounuv17,1
8323585,4
phu,7
37th,33
1260,3
hannehv17,1
2505,13
2506,13
hannehv17a,1
degeling,2
bhagavatula,2
sruti,2
melicher,2
naeini,23
pardis,2
emami,2
shikun,3
bauer,2
lujo,2
sadeh,2
icdcsw,6
pappachandydbmn17,1
hera,6
mahmudur,4
amatur,4
afrin,4
afia,4
herahrtauvh17,1
3152881,4
3152887,4
2017arm,1
aqbox,2
cots,2
nsyss,8
dhaka,10
herarauv17,1
7885824,4
sensys,4
shinymv17,1
3137133,4
3137156,4
2017buildsys,1
qda,3
402,99
altwaijrykm17,1
2623607,4
733,60
oktaykm17,1
altowimm17,1
alsaudi,3
abdulrahman,4
sadri,6
1386,8
alsaudisam17,1
stylianos,2
doudalis,2
sortaki,2
histogramming,2
stylianosm17,1
ieeecomputersociety,2
00021,4
mengfan,5
feiping,2
geotagged,2
316,98
jvcir,5
tangnpj17,1
xiangbo,2
zechao,2
shuicheng,2
intell,2
1662,10
tangsqlwyj17,1
2608882,4
nagpj17,1
3078971,4
3080545,4
881,45
889,55
ohj17,1
3123266,8
3123375,4
ebrahimi,2
touradj,2
mmhealth,2
bollegjjmo17,1
3132051,4
abadi,5
kossmann,2
naughton,3
olston,2
widom,5
abadiaabbccddfg16,1
2845915,4
1585,3
1588,3
alkowaileetacwb16,1
vol9,12
p1585,2
3007263,2
3007315,2
careyjt16,1
2933267,4
2933313,4
burlingame,2
jialz0cs16,1
2996913,4
2996923,4
dipti,2
mayuram,2
sangudi,2
borkarmsc16,1
2882903,4
2904443,4
yangqwzw016,1
2847525,4
finland,27
kim0x16,1
7498238,4
dozhv16,1
2939376,4
mccann,4
netw,2
3634,4
3647,7
wullmrv16,1
tnet,4
2533399,4
setty,2
vinay,2
vitenberg,2
richnote,2
uddinszvv16,1
benson,15
overlays,7
iotdi,16
bensonhknv16,1
rajagopalan,2
siva,2
cognizant,2
mehrotrakvr16,1
7457158,4
2016w,1
chakravarthi,2
stamatakis,2
arcy,2
scale2,2
uddinnbwzhacshd16,1
7501722,4
zhuuqv16,1
7501725,4
4504,6
4513,11
zhangwkmr16,1
2592703,4
2353,7
2358,5
sadrimy16,1
2983323,4
2983693,4
ieeemm,2
cui0cj16,1
mmul,8
jitao,4
changsheng,2
ism,10
485,73
sangxj16,1
determinization,5
xukm15,1
belhajjame,2
khalid,2
paton,2
hedeler,2
cornelia,2
belhajjamephf15,1
014,91
7160,8
vic,2
alsubaieec015,1
2786006,4
2786007,4
2015georich,1
altwaijrymk15,1
2850583,2
2850587,2
bubjcc14,1
vol8,2
p161,2
2735471,2
2735477,2
alsubaieeaabbbcccfgghkllooptvww14,1
vol7,6
p1905,2
2733085,2
2733096,2
gomathisankaran,2
singhal,11
oktay2014towards,1
altowimkm14,1
p999,2
2732967,2
2732975,2
alsubaieebbhkcdl14,1
p841,2
2732951,2
2732958,2
ijmir,6
zhangkm14,1
s13735,4
0052,4
snowbird,8
2376,4
esf,3
2588555,5
2588580,5
hacig,1
dyreson,2
muliantara,2
thalheim,2
05810,3
hac,1
2571,7
kimmv14,1
vaisenbergmmr14,1
pmcj,8
expunge,3
panwar2020b,1
iotexpunge,2
canopy,3
tcps,6
nisha2020,1
vldbj,2
luo2020,1
00555,2
luo2020b,1
vol13,8
p449,2
iotnotarytech,1
bcdl,2
nawab2019,1
dolev,27
shlomi,26
dolev2019,1
panwar2019,1
3302384b,1
privacypreserving,1
sharad2019,1
tdsc2019,1
1030,7
1043,13
vldb2019,1
vldb201,1
00064,1
icde2019,1
661,59
2150,2
8097,11
edi,1
3303753,5
3316442,1
3303759,4
grulich,2
philipp,9
grulich2018,1
3229863,2
3236256,2
201803,1
21th,4
528,68
kimlbcvb0018,1
5441,18
002,1868
576,70
pavlopouloucw0t18,1
alkowaileeta0lr18,1
3209889,4
3209894,4
2018deem,1
855,49
absalyamov0t18,1
3183713,12
3183761,4
873,48
888,35
lidl018,1
3196936,4
vasilakos,2
828,48
rahimivmv18,1
2511729,4
venkateswaran,4
praveen,4
porto,2
venkateswaranhe18,1
00016,4
696,111
uddinv18,1
00073,4
zhuuvhh18,1
8406922,4
2018w,2
zhuuvh18,1
8485869,4
bensonwvk18,1
00017,4
scalzotto,2
bellavista,3
scalzottobbbimv18,1
3284014,4
3284025,4
2018p,1
moscholios,2
firedex,2
bensonbgimmv18,1
3274808,4
3274830,4
hsiehhtwzuvh18,1
8406133,4
progresser,3
tkdd,5
altowimkm18,1
3154410,4
sushil,3
jajodia,3
mehrotraos18,1
030,12
04834,4
2018jajodia,1
iotbds,2
funchal,2
iotbd,2
diallopym18,1
5220,11
0006765501320143,4
diallopms18,1
8480384,4
ghayyur,2
sameera,2
hay,5
miklau,3
gerome,3
1728,4
ghayyur0ymhmm18,1
3193571,4
nuria,2
cesarsjso18,1
011921231,4
hookworm,2
capsule,2
2392,9
hewjpj18,1
2801119,4
iswc,2
huc,2
pandeynj18,1
3267305,4
3267684,4
2018ap,1
soundararajan,3
soundarya,3
healthmedia,3
ohnsj18,1
3264996,4
3265000,4
2018mmhealth,1
lienhart,2
jiashi,2
1354,6
1355,8
sangyjlcf18,1
3240508,4
3243931,4
201810,1
obsc,2
safir,4
purvi,4
qader,4
mohiuddin,4
abdul,4
yawei,4
jacobsuchtvwskw17,1
vol10,4
p1941,4
3137765,4
3137814,4
636,86
bigdataconf,6
jia0017,1
8257979,4
2812,9
2820,2
ouaknine017,1
8258248,4
2911,9
pirzadeh0w17,1
8258260,4
kimkc017,1
kimtj017,1
3139958,4
3140043,4
dynamicity,2
zhuuqv17,1
003,68
jacobsuchtvwskw17b,1
arkhipov,3
addsen,2
0002aktrmv17,1
2584061,4
alsudais2022,1
bai2022,1
ceur,4
3135,3
short5,2
bai2022b,1
diglib,2
bitstream,2
pgv20221060,2
isallowed,1
bai2022c,1
openproceedings,2
liu2022,1
vol15,8
p3738,2
2gfpuznsobs,2
semiotic,2
yus2022,1
tattle,2
leakages,4
pappachan2022,1
jenner,2
ghosh2022b,1
yang2022,1
p2032,2
yang2022b,1
p3734,2
gu2022,1
00812,2
schemaless,2
alkowaileet2022,1
p2085,2
zane,3
hayden,3
gazzaz,11
samaa,8
karl2022,1
9881843,2
alshammari,8
fayzah,6
bruhwiler2022,1
9881855,2
fang2022,1
9881826,2
doddala,4
vineeth,3
liftchain,3
nft,3
chaparala2022,1
9881828,2
croesus,3
gazzaz2022,1
9835636,2
chio2022,1
dynahash,2
rebalancing,11
luo2022,1
csdl,2
088300a485,2
1fwfxfp9cou,1
1fwfxfp9c,1
galvizo2022,1
3130,4
paper2,14
chio2022b,1
dapd,5
kargar2022,1
07421,2
sharma2022c,1
9860338,2
ghosh2022,1
3552490,2
3552497,2
cods,3
sharma2022b,1
3493700,2
3493771,2
attestable,3
panwar2022,1
3478290,2
sentaur,2
gupta2022,1
3511808,2
3557147,2
sharma2022,1
9756277,2
hopfer2021b,1
1371,9
pone,6
0257428,4
hopfer2021,1
plosone,2
kargar2021b,1
3476311,2
3476406,2
kargar2021c,1
d1wqtxts1xzle7,2
cloudfront,2
83291082,2
cidr2021,2
abstract06,2
1667257153,1
xwovd2zukxertaui9inyjj9eequpy78lsnbtwlga3pg4imeo1d9jfbypm8gkfcuwpyrywj0ogi3,1
xnzage6msgt12vufolozftylciogfouatlmwoiqgnisqq615hk5b84mabotnvebq,1
uiq8eqs0uo7cgkanh1sfkh18cepjcroe5fmyudivshegfktxwvtumi6jz0fhalpsgf96oad,1
nomegudoeq,1
rbgt88,1
2vjvp,1
2ed46fmnlry,1
izvupasce7dfi6emybwx871vmxiqufzbo7dcdnolydersgve309yje0l3r,1
qfey,1
tyoce18qo2eqeg,1
83wwbmmgi3w,1
apkajlohf5ggslrbv4za,1
litz,3
heiner,2
kargar2021,1
02556,2
natasha,2
coolsm,3
mittal2021,1
9458923,2
wedgechain,3
nawab2021,1
02258,2
luo2021,1
vol14,4
p241,2
wang2021b,1
zuozhiwang,2
costbased,2
optimi,1
wang2021bb,1
3318464,2
3384708,2
guptam0vw21,3
sharm,1
he2021b,1
ocab047,4
he2021,1
pmc7989302,2
concealer,11
gupta2021,1
tuples,22
sse,16
giridharan,2
szekeres,2
matchmaker,2
paxos,2
jsys,2
whittaker2021,1
escholarship,10
8wk3343k,2
kumar2020,1
p740,2
wang2021c,1
p2953,2
xidadbw0,2
anylog,27
abadi2020,1
10195430,2
ghosh2020,1
compaction,40
alkowaileet2020,1
p1388,2
panda,6
tmis,4
mehrotra2020,1
sharma2020,1
contessa,2
cypress,14
resilliance,2
dynamo,258
mapgrid,1
compromise,2
satware,78
sherlock,23
aldsp,1
duplicates,7
disambiguate,7
cleaned,5
disambiagution,2
reldc,31
acknowledgement,3
1118114,2
arxive,2
cora,2
mccallum,3
bibliographic,7
dmoz,1
enron,2
febrl,1
freedb,1
cds,1
imdb,1
leipzig,1
webpages,20
uis,1
surnames,1
weps,23
artiles,1
wikilinks,1
wiktionary,1
zhnag,3
weps2,9
jcdl,6
iqis,6
mehtrotra,1
gdf,27
dvk,101
sdm05,6
12page,1
tods06,5
2072,10
superego,5
continuos,4
crq,3
crqs,1
reversing,8
qindex,2
solutins,1
hambrusch,13
dapd04,4
dexa02,4
provence,2
threaded,6
sped,9
subfolders,1
nxcell,5
nycell,5
perc,2
navq,2
nav,2
stepx,2
uncommented,3
01x0,2
1000x1000,1
0001,24
100x100,1
yuni,4
vci,10
insertion,86
ieeetc02,2
1124,14
gilman,4
atkinson,4
6131,10
92093,1
858,71
herzog,1
scheuren,1
winkler,6
dasu,1
ives,1
kaufmann,26
crowder,1
tejas,1
kore,1
keyphrase,1
relatedness,1
karan,1
vahe,1
kartik,4
coreference,1
convenienence,1
psu,18
serf,1
iesl,1
umd,8
linqs,1
lise,1
getoor,1
summa,1
bleifuss,7
bornemann,6
datenbank,1
spektrum,1
716,65
767,61
1112,10
1127,2
hegde,3
sinai,4
silke,2
ganoz,2
dbchex,1
sedb,2
fastqre,1
shkapenyuk,1
exploredb,2
camas,9
altintas,1
hsiung,3
sion,3
candan,3
cacheportal,2
cebit,2
5304,12
closures,5
shelter,2
triage,4
responder,2
dispatch,1
spie04,2
vldb02,2
invalid,11
sigmod03,3
icde03,2
epsilon,65
testbeds,2
sigmod04,2
gis06,4
acmgis06,2
edbt06,2
patial,1
wareness,1
extual,1
tsunamis,1
bombings,1
isi07,3
brunswick,14
odern,1
keypads,1
alleviated,2
recognizer,7
transcribe,1
transcribed,5
blindly,2
recognizers,1
mgrp,3
geographies,2
precomputation,1
precompute,1
edbt10,3
deaths,7
injuries,2
grave,5
appreciating,2
sv07,2
hsinchun,1
edna,1
boaz,3
encgis08,1
gisenc08,1
tkde04,2
sigmodr04,2
is07,4
dvkj,1
pqry,1
dvkpq,1
histogram,13
tkde08,4
paper1,12
paper3,1
redirecting,2
args,46
iqis05,3
disambiguating,4
namesakes,8
icde07,3
intuitively,4
adaptiveness,1
dasfaa07,3
spinger,1
jcdl07,3
sigir08,3
corrector,1
sigmod09,3
vldbj13,1
macport,1
gcc47,1
colorhist,3
const,14
cardinilaity,2
determinied,2
cardiniality,1
recompiled,2
virag,1
metavana,1
udupa,1
paypal,1
haltwaij,1
shayandeh,1
dms,1
yaltowim,1
satruntime,14
satrepository,6
satdeployer,6
satlite,10
satql,6
burner,4
deploys,7
0331707,8
0331690,6
0403433,6
icps,14
gratuitously,4
cleartext,10
reenter,10
mailman,48
unadvertised,2
appended,2
asterixresearch,22
subtest,22
sublist,3
insa,20
icsb,26
mjolsness,25
mlrg,20
motifmap,26
logout,16
traceback,5
inhibited,2
autogenerated,1
unregister,1
inhomogeneity,1
underexploited,1
staples,1
contextsensitive,1
eukaryotic,1
phyllotaxis,1
computableplant,1
icsbtutorialweb,1
lowercased,1
autogenerate,1
quarantined,5
unmoderated,1
asturian,1
catalan,3
croatian,1
esperanto,1
finnish,5
galician,1
interlingua,1
serbian,1
slovak,1
slovenian,4
vietnamese,2
irb,8
cbdaviso,1
satcontrolcenter,1
applet,70
satrecorder,5
masking,1
simplequerier,1
odb,4
mov,3
cql,5
mari,2
privacypiracy,1
commemorating,1
conjuction,1
champain,2
recalibration,1
shangping,1
stehr,5
cpsweek,2
balsells,1
ware,2
ensing,2
chitecture,2
ambarish,2
suraj,2
nagasrinivasa,2
rajat,72
asim,2
memon,2
koushik,6
niyogi,6
massachussets,2
cnds,2
cancun,5
middleware2003,2
wip,3
kriengkrai,12
porkaew,21
0086124,3
daal,2
0003,11
0188,2
0715,2
micaz,6
mica2,4
mica2dot,4
crossbow,2
acquisitionboards,2
adelynn,20
takers,2
discrediting,2
cannibalizes,2
perpetrator,2
bitter,2
improv,2
groundlings,2
cramped,2
dimly,2
comedians,2
subservient,2
diversifies,10
jill,11
refugee,1
refugees,2
resourceful,1
neatly,24
pretraining,4
chakrabarti,35
msword,6
toc,8
kdb,2
dimensionalities,3
phantom,2
retreival,2
mmsp98,2
vlbv98,2
sc29,4
wg11,4
m3107,2
mpeg98,2
chateau,2
mpeg97,2
2900,4
aberdeen,4
mehratra,2
ramchandran,3
sistla,2
arie,2
wolfson,3
hellerstien,2
ozsoyoglu,2
9734300,2
9624396,2
daal01,2
espinoza,28
gloss,1
ramamrithan,1
garlic,1
qbic,1
cobase,1
kmed,1
sudarshan,5
ciir,1
callan,1
inquery,1
silbershatz,1
nlpir,1
trec,4
tipster,1
winograd,2
xdir,1
xftp,1
nahrsted,1
amore,1
cnmtc,1
infomine,1
rifkin,1
cinemas,1
irvines,2
cybermeals,1
rectangle,120
304,116
orance,1
floorplans,8
jacm,15
tois,1
ickm,1
caivd,1
caivl,1
mmdbms,1
chorochronos,1
ncstrl,1
jasis,1
kddnuggets,1
fqas,2
sstd,2
krdb,1
dbworld,1
busatto,1
neci,1
sparc,5
gunzip,3
ldr,3
untar,1
xvf,2
guerin,1
htree,22
multipoint,9
relfeed,3
hyo,1
adinjection,1
mtshali,1
southeastern,3
devasis,1
bassu,1
telcordia,1
linz,3
qpm,2
qex,2
htreesearch,3
htreetest,23
16d,17
asc,8
htdump,5
executables,2
reuses,1
reweighting,7
68041,5
histnaive,1
420667,2
diskacc,17
212335,1
660191,2
296015,1
362086,1
734667,2
441674,1
748952,2
515103,1
752952,2
515009,1
accesses,24
hist,8
215482,1
524043,1
612719,1
735577,1
793892,1
819333,1
shtml,3
datanode,4
ofnode,4
monode,4
htreerangesearch,3
multipointquery,5
gensearchtest,5
decl,6
pgsize,2
4096,14
pagesize,1
recompile,2
61000,1
62000,1
63000,1
64000,1
65000,1
66000,1
67000,1
68000,1
inserts,10
approx,15
dumped,4
008223,1
004518,2
062877,1
009754,1
025896,1
012305,1
032513,1
051635,1
023012,1
033600,1
127336,1
019883,1
063216,1
015109,1
030441,1
054714,1
000000,23
459999,2
756000,2
215996,2
043191,1
summed,1
newline,4
constructor,4
char,41
datafile,2
htreedump,1
dumpfile,4
elss,3
deteriorate,1
tid,4
deletes,1
searchtest,4
startquery,4
startresult,5
getmore,3
func,7
lmax,5
overwritten,1
startqueue,3
rangequery,1
numpoints,1
querypoints,2
allocate,18
preallocate,3
deallocate,1
numobjects,1
returnedobj,2
objectlist,4
lnorms,1
nnquery,1
stl,6
gist,1
hybridtree,1
qref,1
kaushikc,1
ics215,3
refreshments,4
cayuga,1
demers,1
verl,1
jinhwan,2
stampede,2
johnathan,1
modahl,1
mediabroker,1
houton,2
correspondingly,12
satl,1
corradi,1
giannelli,1
minch,1
gruteser,1
grunwald,1
cloaking,1
bugra,1
gedik,1
goerlach,1
heinemann,1
terpstra,1
alastair,1
beresford,2
medsman,1
pads,26
satyanarayanan,1
dushyanth,1
narayanan,3
tilton,1
flinn,3
ics184,1
ics214,1
crawler,10
ics214a,1
silberschatz,1
cirkuit,12
70mb,1
webmars,1
penetration,8
chlorophyll,1
moisture,1
formations,1
extractors,1
hsv,3
coarseness,2
picker,2
mfd,1
fowler,4
icmc,1
groupingc,1
rockwell,3
currentlly,1
briefing,1
vgis,1
dre,8
inflexible,2
atabase,1
ervice,1
viability,3
instantiation,2
decryption,1
rightful,1
reformulated,2
promised,5
wickramasurya,1
mahesh,16
datt,1
yemmanuru,1
yonghua,2
einar,16
mykletun,4
maithili,3
narasimha,3
bouquets,1
immutability,1
wcc,1
netdb2,1
provision,11
cerias,1
0220069,1
abode,3
rjammala,7
thurasingham,1
passivist,1
extinguished,2
conputa,1
sighence,1
caliphoneya,4
siesta,4
parody,3
lionel,1
ritchie,1
repubblicano,2
cutugno,1
meathead,1
moralistic,1
ballad,1
diffie,1
morons,1
caption,5
painless,1
cryptocurrencies,2
sketchy,1
predatory,1
iaria,1
hindawi,1
mdpi,2
eai,7
wseas,1
sprout,1
myanmar,2
europaea,2
tops,3
tissec,1
sigsac,3
laprie,1
rhyming,1
alles,2
notoriusly,1
homo,1
sapiens,1
dwarves,1
midgets,1
obese,4
iqs,3
yearn,1
quotidian,1
pithy,1
idiiots,1
humorless,1
barbarians,1
inhabiting,1
laugh,3
disbelieve,1
deities,1
saints,1
prophets,1
idols,1
chancellors,2
pewterschmidt,3
trademarked,1
humarrhoid,1
noun,13
perennially,2
cantankerous,1
annoyed,1
collabortion,1
shizza,1
nourishment,1
distantly,1
cryptosexual,1
adj,4
guessed,3
donorrhea,1
mediot,1
glopeteria,1
overpriced,1
glop,1
eateries,1
homocitational,2
chronically,2
cryptonecrophilia,1
cryptosystem,2
cryptolibel,1
besmirching,1
sloppid,1
teutological,1
teutonic,1
simulteneosly,1
pedantic,1
righteous,1
obsecure,1
verb,1
mediocrat,1
medio,1
irreplaceable,1
crat,1
econdomy,1
condom,1
nefarious,1
cottage,1
scare,1
tactics,2
borderline,1
peddle,1
youthanasia,1
grotesque,5
panic,1
geekosystem,1
dietary,7
lois,3
moronic,2
polluting,1
disenfranchised,2
tragedy,1
franchised,2
guilty,1
brutal,1
someplace,1
comfy,1
abet,1
desist,1
lewd,1
lascivious,1
slovenly,1
lousy,1
saggy,1
droopy,1
redundantly,2
ashamed,1
idiotic,1
coma,1
quadra,1
plegics,1
criminals,1
adulation,1
contempt,1
diss,1
righteousness,1
piety,1
secretly,1
spanking,1
gratuitous,1
smoked,1
inadvertently,2
inhaled,1
dubious,2
slobonia,1
crappystan,1
idiocy,1
accent,2
exhibitionism,1
nra,1
nambla,1
fdic,1
nfl,1
bfd,6
wtf,1
afl,1
squash,2
bitten,1
eaten,1
unashamedly,1
poisoned,1
regrettably,1
piercings,3
tattoos,6
vestigal,1
abducted,1
fraternal,1
parachuted,1
sailed,1
glided,1
bungee,1
jumped,5
surfed,1
skied,1
limericks,1
atrocious,1
analogies,3
midwestern,1
invitational,1
inspector,2
clouseau,1
imitation,2
ideologically,1
celery,1
subsist,1
olives,1
peppers,1
eggplant,1
vegans,1
unmatched,15
habaneros,1
animail,1
arrested,1
unfashionably,1
luddite,1
thespian,1
homosocial,1
munchausen,1
inconcistenst,1
thar,1
deity,1
repressing,1
barbaric,1
gastronomy,3
pedantics,1
pomposity,1
asserts,2
isita,1
bagayatkar,1
frolikov,1
renascence,1
tarafder,1
prapty,1
youngil,1
searles,1
seoyeon,1
terner,1
sashidhar,1
jakkamsetti,1
yoshimichi,1
nakasuka,1
nunes,4
ercan,1
norrathep,2
rattanavipanon,2
songkla,2
kaczmarek,1
lincoln,8
cloudflare,9
cesar,2
ghali,4
mishari,2
almishari,2
yanbin,1
emiliano,4
cristofaro,3
solis,1
pullstring,1
eldefrawy,1
ersin,2
uzun,10
soriente,1
jihye,2
kookmin,27
jarecki,7
identillect,1
soongsil,2
xuhua,1
yongdae,1
saarlandes,1
pfitzmann,1
ateniese,2
genova,1
brenda,2
timmerman,1
vaere,1
varmarken,1
ferdinand,1
brasser,1
shuba,1
eberz,1
hubert,8
ritzdorf,1
mayberry,1
crane,1
olejnik,1
ginzboorg,1
aalto,2
abdelberi,1
chaabane,1
rhone,1
schulz,16
bathen,2
ahren,1
studer,1
colantonio,1
kasper,3
bonne,1
rasmussen,1
zuerich,1
forsberg,1
freudiger,1
xiaomin,1
parno,1
gabriele,1
oligieri,1
pisa,11
caiuch,1
gergely,1
bagga,1
enst,3
haldar,1
viswanath,1
michiardi,1
alain,1
pannetrat,1
perrig,1
composable,10
despande,1
nolasco,8
shivajit,16
mohapatra,20
muri,1
9875988,1
comose,1
snapshots,35
rm2000,1
agha,5
metaarchitectures,1
malo,1
composeq,1
crcf,7
tlam,9
odss,2
reification,1
controllers,33
obeyed,1
checkpointing,4
rcm,2
residing,3
initiator,1
v98,1
requester,1
relocation,49
suspending,4
finalizes,1
brokerage,1
dereplicated,2
dereplication,7
dereplicate,2
teardown,1
metalevel,1
assures,1
centralization,2
suitably,8
nodemanager,7
nodeinfomanager,6
registers,3
notifies,3
messageqmanager,2
outgoing,17
postman,13
remotemessagereceiver,2
sendpot,1
receivepot,3
consults,1
rmr,1
minimized,19
0615436,1
0615438,1
timed,2
esweek,102
4763,10
fmood,1
paphos,1
4468,5
ene,1
dataguard,8
exploded,1
skydrive,1
nirvarnix,1
idps,7
thieves,2
dataprotector,7
wds,1
wdss,2
plaintext,8
outsider,1
middleman,1
datavault,27
transportability,2
pki,2
pvault,7
retrieves,2
sever,3
pharming,2
4300,2
venkasubramanian,2
survivability,2
storagess,2
ravichandra,2
horst,2
nalinivenkatasuramanian,2
delegate,7
maimi,2
gvault,2
idataguard,2
middleward,2
unrar,1
adjoining,2
masterpassword,1
cristiano,6
periera,4
adaptations,25
antwerpen,2
vignau,2
cornea,6
mwcn,4
pasa,2
doubletree,2
sudeep,80
pasricha,69
manev,2
compaq,2
ipaq,21
transcoder,6
wcet,12
x11,31
paapi,77
dvs,48
x11r6,2
linuxkernelsrc,2
linuxdistro,2
dyncommunication,20
mobileip,6
proxyip,6
addressconfigure,2
zimage,12
arch,21
foreman,2
h263,2
15z,4
hkmu,2
vxb,4
f0qcgr,2
nx4,2
snx,2
f9z,2
d90,2
xhuz,2
7a6,2
fbn,2
glm,5
pnf,2
gkf,2
za1h,2
lsqi,2
jqp,2
kem,2
1ez,2
kpg,2
r3pt,2
vbn,2
rnubn,2
glgf,2
1e7,2
vbv,2
rlc8cx,2
q4h,2
nyz,2
s7h,2
8ux,2
x92,2
xoo,2
e68,2
hyw,2
rol,2
tsg,2
isf,2
ypc,2
3vgs,4
5on,2
oc8q,2
yz5,4
cyk,2
ulu,2
mv9,4
mvy,2
ehk,2
wf3h,2
p4x,2
llw,2
dcyv,2
igy,2
yoi,2
bg7,2
gtn,2
9gv,2
4ul,2
4pcy,2
gwb,2
4ce,2
nhj0,2
d9w,2
zfy,2
vjm,2
wfh7,2
0hb,2
0xt,2
ss8,2
s1fg,2
pgfu,2
7iy,2
xsq,3
jk7h,2
weo,4
go1,2
wwp,2
uxmy,2
aen,2
m6wh,2
ql6,2
8emu,2
pav,2
3qmn,2
hfl,2
f1y,2
ph3,2
sgg,4
io2,2
7m9,2
mgd,2
eqis,2
6jy,2
yskh0n,2
7htb,2
logb,2
sxo,2
d9o,2
omf9,2
lbz,2
ahp,2
gyv,2
qfu,2
6c0,2
qa8,2
wgo,2
u6n,2
kcx,2
rgo,4
fbzm,2
p4c,2
mlf,2
wey,2
yi5d,2
0uc,2
pjw,2
lsp,2
moo,6
yvf,2
qyv,2
vkcl7pqr,2
rfx,2
sfxm,2
pkn,2
hgu,2
xkq,4
l6x,4
yof,4
kyfa,2
rok,4
a9e,2
wzg,2
byg,2
iwl,2
qoy,2
lle,2
mbyg5uw,2
wywe,2
dq0,2
v9w,2
5qos,2
mux,4
iqq,2
qzf,2
vyws,2
jz6,4
aswn,2
k0sec,2
pnno,2
lyg1,2
bqg,2
t8z,2
0pw1,2
9oxr,2
5jm,2
s7w,3
tv1,2
vgw,2
jxu,2
ghy3,2
yz2,2
5xisg,2
sn6x,2
goe,2
caz,2
xgg,2
5vzy,2
y52,2
gpz,2
s1w1,2
ddv,2
eqm,4
xpq,2
nzc,2
k3nm,2
t1v,2
mnlnii,2
sjgg,2
nljni,2
wvr,9
nll,5
p4qt,2
7vbn,2
eyy,2
oe7s,2
stqe,2
oyvu,2
rv6,2
q9s,2
5yv,2
7vv,2
4o9,2
ed7,2
7xj,2
0xbk,2
zaf,2
oey,2
8w1,2
ea4,2
10ltzxg,2
ohy,2
offe,2
cgn,4
p4af,2
zqh,2
egj,2
cdg,2
qvm,2
hcy0,2
mv6d,2
twxq,2
jy6s,2
umt,2
coy,3
43nh,2
0uk,2
uzt,2
ewu,2
j9r,2
h2i,2
j9g,2
vxy,2
qi7,2
irwz,2
le9,2
ykj,2
jqs,4
pyp,2
dsq,2
9qv,2
7r9,2
fgg,2
47z6,2
stem8a6,2
rut,2
3aam,2
oyuvyi,2
00n,2
7xix,2
gn9o,2
xgn,2
goj,2
ygno,2
oeq,2
ca8,2
jql,2
cpl0,2
o3t,2
mwwg,2
ret0,2
dhaku,2
cwpi,2
06v,2
pti,2
qryt,2
knx,2
lwk,4
2yq,2
k21,2
oro,2
7hthv,2
09g,2
x99n,2
egg,14
8qj,2
gs9t,2
r0oa,2
gjm,2
vv1,2
i4a,5
b7f,2
tfa,2
fo5,2
rdle,2
emt,3
jth,3
h7bp,2
byyg,2
wff,2
xpe,2
pfr,2
or4,2
nw6,3
qoe2,2
bnsk,2
zfz,2
g7q,2
tgw,2
ycau,2
98hc6,2
hwt,2
lvr,2
c6bcn,2
9vv,2
6to,2
8bu,2
fzf,2
ykeg,2
q8iw,2
oge,4
clo,2
kbv,2
wpy,2
lxe,2
depm,2
t9l,2
in1,2
asb,2
k76,2
kkh,2
s4k,2
nnt,2
lbr,2
xten,2
jkl,2
zcs,2
65u,2
x7a,4
hak,2
0y6,2
mhl,2
qzul,2
ppy,2
xp7x,2
97x,2
97z,2
ngiv,2
41whc,2
ntm,2
8cj,2
qfd,2
y7p,4
cus,3
uk8,2
uyd7,2
v97,4
vv1g,2
zcw,2
dr5,2
i21,2
sjcel,2
fxt,2
hk8,2
g4w,2
8kg,2
eb7,2
ey5,2
suc,2
lhum,2
ibyx,2
slk,2
lbg,2
ts4y,2
dlw,6
8g3v,2
ojcga,2
iyqq,2
vxs,2
7sn,2
x22,2
8gh5,2
wlpsg1,2
xik,4
vcu2,2
1yy,2
wua,2
krm,2
3ylx,2
sjx,2
t5k,2
bnn,2
wuks,2
izw,2
dsu,4
glom,2
tzf,4
fnk,2
tg5h,2
xop,2
1vj,2
bzn1,2
ngq,2
p0o,2
8ci,2
trq,2
mec,4
9mf,2
7rn,2
9nk,2
cyu,2
s7z,2
dm4el,2
4s3,2
itb,2
gyv5,2
cj1,2
r4f,2
wcf,2
sej,2
chg,4
hig,2
lfq,2
2vp,4
0fy,2
gek,2
gnq,2
4nf7,2
k5i,2
kn2d,2
alhzb,2
xbu,2
uc4,2
b6h,2
fcfa,2
6uq,2
ktr,2
fz5,2
fjl,2
nzml,2
rw3,2
p4ao,2
nhl,2
spjs,2
w49,2
zvl,2
zyv,4
24i,2
lqol,2
fqt,2
pg9,2
0ft,2
1qa,2
1vc,2
e2y,2
5rm,2
3rcu,2
ubq,2
mc2,2
tvd,2
2hj,2
zcc,2
dj4,2
ise,3
2ox,2
4s5,2
oufc,2
jis,2
clnw,2
95rg,2
vbo,4
7ho,2
qv9o,2
xv5,2
oqd,2
g1n,4
npn,2
uyen,2
mr1,2
c7r,2
e87,2
7ue,2
oox,2
rkn,2
xtx,2
11hw,2
c2m,2
bm6,2
6yf,2
rvq,2
2mr,2
fsl,3
fcu,2
fez,2
k4ac,2
klw,2
7yx,2
ttql,2
bz5x,2
2f1,2
klc,2
yqu,2
kbryy,2
nvs,2
yy6,4
cnz,2
enl,2
mt9,2
ylc,2
edk,2
htb,2
yxwk,4
bxp,3
vhc,2
nry,2
0fc,2
qpr,2
iw2,2
1ac,2
kn2,2
8n1,2
bln,2
n16,2
o16q,2
m56,2
rln7,2
wyv,2
jssd,2
5yi,2
kxsj,2
hcs,2
qqz,2
1hv,2
pdr,2
ksq,2
3tre,2
qg2,2
kqo3,2
jruu,2
s7f7,2
yaya,2
ypwz,2
fd2,2
pyj,2
4hz,2
kjvfbu,2
hfo,2
emv,2
pnd,2
ymn,2
qtq,2
cmg,2
yix,2
ckj,2
svv,2
esz,2
h2a,2
og8,2
m77,2
7gy,2
pfb7,2
ysr,2
3be,2
nc2bmyx,2
u3x,2
asz,2
scx,2
p8n2,2
1fv,2
eqc,2
52v,2
1nb,2
ga7,2
rvg,2
eu8ky,2
vfs,2
1wa,2
hkm,2
cnk,2
wzk,2
vdn,2
ns1,9
tdm,3
1oy,2
ryw,4
8wv,2
xskdu,2
xcof,2
8u0,2
7ytn,2
nsv,2
sth,2
ykw,2
mwo,2
nqt,2
d3y,2
0sm,2
j9d,2
wvy,2
g9ay,2
qn9,2
otv,4
rsl,2
o1c2,2
uxc,4
y9l,2
nqf,4
fetq,2
gaa,4
ocz,2
b4n,2
1gf,2
la7,2
4zd,2
vvs,2
xfu,2
gzl,4
wyjl,2
hfry,2
8sh3,2
zcnc,2
ou9,2
763,51
ms6g,2
vmkw,2
8ka,2
30f,2
ct2,2
gda,2
fqf,2
4mrlw,2
f2s,2
cqh,4
rjx,2
7au,2
q8w,2
7ns,2
wyc,2
rlz,2
pjo,2
5g0v2,2
nbk,2
n0vna,2
xw2f,2
sgiof,2
onl,2
kpvp,2
l6k,2
wlo,2
uzin,2
k1wt,2
mthb,2
x4jm,2
4os,4
tgt,2
lb7cf,2
feuq,2
elp,2
tlf,3
kkq,2
hlw,4
le2,4
xoe,2
gdz,2
taz7,2
b7ey,2
pug,2
5xn,2
xzj,2
gbr,2
1b2,2
dhzg,2
lug,2
6fh,4
6kicrt,2
yxn,2
gcbp,2
3zl5,2
ezo,2
izc,2
8z0,2
2dn,2
d6sno,2
b6jo,2
clf,2
lo1,2
nqp,4
dnt,2
or8,2
y3t,3
yse,2
kawe,2
fmoc,2
usu,2
mqq,2
m7m,2
5ov,3
zs33,2
6q7,2
tpl,2
9m7,2
58z,2
elb,4
c9u,2
ubw,2
zkr,2
72c,2
kel,2
sob,2
khy,2
qs9,2
oqy67,2
qw7,2
e4m,2
l6w,4
89cbot,2
56e,2
2n9,2
zgz,2
2m1,2
5a7p,2
obn,2
5lk,4
onu,2
vu9,4
7y1up,2
6qm,4
701,67
czm,2
9wls,2
it1,2
zog,2
9gu,2
a4b,2
xen,5
tcfb,2
9vy,2
rxl,2
yuj,2
i0b,2
zuj,2
7o6,2
ogo,2
wxs,2
k4d,2
4bp,2
dyt,2
ylz,2
fkf,2
1fo,2
scr,2
wm2g,2
elg,2
jen2,2
elw,4
vsx,6
jvo,2
0hw,2
ysd,2
7jy,2
dls,2
kqoj,2
ceel,2
cu1g,2
scw,6
qlo,2
le3k,2
zdm,2
ugp,2
fqw,4
e4r,2
rsx,2
hzh,2
gfb,4
bz7,2
pr1i,2
jzhl,2
mwh,4
z5p,2
ehpd,2
zcx,2
rmrx,2
ytm,2
6fwfd,2
9qol,2
cmp,2
k5t4,2
bje,2
vbc,2
bt0,2
pka,2
wv1,2
ylx,2
kgnk,2
pmwm,2
fqg,2
fq6,2
kso,2
u5xw,2
nac,3
ctne,2
hg3r,2
z4d,2
jlx,2
vet,3
iwr,2
ywp,4
x4w,2
9js,2
qmei,2
yvl,2
m3cq,2
ajk,4
77y,2
ymw,2
bnnw,2
zcb,2
cni,2
94d,2
xwa,2
v9g,2
ysth,2
tnu,2
u8t,2
u8o,2
5c1,2
ckk,2
cwt,2
ug4,2
8ht,2
8on,4
rw7,2
igk,2
1cz,2
myj,4
o5k,2
ngn,2
xvt,2
dcg,32
t6d,2
y1jrp,2
0gs,2
rjm,2
z3cop,2
rxf,2
snn,6
hfg,2
2j1,4
x6f,2
znl,2
ghop,2
uzx,2
2bs,2
npp,2
edl5,2
l9r,2
pvv,4
xbp,2
ylw,2
lo75,2
39f,2
mf9,2
8ba,2
qey,2
kk86,2
idw,2
bfl,2
grw,4
7dn,2
pmq,2
kni,2
y7z,2
3hn,2
zf2,2
2ok,2
y28,2
g6d,2
rq7,2
mnd,2
hgh,4
gum,4
nxo,2
n4x,2
wsmu,2
h7u,2
wgx,2
4dg,2
8h2,2
b2nw,2
jrn,4
o4hy,2
gvj,2
x2l,2
qctms,2
rm5,5
l8w,2
isl,2
j1js,2
unk7,2
oi9,2
0cin,2
4dl,2
ctk,2
gmvf,2
ayc,4
0we,2
xexh,2
xsh,2
m7f,2
r0r9,2
uny,2
yvz,2
a5rg,2
vygi,2
xqx,2
gsc,4
fbi,4
dla,2
69w1,2
w4i,2
ddm,2
laz,2
j9o,2
wkp,2
ug6,2
cm1,2
p9c,2
ugvp,2
plr6,2
e2o,2
yxq,2
fcz,2
3pg,2
it2o,2
y4v,2
uzg,2
mfcy,2
cxw,2
ky7,4
gsm,2
rp0,2
0km,2
icr,2
hmu3,2
glx,2
ufp,2
1oz,2
uq3,2
gur,2
czdm,2
95q,2
jn9,2
lls,2
6kz,4
coxc,2
7zl,2
5g9,2
x3k,4
owh,2
xza,2
5aos,2
exlm,2
aut,3
moz,2
1s4,2
0nb,2
2iwe,2
ou4,2
hlk,2
al2g,2
n5d,2
w5rn,2
hyf,3
yxgt,2
owj,2
yybm,2
6rf,4
qgs,2
1blgv,2
nvk,2
epd,2
hsr,3
js9,2
w8i,2
zva,2
twm,2
9lo,3
1hm,2
vpi,2
xif,2
wob,2
ohs,4
op9,2
7m4,2
gy7,2
uupg,2
9hz,4
gvp,2
iyim,2
8jqq,2
3vfmw,2
xmu,2
gdm,3
m36,2
wrm,2
mjc,2
wd0,2
ksc,2
xqlk,2
rzf,2
vvq,2
3dso,2
3w7f,2
jnuk,2
zuv,2
ctw,2
9dc,2
kpq,2
k6u,2
atn2,2
d8b,2
p0z,2
w3e,2
yq0,2
iwo,4
kcux,2
bws,4
m4p,2
f6yz,2
ysh,2
npw5k,2
qgt,4
o3h,2
yfva,2
dfl,2
8io,2
7tisp,2
20qcm,2
7cw,2
stq,4
5jv,2
27h,2
lce,2
lru,2
lyw,2
cxv,2
z5s,2
lx1,2
fs0,2
rif,2
9hn,2
sjyzzn,2
4ft,10
zik,2
ujl,2
j2v,2
zvd,2
oxh,4
wuq3,2
9xk,2
iow,2
po4,2
oxqn,2
zdj,2
1uz,2
dzg,2
y93n,2
l2n,2
qnc,2
7fk,2
xpuz,2
x3i,2
n2l,3
b4g,2
itm,4
kbw,2
zkd,2
d6r,2
xzgo,2
lvz,2
obq,2
wn1,2
1mf,2
t8w,2
omb,2
p8s,2
2ec,2
xnx,2
mql,4
smls,2
xlq,2
mko3,2
aee,2
alr,2
4rg,2
tc6,2
gdqg,2
kw0,2
go3,2
mkf,2
ufgm,2
f0jr,2
ro5,2
wvf,2
ft4,2
4fgx,2
chb,2
2is,2
rglfx,2
dmp,4
6xzr,2
mj7,2
wue,2
xga,2
zucf,2
z6f,2
fgt9g,2
rw0,2
91m,2
qpf,2
6oa,2
ghd,2
9pd,2
agv,2
izfy,2
l53x,2
k5a,2
sle,2
7y6,2
o4yw,2
xoehc,2
teb,2
8m1,2
eyt,4
1gwf,2
0y9o,2
ew6,2
68tim4,2
hrt,2
8hr,2
iir,2
tzf0,2
qmg,4
k3b,2
mcw,2
1nz,2
wwi2,2
losb,2
esx,2
891f,2
va0q,2
xyo,6
zjwy6,2
nz2,2
im0dl,2
okr,2
mcr,2
fij,4
crm,4
k8n,2
lbn,4
nc0w,2
syi,4
py6,2
czht,2
x26,2
dea,2
gup,2
iz6,3
guf,2
s2q,2
ccv2,2
jtb,2
lnn,2
oyc,2
xzv,4
6xb,2
mi1,2
k2o,2
q64,2
inuk,2
w99,3
2q1mzx,2
x0b,2
jge,2
gso,2
xbm,2
slysi,2
7fw,2
9fu,2
hgt,3
uj4k,2
r5z,2
qpk1,2
oel,2
wef,2
jgd,2
kcy,2
gff,4
ucg,2
jxg,2
iz7,2
y5b,2
tdi,2
vfz,2
vrz,2
fgn,2
d9a,2
1fe,2
bzv,2
5tv,2
0vl,2
qn6,2
acx,3
snz,4
qol,3
7ob,2
nthm5,2
xoy,6
hybb,2
qvs,2
35w,2
wpl,2
syy,3
cdbs,2
zku,2
cw2f,2
9rt,2
vup,2
hqa,2
lad,4
imyr,2
x54,2
8rq,2
rys,2
5h4,2
bgq,3
5aw,2
bwj,2
r5u,2
w3o,2
qwj,2
bdkf,2
hfj,2
hcuh,2
yggd,2
oxkt,2
7os,2
u3b,2
63n,2
raoz,2
1fp,2
gyt,2
oo1,2
v6xs,2
5tom3p,2
xgk,2
sxj,2
gyn,2
shw,3
sux,2
g8y,2
s0ql,2
5gh,2
xg2,4
mnj,2
4v4,4
vkp,2
rqk,3
zr90,2
2fz,2
tjw,2
f6j,2
nxzjr,2
lub,2
ik5,2
u3o,2
pfa,2
53n,2
b7c,2
w1n,2
otgx,2
hvq,2
92k,18
zwgl,2
1mj,2
bwc,2
um3,2
kftj,2
bsg,2
4li,2
slx,2
cea,2
dcr,2
zzw,2
lg9,2
y08hu,2
omgr,2
gbn5,2
2e9h,2
0mh,2
tsp,74
00g,2
v7k,2
duw,2
8el,2
kaup,2
7e5,2
ifw,2
o9dfjs,2
oym,2
uwd,4
ok9,2
mle,4
6zx,2
gxmu,2
qneao,2
znem,2
4sk,2
tlt,2
ygn,2
zzc,2
g4q,2
ckx5,2
zst,4
lpy,2
lk2,2
1ui3,2
6zqg,2
c0rl,2
hl2,2
3jh,2
16j,2
7lq,2
ehl,2
gqn0pw,2
7an,2
2mmb,2
j9n,3
r1s,2
zuy,2
zwn,2
vno,2
2daw,2
7jt,2
blp,4
2iq,2
jmm7,2
o53,2
req,2
bqj,2
p2g,2
gjq,2
bqb,2
zusl,2
1kw,2
cqk,4
m7q6b6,2
lmx,2
fxk,2
ivir,2
lki,2
nye,2
miu,3
yhm,2
obe,2
udc,3
5j7,2
yom7,2
sco,2
gpx,2
pz8,2
btt,2
wncs,2
xsb,2
g8ocj,2
bil,2
xjk5,2
zdu,2
yjm,2
r7u,2
t4v,2
m1tz,2
zsmll,2
cj5,2
eto,2
csvz,2
jrz,2
ute,4
bekx,2
hzc,2
0g7z,2
j5jm,2
abl,4
7g8,2
gad,2
ip8,2
vgxk9,2
j98,2
1wxo,2
eos,4
pge,2
b66l,2
4ouz,2
oe2,3
kxn,2
9it,2
w0f,2
kz9,2
uu6,2
2jo,2
fo9s,2
rqd,2
gzy,2
h79,2
wbf,2
xhs,2
wns,2
ayf,2
1b8,2
rvn,2
8im,2
xah,17
m7yx,2
yefs,2
wov,4
2v6,2
ykz,2
yg4q,2
bohl,2
kok,6
fll,2
szmq,2
uzv,2
3k7a,2
jvc,2
pn6x,2
savk,2
msb,15
izf,2
9ds,2
47vi,2
tb8,2
dq31,2
9td,2
0e1,2
qzc,2
kbi,2
tmj,2
hozt,2
6gz,2
nuf8,2
9wq,2
d4n,2
hdh,2
npbx,2
kmu,2
z0ju,2
aao0gf,2
ehj,2
i4gc,2
8we,2
yju,2
8zo,2
qrb,3
gri,4
cml2,2
22r,2
yj5,2
mam3zt0,2
bfisczi5qn,2
hqnyk,2
nfc,2
dwza4,2
snm,4
n86,2
sj8,2
upxu,2
9ze,2
lvk,2
81c,2
qam,2
eonr,2
dyp,2
8vk,2
hwb,2
pwk,2
y8n,4
wz6,2
ycv,2
9vm,2
dgf,2
3nof,2
5zn,2
cwnn,2
qpou,2
5zwy,2
ukt,2
e8oc,2
xzk,2
vxt,4
ag5z,2
w0j,2
5fm7,2
3gu,2
jlge,2
n6ed,2
uouo,2
x1x,2
wiz,2
ekd,2
ku8,2
92ra,2
rsxj,2
wd2l,2
m5a,4
ux6,2
6gs,2
awc,2
hnw,2
raae,2
kzw,2
vad,2
9yz,2
trc,2
78g,2
34fb,2
7cn,2
3xgo,2
sjkgz,2
usm,2
jmtz,2
txq,2
7o4,2
yrvv,2
hwj,2
ll9,2
6ts,2
nnc,2
6yc,2
1us,2
zzh,2
95y,2
avj,2
uxf,2
wkn,2
9iz,2
1no,2
fw2,2
wu3,2
uly,2
fgz,2
1lak3,2
1muo,2
25s,2
kkgf,2
m3v,2
k5m,2
tdj,2
lkla,2
luvc,2
3uni,2
fw5,2
bny,3
1vs,2
evr,2
hjw,2
o7b,4
jho,2
gj4,2
15yn,2
pjv,2
jti,2
ylwb,2
nns,2
vin,2
cw5,2
hlj,2
fxd5,2
ww9,4
pxh,2
xql,2
dmpl,2
elt,2
sxa,2
8wl,2
kkgdn,2
n0o,2
52r,2
zba,21
gibl,2
aqxa,2
95ih,2
tms04,2
rrk,2
xhk,2
lo2w,2
txhw,2
w7k,2
85yf,2
iks,2
gla2,2
lcc,2
x3g,2
f1k6,2
otx,2
anfc,2
snczw,2
w6m,2
gbg,2
ns9,2
ccz,2
5x3,2
om4,2
7f6q,2
zomh,2
07e,4
w6y8,2
ecl,2
o8fz,2
q7a,2
sy9kex7,2
ibpb,2
rl71,2
xdh,2
edb,2
c3k,2
wmb,2
rll,2
ca7,2
ho7,2
vpob,2
w7a,4
srh,2
2lcd,2
oguy,2
iel,2
i9v,2
c61,3
vyo,3
wfn,2
ebs,2
t8d,2
8sb,2
ouk,2
gdocx,2
eg4,2
wdp,2
mef,3
sfd,2
8e4,2
mko,2
ohi,4
kf3,2
2pp,2
6i7e,2
v9i,2
ywjh,2
mi3,2
qmf,2
ffs,4
jmlwe,2
1ce,2
lszb,2
1rm,2
01g,2
vbg,2
uia,2
mdl,2
nnw,2
rnmo7,2
zgj,2
tov,4
iwk,4
ay0,2
kq88,2
adw0,2
vuo,2
2ks,2
oj9,2
hsw,2
ad4,2
1jk,2
iko,2
68v,2
gi9,4
zxw,2
xwp,2
wv9,2
4uo,2
prmu,2
vpd,2
oh9,2
6gy,4
ec8s,2
x9e,2
sqcj7,2
uft,2
8djpo,2
zmw,2
dmn,2
xbx,2
oer,2
yc0o,2
tdd,2
xad,2
94c,5
ws2ys,2
wex7v,2
72b,2
ro6,2
ulrj,2
kv7s,2
rie,2
ysa,2
0ez,2
dmi,2
s0k,2
8hv,2
nx2,2
seb,2
g0f,2
9ov,3
c3a,2
dgz,2
iob,2
rn87,2
i7d,2
clz,3
kxo2,2
v2y,2
8os,2
k98t,2
qxrr,2
lboc,2
2sj,2
3em,2
znm,2
olv,2
1rz,2
jqf,2
7on6,2
on6,2
uiv,2
m3s,2
6yk,2
mpf,2
4fk,2
vym,2
inso,2
dfx,2
epbb,2
lafq,2
nts,4
nvw,2
uev,2
ceob,2
9ms,2
mct,2
nsc,2
t8p,2
not6,2
242r,2
ud1o,2
4fl,2
s5em,2
zcm5,2
bss,2
smw,2
bg46,2
243w,2
6rjv,2
elsm,2
cb9k,2
15dxk,2
u1q,2
de6t,2
oks,2
ojv,2
n3r,2
6ma,2
q6x,2
ss5q1,2
txgt,2
f1b,2
eu9,2
isx,2
wam,6
ynu,2
aok,3
tykm,2
xkp,2
fc3,2
bs7,2
jhngx,2
ced,2
ymz,2
x7z,2
23z,2
ybs,2
jja,2
rfq,3
3i9h,2
4twj,2
nka,2
gcm,2
o79sy,2
s9v,2
zpl4,2
fg2ms,2
fl0,2
uaoo,2
v9l,2
vvkk9,2
k0oi,2
cqw,2
mdq,2
fgc,2
0fn,2
sok,2
3ez,2
5x5lkn,2
f6y,2
yu8,2
t9gs,2
5is8,2
cnh,2
lke,2
jxw,2
q9c,2
ilp,4
eoj,2
r9q,2
wt0,2
28s,2
nxhax,2
wfk,2
38k4,2
0hsp,2
10n,2
6rm,2
ksmb,2
a2e,2
mji,2
oim,2
9kc,2
ndy,2
vey,2
o0jk,2
w2y,2
uq5,2
umu,2
ysn,2
yiwb,2
eoe,2
8lx,2
8rdk,2
opz,2
mkb,2
puj,2
7pv,2
kt1,2
dgp,2
ose,4
sagk,2
qyn,2
nw3,2
mks,2
s77,2
w8j,2
q1p,2
knq,2
rzw,2
1u3,2
wxb,2
2uyf,2
rvj,2
uvr,2
0wn,2
jetk,2
p1b6,2
46n,2
2si,2
q619y,2
xzd,2
1c9,2
onv,2
ea1,2
x9e2,2
yvj,2
xgdw,2
5gc,2
gikd,2
rpfe,2
j6q,2
j9c,2
5at2,2
cgl,2
qiee,2
dezh,2
c9gy,2
cl7,2
4kk,2
8xb,2
xcez,2
tvdzxof,2
4er,2
3hv,2
zcmv,2
tkt,2
c2n,2
nmu,2
wpc,2
hzi,4
q30n,2
kwjo,2
1vpf,2
ovs,2
slt,2
ofbr,2
7xg,2
sqy,2
o8mf,2
8hb,2
tx8,2
ued,3
k0n,2
8wu,2
ryv6,2
7wz,2
2pq,2
71v,2
blr,2
gzw,2
lb5,2
vk3o,2
noml,2
jwuk,2
y5d,2
4f2z,2
lb8fs,2
uwy,2
waey2,2
bpi,3
7cy,2
y7y,2
kag,2
nh0v,2
voj,2
ovq,2
tfp,2
pwm,2
ix4,2
xyf,2
jeyw,2
cyw,2
kka,4
z5u,2
4ef,2
nyy,2
qnfe,2
6sx,2
mbvl,2
ic3s,2
osz,2
4bk,2
lmqw,2
tmy,2
dvq,2
sawj,2
us0w,2
8iy,2
hnj,4
swq,2
6aa,2
7zd,2
nv4,2
kwj3z,2
oyi,2
vzwmv,2
pnmo,2
i2o,2
3uc,4
pxtn,2
7yy,2
va4,2
na9,4
ufm,2
ojm,2
kox,4
7cg,2
wiom,2
y45,2
sf0,4
umke,2
5zme,2
9gp,2
njqy,2
p6z,2
lja,2
4c6,2
tcfn,2
cg2,2
uhh,2
tpill,2
8ne,2
bmn,4
k3e,2
wlt,2
vue,2
gyz,2
kbr,2
nuv,2
5qc,2
siv,2
z3b,2
jzv,3
vkb,2
eknv,2
owwj,2
95f,5
nc2,2
fsj,2
xcc,2
xwho,2
k9w,2
zsc,2
zpc,2
izso,2
yel,2
usni,2
16x,2
9gob,2
dmc,2
oyh,2
uf4,2
1jp,2
bt1,2
aki,2
lqe,2
n4r,2
fkb,2
8pes,2
h9bk,2
vyr,2
wsf,2
sxf,2
1gd,2
vkx,2
wcq,2
yko,2
yz4,2
inu,2
4ie,2
nzw,2
kkn,2
5ew,2
4vv,2
1na,2
57r9,2
xwd,3
gwz,2
u1vx,2
wamr,2
jte,2
7gh,2
zm7,2
onj,2
k85,2
j42,2
9ux,2
1to,2
zxh,2
lqz,2
gagp,2
qgy,2
qlel2,2
6tq,2
dafx,2
iqn,2
gpy,2
3ug,2
zmh,2
nks,2
lraj,2
uik,2
cfwj,2
el9,2
zfl,2
47h,2
u0qhh,2
dly,2
w2k,2
r9rn,2
t4l,2
omt,5
kvq,2
euic,2
ciu,2
qfh,2
faw,5
tnn,2
wby,4
yps,2
o6y,2
xvh,2
8js,2
mvlb,2
1oc,2
wgc,4
3g1,3
cxs,2
2dy,2
kqf7,2
61f,2
ggx,2
cc1,2
oui,2
et5,2
ytr6f,2
1w1f,2
2fs,2
3do,2
6ur,4
srik,2
ygq,2
ek7,2
i2ic,2
wh1,2
m2b,2
mzf,2
mmn5,2
hmz,2
zl7,2
9zg,2
xqn,2
qoq,2
ydoc,2
qqh,2
cm3,2
pgc,2
f4y,2
xyg,2
9dg,2
8o8,2
fnx,4
9sel,2
eepv,2
3zt9,2
m6k,2
oxr,2
lkoe,2
yw9,4
3sx,2
bm5,2
m5z,2
9rg,2
50n,2
86m,2
hvs,2
qnx,2
xoy6,2
gce,3
zun,2
f2l,2
i5z,2
x0j,2
9ls,2
3ak,2
cvlm,2
vvsgl,2
9amf,2
tnv46,2
ek0,2
6rgus,2
cjyel,2
6bu,2
vzi,2
gyf,2
r5yo,2
hoa,2
lwb,2
o6dd,2
nwd,2
9bw,2
yjs,4
emdlf,2
xvi,2
ec4v,2
vo5,2
8vp,2
huf,2
wy7,2
ruze,2
x87,2
m0ww,2
qz41vw,2
6hs,2
rij,2
yoq,2
ekz,2
f49,2
aqn,2
kzl,2
suo,2
13l,2
ia1,2
u4k,2
q2n,2
6mks,2
ggk,2
98vh,2
rzwae,2
9awry,2
8b0,2
9rh,2
tfej,2
vigs,2
2zw,4
9ne,2
obl,2
rt1,2
qpc,2
o1i,2
tia,2
mvfb,2
6jo,2
0o7,2
kue,2
nhn,2
txy,2
x8a,2
jy2,2
wyf,2
icjxsx,2
amh,2
idz,2
jgg,2
lu8,2
7lcw,2
yrh,2
afz,2
qj2,2
cnp,2
qb7,2
z60,2
o3a,2
hrn,2
xch,2
rfxr,2
uhg,2
rinwozh,2
eqy,2
9yh,2
vi7,2
jdz,2
epob,2
ow8,2
yke,2
a2a5,2
urnv,2
9tf,2
y9g,2
pwo,2
td5b,2
xmc,4
xuz,2
c4w,4
o5y,4
xob,2
5bi,2
opy,2
gag,2
ovr,2
wo4,2
ts2,2
wcd,2
mxy7,2
acd,6
bfs,26
kboy,2
cbg,2
gv3,2
sy7,2
yxw,2
qne,2
gp7o,2
4vd,2
ua1e,2
5tmv,2
z8v,4
ahm,2
xdomznt,2
cog,2
6cg,2
wbwa,2
1awx,2
e5s,2
9dq,2
ckt,2
ock,2
3qb,2
sia,2
4hl,2
qio,2
3r0,2
ykq,2
qno,2
hr17,2
lus,2
dyut,2
gei,2
eywrye,2
nctfl,2
jxh,2
xnrf9,2
1de,2
c9e,2
glh,2
d9w4,2
wzn,2
1oi1,2
fzozi,2
gng,2
ghn,2
b5v,2
gjp,2
dlo,2
uw2,2
qeub,2
dmb,2
rrg,2
uzn,2
mxq,2
1qm,2
ueyk,2
kv3,2
kl3bs,2
k56,2
cqn,2
ukw,2
veb,5
kmam,2
sef,2
nsx,2
3na,4
plg,2
4sq,2
ei5,2
yvfg,2
nn4,2
v7r,4
hlsj,2
zci,2
e3o,2
msy,2
fyn,4
s4cc,2
pwx,2
e1v,2
xsxw,2
qlws,2
7n9,2
j25,5
1k3,2
bpr,2
0o0,2
yfuy,2
dn1w,2
uuf,2
het,2
4rw,2
zky,2
kjz,2
w9f,2
9t7,2
ow0,2
gpw,2
3t5,2
kry,2
yaqu,2
qy1,2
nyo6,2
9di,2
mfl,2
qydl,2
rvw,2
35o,2
cimm,2
nww,2
uxk,4
z97,2
xoq,2
osls,2
rcv,2
mrmg,2
ttce,2
wsyy,2
fh6,2
fdv,2
wgd,3
9wm,2
6xdo,2
fq4,2
an1bt,2
aqw,2
5j4,2
c68,2
31h,2
xcur,2
oh3,2
de9,2
e7r,2
0lk,2
5gg,2
8hj,2
3eyj,2
zc4q,2
ocp,2
rqfu,2
eg86x,2
n2f,2
c7gx,2
bii,4
uzc,2
5al,2
l7r,2
uok,2
o1m,2
a7hy,2
tni,2
jgb,2
nsib,2
5sf,2
xr4,2
dzjkib,2
hggd,2
50e,2
w4f,2
18vb,2
cnf,7
o8z,2
ou7,2
06e,3
sj7,2
v4i,2
s2og,2
xbc,4
cm0,2
bcbq,2
zc475,2
nig,4
u9l,2
izb,2
kef,2
ywn,2
gwk,2
ohn,2
vmh,2
s8o,2
oas,2
4j2hl,2
q6k,2
sujy,2
igc,2
io5,2
o2e,2
etr,3
s8x,2
k8q,2
qc6,2
qmmj,2
jpc,2
0mb,5
ixx,2
lnx,2
m71zsd,2
41m,2
gho,2
isw,2
gts,2
kil,2
6ij,2
oan,4
cc9,2
3h9,2
rv1,2
8mu,2
ody,4
7qu,2
k86,2
vm4,2
eabsu,2
qc2,2
cohb,2
q7uq7,2
8bw,2
cgt9wd,2
s6j,2
wx7w,2
lnn7,2
o83,2
v1c,2
bnd,2
dj7xv,2
vpb,2
ovv,2
4bg4,2
9rf,2
aoy,2
dph,2
osc,6
o4r,2
qok,2
ikn,2
ksn,2
wtn,2
vpx,2
xw6,2
55z,2
za6,2
kwi,2
qcmq,2
mr2tr,2
q2u,3
jvw,2
kioy,2
jzo,2
jmi,2
1cwv,2
hto,2
omc,2
mu0,17
anr,2
ene7,2
op1du,2
0bj,2
socs,7
rbb,2
x6d,2
7gu,2
m0o0,2
1jt,2
4cuc,2
nj9,2
j2i,2
bo7,2
x9tr,2
iak,2
qyc,2
zil,2
7hg,2
ktm,2
z7j,2
hxx,2
3ru,2
6lz,2
rnc,2
59t,2
0cu,2
sba,2
86s,2
n1o,2
7y5,2
vwy,2
rmok,2
cdsk,2
lcn,2
awx,4
9lj,4
lrj,2
mua,2
l8v,4
aq8,2
lgl,2
9jq,2
spih,2
a5b,2
7qe,2
klf,2
7vq,2
nt6,2
f4u3,2
5le,2
iutz,2
mhq,2
mjsp,2
6uon,2
wvgwr,2
sfc,2
jod,4
mzd,2
17jq,2
z1v,2
ce3u4,2
lvt,2
xrk,2
7it,2
jwj3,2
o2g,2
dc1,2
pqnc,2
zfr,2
flc,2
ke8,2
zf5,3
y58,2
9ou,2
qrw,2
s2w,2
sl1,2
aoo,2
l0k,2
vag,2
b7fn,2
htg,2
9ld,2
xmv3,2
wpa,2
wjr,2
f7eh,2
ity,2
jnq,2
4ud3ejo,2
o4f,2
oon,2
ej1,2
rjt,2
uusj,2
iic,2
gsil,2
e7z,2
wkr,2
99s,2
h4yv,2
qlp,2
koa,2
srks,2
iay,2
nux,2
lf9,2
m5v,2
ekp,2
346,113
gmxj,2
ge4,2
zbud,2
g35a,2
a08,2
wpk,2
ezg,2
zar,2
4fg,2
chl,2
qwi,2
upl,2
sqw,2
kyly,2
kvr,2
03g,2
zma,2
2vk1b9i,2
mtg,16
umk,2
klht,2
jgxc,2
hnz,4
5ig,2
wo2,2
foba,2
cvg17,2
zif,2
r1k,2
2t3,2
4nu,2
imw,4
yb5,2
eg9,2
sqva,2
zqj,2
fkd,3
97v,2
kcok,2
s1g,2
4sty,2
tytz,2
xox,2
ybl,2
jer,2
waq,2
s2v0,2
ukf,2
x683fm,2
pee,2
sxp,2
f70c,2
l4s,2
l7nh,2
p1jv,2
3vc,2
gg3,2
kly,2
5e1,2
vmx,2
kez,2
if9,2
s8bo,2
ors,5
qyo,2
gsxn,2
6gkk,2
ukl,2
2jk,2
gmug,2
fkr,2
r18,2
mfn,2
ikf,2
nvu2,2
psv,2
fip,2
1wz,2
kf4f,2
rj8,2
uau,2
nbn,2
kq3,2
isy,2
hzg,4
acu,2
qkp3,2
vzdkv,2
yqg,2
ywi,2
oja,2
ycrw,2
qi2w,2
6cdk,2
zhm,3
2msmo,2
gn3,2
nmkl,2
fyq,2
84c,2
m3n5b5,2
cpoc,2
gjd,2
s5c,2
ylk,2
mdb,2
snc,2
c7o,2
svo,2
ly3,2
r5l,2
xjkb,2
yyrm,2
rw4y,2
7v0n,2
m1my5,2
kc1,2
jeq,2
iwd,3
tfk8,2
luzw,2
kgs,2
xp3v,2
nr2,2
oifjp,2
0aho,2
fwxh,2
9lt,2
ay9,2
gssb,2
kxm,2
tlu,2
af5,2
pgqoly,2
zxdcm,2
llu,2
oho,2
me1,2
01d,2
umr,2
bnw,2
dnp,2
9wd,2
xfct,2
tka7,2
r2jz,2
lsv,2
tn4,2
um4,2
hrut,2
mfg,2
ffo,2
vgr,2
ynz,2
fy7,2
reoh,2
w9fcws,2
cm6,3
euvdd,2
3oz,2
3eo,4
5k6,2
1zz3,2
1z6,2
d2n,2
cs0w,2
jqh,2
fss,2
acmdc,2
dcm,2
kylfc,2
gv8g,2
rhj,2
qml,2
vme,2
dc3,2
4mo,2
hlcj,2
0blv,2
l14,2
ekf,2
iioe,2
nctx,2
0pn,2
rdz,2
nok,2
yro,2
8dq,2
v45h,2
f7t,2
mib,26
dl6,2
iwz,2
qsk,2
wne,4
3f7,2
4s1,2
5zu,2
okf9,2
1em,2
ecs,2
kme,2
sgs,4
u5g,2
akd9,2
oqm,2
wmdg,2
gqs,2
zy5,2
hcn,2
6wg49,2
3ne,2
l3jl,2
2vwy,2
zir,2
e46j,2
ptn,2
jvx,3
nrxc,2
9rz,3
1gcl,2
q1g,2
w7n,2
g6v,2
xub,2
evo,2
oeyu,2
jz3,2
gm7,4
zeg,2
gvys,2
yze,2
77im,2
sj3,2
tzo,2
jjg,4
v1m,2
ftxa,2
zc3,2
wej,2
6oi,2
9cg,2
aob,3
m58,2
743o,2
7yl,2
q53,2
hzdc,2
awz,2
xon,2
jfh,2
nc5,2
p7n,2
xqw,2
oao,2
zm4,2
kbo,2
ecw,2
kauy,2
5f8,2
yfn,2
0f9,2
m3o,2
6br,2
demk,2
vvu,2
dmy,2
ytn6,2
r6r,4
hn6,2
vzl5,2
gpc,3
q1l,2
onvx,2
9lp,2
pmr,2
qkb,2
zrnqd,2
5xl,2
5ha,2
1j2,4
f63,2
rmz,2
sm1,2
dhn,2
uu2,2
7ve,2
g8ov,2
awr8,2
au5,2
8j9,2
xox5,2
d5b,2
uwq,2
shh,2
9ja,2
hrh,2
c6y,2
1dt,2
4fd,2
g8w,2
tak,3
sks,2
vzs,2
mnukv,2
poc,2
s8q,2
4s7,2
kdmx,2
j27,4
6v1,2
ykxcq,2
ye1,2
dc6,2
rjq,2
x3rm,2
2mwf,2
izy,2
k5t,2
0x1,2
w9m,2
cyd,2
sgfk,2
5bk,2
0kj,2
4lcgslc,2
32t,2
imk,2
vgn,2
rle,4
anj,2
t1jwq,2
lnm,2
gfx6,2
w2g,2
9x7,2
m5l,2
bm3,2
qiv,2
6ya,2
wdu,2
h6f,2
g6r,2
2c5,2
mbx,2
ko82,2
pwl,2
bcf,3
c3w,2
8lz,2
el3ceo,2
v9swf,2
wy4,2
riwa,2
cw7,2
ptx,2
owy,2
hni,2
v7g8,2
sbffs,2
9x9,2
5xsh,2
gzr,2
oaf,2
sgr,4
pzfp,2
y6f,2
hzl,2
smp,3
o5e,2
d5p,2
y6i,2
dzv,2
iky,4
icb,4
jsr,2
ikh,2
x6i,2
fpx,2
oeg,2
uen,2
ycr,2
03ulb,2
sll,2
ajo,2
4vw,2
hl6,2
etd,2
aql,2
6qk,2
rzck,2
qit,2
ijok,2
ub7,4
4hv,2
3z8,2
mtm,2
cyi,2
61o,2
0fk,2
mzb,2
3xg,2
zek,2
qpk,2
imx,2
trl,2
4fr,2
mzo,2
ghoir9,2
od7,2
wfm,2
ggm,2
nzbk,2
mm5,2
cmq,2
in5,2
74y,2
qet,2
p5g,2
8ru,2
guw,2
7nd,2
cgj,2
ng9,2
7ti,2
7lv,2
bv1,2
kgw,2
n4j,2
dw9c,2
c9z,2
j8re,2
qaf,2
j43,2
ebeo,2
k13,4
omd,2
ycn,2
bct,2
5nq,2
mkg,2
u3c,4
qtse,2
z3y,2
amork,2
lnv9,2
csnh,2
wqfx,2
ao6,2
spi,2
js5,2
o7j,2
qwd5,2
1w0,2
jnws,2
u7j,2
cci,2
hw9,2
wl3,2
5ud,2
y7sx,2
kdu,2
b6d,3
3nv,2
2ut,2
jt2,2
3p3,2
giuat,2
kgil,2
grs,2
vl2,2
fsto,2
kga,2
hpq,3
zfx,2
g0m,2
zkw,2
rxzjm,2
pmz,2
62z,2
ut3,2
3gf,2
caw,2
fgm4,2
oh7,2
xae,2
kgm,2
9vbc,2
6swla,2
n7v,2
tl3,2
c9t,2
oli,2
ig4i,2
3kzs,2
k1w,2
qy2n,2
bwkr,2
9nr,2
bkdmp,2
p2h,2
fhw,2
hns,2
j9k,2
wuq,2
g2x,2
2ob,2
kg8w,2
z2w,2
u8f,2
9pv,2
hbvc,2
bzs,2
yc9,2
ywdl,2
793,53
us1c,2
qul,2
slne,2
cne5,2
7tv,2
82s,2
j6s,2
r0v,2
fzw,2
1tv,2
8w9,2
zcrhc,2
o8o,2
1wd,2
7o5,2
lpo,2
otam,2
5q9,2
owiyk,2
n9w,2
5qmk,2
un0,2
nuj,2
ig2,2
z2l,2
zcdct3,2
yfo,2
xuhu,2
zdp,2
wvj,2
vgs,2
nxc,2
vbfj,2
1ejsb,2
xy9,2
wouc,2
uaw,2
8ww,2
6bf,2
xkz,2
6g5,2
ves,2
dl3,2
8bn,2
81v,2
ien,2
faf,2
mmr,2
mz4,2
mci,4
cjv,2
dxq,2
9yo,2
4vg,2
kyp7,2
9yw,2
vjr,2
8h21,2
k28l,2
nz8,2
s6rn,2
cbw,2
k9b,2
1si,2
fkh,2
kdm,2
yoh,2
pxx,2
miv,3
nkc,2
oqbw,2
ekq,2
ppoh,2
wty,2
vgh,2
2fj,2
cfb3,2
y0v,2
jp7,2
zgcs,2
u9g,2
oosb,2
ufs,2
nrk,2
rnp,2
knt,4
cdd,2
nffa,2
kh9,2
mmw,2
nq5,2
sqhx,2
u5o,2
ms5,2
e6n,2
sdg,2
12x,3
v6g,2
4pp,2
x9d,2
6vv1,2
uvqz,2
rmp,2
hb1,2
8dsbw,2
cv4,2
w8x,2
kaw,2
oxu,2
16m,2
vyj,2
enfmx,2
2c2,2
8gx,2
rjo,2
1tu,2
ivv,2
rxe,2
6ug,2
d07,2
szq,2
p5k,2
ioo,2
u8v,2
zdl,4
qag3,2
utq,2
ckh,2
gwi,2
fla,2
xwyz,2
ywii,2
mmc,2
wic,2
9lh,2
stn,2
zx5,2
w6t,4
bnl,2
s53,4
k6d,2
zrb,2
cy2,2
zfvt,2
gl7,4
ooag,2
5ur,2
9si,2
wvh,2
7uj,2
9up,2
z5yl,2
i4c3,2
ck8hg,2
2oin,2
vsk,2
2hv,2
gxf,2
shwm,2
j87,2
oaedk0,2
rye,2
diz,2
97h,5
ontz,2
w8u,2
iyg,2
dzj,2
i2a,2
kcg,2
udze,2
z8ge,2
hut,2
0wc,2
opn,2
m2ny,2
yrf7,2
g1pous,2
shf,2
y27,2
2js,2
tf6,2
zgdm,2
9cs,2
jchyv,2
gdl7,2
ijov,2
twva,2
n28,2
yxt,2
goz,2
13z,2
tks,2
iw9,2
2bl,2
f2rw,2
ozg,2
g1o,2
yaod,2
rtu,2
kki,2
vxu,2
yk6,2
bamx,2
8ng,2
fcld,2
cfr,2
uzm,2
tfb,6
nzu,2
klz,2
5fm,2
srv,13
zaa,2
m7b,2
uyl,2
sjl,2
8u2,2
qrz,2
wkl,2
kws,2
vhxg,2
mnms,2
2sz,2
p45,2
kx0,2
ae9s,2
hdx,2
rmhl,2
o0s,2
853s,2
r4r,2
cys,2
yja,2
eml,2
jh9e,2
vss,4
pxo,2
7hk,2
bmcj,2
ajy4u,2
1t1,2
xb8,2
d7eh,2
wol3p,2
lmh,2
5xnc,2
regvi,2
ogb,2
j0e,2
kt3,2
0agtp,2
5eeu,2
ioqb,2
mlt,4
eem,2
yksg,2
kmn4,2
2er,2
ub6ab,2
64y,2
pajk,2
iny,2
jkluk,2
f8l,2
pcm,2
k88,2
4pu,2
ens,2
hpzfg,2
q7xq,2
qxo,2
oy7m,2
y76,2
jdl,2
7qn,2
nqm,2
z2gn,2
bksj,2
loc,19
s5wf,2
38c,2
jpv,2
rlk,2
vu7,2
7ax,2
4ot,2
18u,2
osq,2
1uy,2
h7j,2
nqsh,2
uq3qt,2
qmy,2
t1t,2
k7a,2
rnl5v,2
wo1,2
yv8,2
yow,2
2ss,2
7wi,2
ay3,2
1qy8,2
8kg1,2
3hp,2
9u7cv,2
imi,2
3vw,2
pjr,2
cmklnx,2
ps6,2
oxa,3
1s0,2
2iu,2
cqa,7
clod,2
mrx,2
z1n3,2
jjiy,2
itx,2
yxh,2
5cb,2
bjw,2
yi8jb,2
fkq,4
szs,3
c4dovd,2
iec6,2
xcv,2
l91wx,2
y8w,2
i9w,2
5py,2
nhfl,2
sqk,2
oeb,2
i5v,2
77am,2
0jf,2
53z,2
zfs,15
wgq,2
gck,2
3o7,2
xku,2
rug,5
sled,2
27lz,2
wveq,2
cmn,2
aozg,2
hdgn5,2
edo,2
fmg,2
usv,2
cpao,2
phw6,2
oxl,2
gz0,2
f1l7,2
cnd,2
rfm,2
wct,2
qxcjnv,2
wsmua,2
9fi,2
iqk6,2
eptw,2
vlo,3
81i,2
vqc,2
ugy,2
5im,2
x15,2
o5a,2
qys,2
8ezg,2
cyag,2
rvr,2
0f4,2
bte,2
5wr,2
vys,2
7nf,2
ho1w,2
u39,2
ycl3d,2
ajsp,2
awl,2
5bt,2
ai3,2
qln,2
j9ai,2
2oz,2
66y,2
5rz,2
lxu,2
evk,2
h0q,2
lbmd,2
xjx,2
rir,2
gdh,2
whds,2
o3z,2
dvf6f,2
chqff,2
chuj2jk,2
wmo,2
tgk,2
s4i,2
lpa,2
hnk,2
o1u,2
fnv,2
gbt,4
c2he,2
x8f,2
5zn4l,2
xj5b,2
4bmtds,2
o1n,2
mkuu,2
pho,2
jah,2
fyl,2
mzyv,2
udvy,2
6zk,2
hys,2
228s,2
xtz,2
ncd,2
45jms,2
jzu,2
sx7,2
0zw,2
xseo,2
77e,5
tts,2
bfz,2
cxu,2
t9m,2
xu8,2
ltp,2
ifnp,2
acicw,2
jeqf,2
qshy,2
oed,2
xnu,2
jfy,2
jwr,2
idg,2
4zgo,2
437,54
yxzz,2
huz,2
evm,2
msgy,2
odl,2
j3l,2
7ja,2
8o2s,2
s8c,2
4e5,2
ogl,2
s8d,2
tmcn,2
2sx,2
lc2,2
e4w,2
vws,2
78cd,2
9sm,4
xfs,2
eln,2
9w1,2
iroz,2
fbl,2
rhl,2
qck,2
72k,38
hfdm,2
cd16x,2
gg0,2
bxr,2
xq9,2
tiz,2
om6,2
vqt,2
0qm,2
gzx,2
ytr,2
wxn,4
j4y,2
vex6,2
frp,2
rj5,2
uqy,2
yfbq,2
3vx,2
ej0,2
ghs,2
dxkz,2
gy4,2
o4k,2
epc,5
hw9d,2
guua,2
ri3xu,2
kwgxo,2
qor,2
vdy,2
lzs,2
iqm,2
ybq,2
7lo,2
twoe,2
awg,2
g9n,2
hb7,2
2uwse,2
4c9,2
8ws,2
0nu,2
i4g,2
7pn,2
dqj,2
svl,2
wxol,2
4ts,2
d9d,2
sjz,2
ho1,2
zwso3,2
xvp,2
o1h,2
tlk,2
vi2,2
0tso,2
2khx,2
tdt,2
um2,2
lcw,2
kyp,2
mxg,2
8wxx,2
uoi,2
2ou,2
8xs,2
hpg8p,2
tm0,2
wfb,2
oxw,4
f0n,2
xsg,2
uv2,2
vvd,2
emizo,2
rrv,2
dw8,2
y896,2
ubt,2
00r,2
hnns,2
wyn2,2
u9q,2
wj6,2
pv8,2
ouva,2
7daf,2
dua2i4,2
oote,2
0vp,2
c655,2
wa5,2
qoss,2
lek,4
mevb,2
64n,2
dsj,2
wjf,2
xqo8,2
ujn,2
lesh,2
3il,2
vvp,2
qkj,2
rya,2
goo,2
ebfz,2
zkhtk,2
5zc,2
lfw0,2
3ewu5,2
uw7,2
n1t,2
r5qj,2
pm9gx,2
p5jh,2
u2u8,2
vub,2
h9ok,2
csn,2
lxz,2
3al15,2
eec,2
cff,2
5syj,2
7vb,2
j9t,2
5a4,2
281z,2
eiw,2
pzz,2
fwg,2
jic,2
fm4,2
o3d,2
an2d,2
qzb,2
pck,2
xnw,4
tbv,2
owg,2
92uf,2
f9y,2
b5t,2
okv,2
clun,2
l8v6,2
3g0,2
0ji,2
0vf,2
s7q,2
mzw,2
zli,2
wop,2
mhe,2
w6n,2
lakb,2
ifd,2
hlz,2
qil,2
ihjb,2
mcvv,2
vgo,2
qgn,2
9iln,2
bml,2
zqx,2
9tb,2
nrh,2
9ts,2
xpo,2
6qdd,2
isc,18
wjs9,2
cv1,2
nrjw,2
dmk,2
otqk,2
ozzn,2
fsc,2
nz6,2
cjb,2
ncbb6,2
de73,2
mh8,2
kwmg,2
x7w,2
nrj1y,2
6ubv,2
ny4qcr,2
3e2,2
lb6,2
z7n,2
77l,2
4xt,2
aqs,3
yfj,2
iyp,2
atfn,2
sd0,2
bkjc,2
eljm,2
ylb,2
ddj,2
2mo4,2
5zt,2
vh9,2
g77,2
bijzf6,2
6e3,2
upe,2
qx4,2
ewsm,2
u4z,2
kdov,2
wzoz,2
fqm,2
5kj,2
3ao,2
tzph,2
a6s,2
d0mq,2
qla,2
lgs,3
18g,2
rh4y,2
zobu,2
kyd,2
e5tr,2
e2j,2
6i9,2
dgn,2
hob,2
c6f,2
t51k,2
ohzd,2
69n,2
nojr,2
frm,2
clp,2
lgo,2
tml,2
fdwg,2
9d5c,2
hhkg,2
npf,2
ss3,2
3zlmtj,2
h2w,2
r9b,2
tfw,2
qpj,2
yta,2
sbo8,2
6wj8,2
egvt,2
jkt,2
fgl,2
em4,2
wqv,2
7wl,2
b2g,2
nlc,2
vbxe,2
sq31,2
yuy,2
gna,2
muj,2
rps,3
t6n,2
mlh,2
kxh,2
ayw,2
zceq,2
vlz,2
itd,2
4qu,2
k4urx,2
ut9,2
rhw2,2
ggs1q,2
0wo,2
7s5,2
woen,2
b56xv2,2
nrwb,2
muu,2
lruhb,2
gqe,2
rer,2
h16ae,2
olg,2
s2t,2
9uh,2
mlvl,2
q7k,2
ajwfs,2
ha8z,2
fxv,2
f59k,2
jxb,2
pv66,2
6ul,2
4lx,2
qyq,2
dyv,2
ms9,2
fgr,2
6uvj,2
6b4cf,2
q7h,2
8vz,2
5mu,2
q9f,2
wi7,2
qeh,2
6kd,2
w7c,2
smar,2
2lx,2
nj8y,2
mcn,2
alrf,2
n0v,2
3tvrd,2
beyj,2
td73,2
2jmr,2
0ufe,2
9x0,2
cfi,2
dcd,2
oju,2
ltk,2
bg2e,2
hdb,2
q7moq7,2
prg,2
sye,2
cm5,2
pg6,2
1uk,2
f9qr,2
8f8,2
rpxfi7,2
tzz,2
q2o,2
vge,2
4cb,3
k7m,2
mgf9,2
qzh,2
lgv,2
pgh,2
pzf,2
6bk,2
22o,2
7rg,2
ceh,2
mc3,3
9j81,2
sam3,2
t0o,2
rkwy,2
86y,2
mr3,2
jphcq,2
xxc,2
ka9,2
j1n,2
uc3,2
xyi,2
1pg,2
orw,2
fuz,2
ohv7,2
ov7,2
fuh,4
lv6p,2
otc,2
nqw,2
8xj,2
ybr,2
yk2o,2
0zr,2
lsr,2
4166,8
jud,2
t6c,2
fnaz,2
cd7,2
bfw,2
geh,2
y3j,2
e7yn,2
fo4,2
8nrl,2
vhd,2
7jd,2
q0lcm,2
5wwr,2
2m9,2
c14,45
eq6,2
ri1,2
3ti,2
tgo,3
fgjq,2
ntmk,2
yrk,2
jnb,2
ebh,2
zp4,2
l8j,2
cev,2
yfqp,2
402l,2
p2gdf,2
3ja,2
wdd,2
ejwhi,2
huy,2
9wf,2
crjrz,2
u8c,2
swjwj,2
nsor,2
o90,2
npp07h,2
4md,2
fo8,2
3s7,2
zmn,2
afs,2
p8l,2
sz1,2
9la,2
kdw,2
b23,3
wcy,2
9pp,2
vzh,2
i9hw6,2
yu94,2
dmo,2
kqk,2
8de,2
x8r,2
cwg3k,2
ckaa,2
b8o,2
bol,2
3oe,2
wvi,2
oqs,2
fnet,2
bfb,2
fe84,2
ai6,2
h3g,2
eqku,2
x1ph,2
y3o,2
5sl,2
hrru,2
8uv,2
vypy,2
bw4,2
jwf,2
5vg,2
apd,2
omky,2
mfc,2
zvg,2
transcoding,6
posix,8
amps,2
milly,2
coda,5
odyssey,5
monet,2
puppeteer,2
powertap,2
lizhiyuan,2
impacct,2
bufscale,2
apollo,2
gatech,2
pittsburg,2
lorch,2
fnq,22
globals,22
libdynamomiddleware,31
libdynamomiddlewarearm,79
dyn,31
mwsendthreadfunction,6
mwrecivethreadfunction,6
shm,10
applicationthread,4
philpott,5
sock,4
recive,2
lvl,3
caller,5
backlights,2
mem,58
createsharedmemory,6
readsharedmemory,6
shmid,22
structuer,4
writesharedmemory,6
freesharedmemory,6
createsemaphore,6
semaphore,24
freesemaphore,6
senddatagram,6
targetip,12
targetport,12
localport,18
buf,18
bufsiz,12
datagram,12
createudpsocket,6
localip,6
upd,11
recv,6
sockfd,12
recives,4
shaed,2
implament,1
pluged,1
512,358
megs,1
avaiable,4
inot,2
device2proxy,3
proxy2device,3
mobileport,4
2939,8
proxyport,4
57363,2
semaphores,3
substituted,6
applicatonthread,4
enums,1
typedefs,1
unions,9
sched,8
fifo,4
taskset,5
schedulability,6
waken,1
syscall,1
initializes,2
cmd,3
deallocates,1
entires,1
calc,1
incl,4
preempted,1
softlink,2
macros,12
cpufreq,1
asm,5
sa1100,2
timer,4
0ul,1
vsize,1
param,5
ifndef,2
ifdef,5
ticks,1
endif,5
userspace,3
icpss,5
justifiably,1
maintainability,2
expoiting,1
oaa,7
introspecting,1
statedb,1
vertically,20
sensorium,83
concretize,1
1063596,1
1059436,1
petabytes,2
megafolks,1
timeframe,2
sometimesconnected,1
vehicular,4
v2i,2
peirote,2
lanzhou,1
beersheva,1
trusslab,3
hora,1
apsys,3
brf,1
provcam,1
octopos,2
syzdescribe,1
ncae,2
gleefuzz,1
sifter,1
vronicle,1
hotos,2
megamind,1
bowknots,1
hecaton,1
tabellion,1
mousse,1
sigmetrics,2
milkomeda,1
virtualization,8
trustzone,1
ditio,1
schrodintext,1
hotmobile,1
graspan,1
diwali,1
meenakshisundaram,12
baps,1
swaminarayan,1
mandir,1
mins,3
neeraj,2
farewell,35
vardi,7
gouda,1
ajoy,1
dutta,2
demeber,1
sss,5
elad,3
sspdc,1
jaypee,1
waknaghat,1
solan,1
poonam,1
sukumar,1
awadhesh,10
bharti,1
associat,1
9498,15
pajarola,14
sajadi,40
heo,2
eui,6
i3d,3
seamlessness,7
maxim,8
lazarov,8
gamut,12
tvcg,2
uddipan,8
rossignac,2
tweening,2
immersions,3
icvgip,9
guitian,3
marton,3
elsener,3
zollikofer,3
gobbetti,3
mkrtchyan,2
meristem,3
koel,10
siegenthaler,5
keirstead,4
remyelination,5
undergradaute,1
medalist,4
thiagarajar,3
igravi,4
aphics,2
sualization,2
8877,14
vrst,4
procams,4
allosphere,2
imagineering,2
ostendo,2
carlsbad,3
bhanu,2
chinya,2
aghajan,2
bayarea,2
bimber,2
inputimage,1
outputimage,1
zipped,2
211a,4
timings,1
flipped,1
syallabus,1
epipolar,3
radiometric,3
brdf,1
shading,6
rent,2
pratt,11
ponce,1
faugeras,1
opengl,4
hearn,23
feiner,2
wednesdays,18
muhammti,1
4231,9
cse23,1
ics6a,1
math6a,1
math6c,1
math3a,1
crispening,1
ananlysis,1
raber,4
sanqi,7
seyed,7
amirhosein,4
mohaddesi,4
rasterization,2
hmd,3
zhongqi,11
leming,8
yitian,9
siraphob,8
limprapaipong,4
shader,1
foveated,1
translucent,1
translucency,1
saliency,2
harmonization,1
perceptually,6
retinex,1
roughness,3
ergo,1
reflectance,1
crowding,1
sayeed,4
devalois,2
shaders,3
animate,3
entail,3
1ta,1
lavalle,2
abberations,1
remapping,1
trainings,1
splays,1
tiled,47
dreamworks,1
diez,1
upsacling,1
mitsunubo,1
sugimoto,1
juang,4
ezekiel,8
bhasker,8
pixar,1
superimposed,4
dongming,3
j26,3
kuchera,1
morina,1
wrighta,1
wakefielda,1
robertsa,1
addertona,1
llerer,1
j24,2
kiarash,3
shih,4
j23,3
j22,2
dichromats,1
menezes,1
visweek,1
j21,2
j20,3
j19,3
j18,3
j17,3
zygmut,1
pizlo,5
j16,3
primaries,1
shiftable,1
kazuhiro,1
hiwada,1
atsuto,1
maki,1
j15,2
domes,7
uncalibrated,3
j14,3
extruded,3
j13,3
j12,4
j11,4
j10,3
markerless,1
distorted,11
jsid,1
491,79
calibrated,2
ruigang,3
c40,2
seam,1
c39,2
mahdi,7
abbaspour,6
tehrani,8
rehimzadeh,1
c38,2
conglomeration,1
c37,2
destefano,4
zarandi,2
cerussi,2
9319,23
c36,2
mser,1
jinseon,1
caip,1
c35,2
iher,3
iccp,3
c34,2
graphviz,3
sangwon,4
c32,2
c31,2
spinal,3
kierstead,1
c30,2
c29,2
adict,1
c28,2
ghoroury,1
c27,2
c26,2
c25,2
c24,2
c23,2
c22,2
c21,2
bezier,5
minneapolis,14
c20,27
c19,59
c18,3
c17,3
c16,3
luminance,2
kartic,3
subr,3
iciap,1
c13,35
c12,3
3527,8
3530,1
c11,3
c10,3
mccrory,1
papka,2
pixelflex2,1
raij,1
gennette,2
herman,4
towles,2
photometrically,1
eurodisplay,1
binns,1
hereld,1
judson,1
leggett,1
mccroy,1
accelarated,1
charcoal,2
amination,1
zue,1
stitching,6
seales,2
waltham,1
cylinders,9
caves,2
icvideo,1
combinatorics,203
mastodon,2
eppsteins,2
wikiproject,2
signpost,2
biplanarity,15
blowups,16
rectangles,161
siobhan,3
asbmb,2
sosa,11
kobourov,94
forensics,4
benefiting,3
subdivisions,22
dapra,3
guis,3
hospitality,3
pond,3
erd,24
orcid,5
8943,10
191x,3
spaa,34
alenex,33
acda,3
spatialgems,3
ccsw,3
wads,160
drwaing,3
24rd,3
waw,3
analco,6
wea,3
waw2007,3
acns,3
colloq,4
icalp,30
socg,41
wae,4
focs,55
tiemersma,6
concisely,1
lemmas,2
paragraphs,8
transitional,3
doubtless,1
conceding,1
deflecting,1
concession,2
assertion,2
glancing,1
demonstrative,1
mistaking,1
illustrative,3
syntactical,1
monotony,1
prepositional,1
parenthetical,1
infinitive,1
adverbs,1
subordinating,1
participial,1
modifies,7
jfif,2
xcanon,1
0221,6
icc,14
0adbe,1
mntrrgb,1
acspappl,1
adbe,1
cprt,1
2desc,1
kwtpt,1
bkpt,1
rtrc,1
gtrc,1
btrc,1
rxyz,1
gxyz,1
bxyz,1
curv,3
3br,1
456789,1
cdefghijstuvwxyzcdefghijstuvwxyz,2
56789,1
x7n,1
rpa,1
2qt,1
bd33u,1
jmo,1
kikk,1
aay8,1
locd,1
shion,5
fukuzawa,4
ryuto,4
illickan,17
vinesh,4
songhyu,1
evrim,2
ozel,2
ramtin,1
afshar,1
osegueda,15
nil,84
mamano,61
besa,17
birla,1
goa,1
devanny,56
boostkpi,1
pawel,2
pszona,10
zalando,1
trott,32
strash,44
nodari,7
sitchinava,38
breno,1
medeiros,1
dehli,2
szalay,1
quinnipiac,1
lenore,1
cowen,1
orletsky,1
ramaiyer,1
mujtaba,1
ghouse,1
lozzo,23
jawaherul,4
alam,25
maarten,4
loffler,3
nollenburg,3
gajer,1
barequet,34
puzzlers,5
160e,3
269s,1
homeworks,86
plagarism,1
clearance,1
waitlisting,1
bacc,2
40a,1
gpas,2
notics,1
circumstance,2
authorizations,2
h32,2
jeanne,1
clery,1
readmission,29
strategize,2
withdrawal,11
readmitted,5
withdraw,12
withdrawing,1
ugsao,3
refunds,2
readmitting,1
readmit,2
enrolls,1
probation,1
consecutively,1
withdraws,1
undegrad,1
baccalaureate,4
illegal,1
infringement,2
allegations,1
suspension,3
chromebooks,1
1080p,1
backpack,1
backups,1159
expiration,2
reactivate,1
helpdesk,549
quota,7347
restored,6
offense,3
capriciously,2
bboard,2
disagreement,4
infractions,2
offenses,6
lowered,2
suspended,37
penal,2
502,59
backlinks,1845
sitemap,2633
privileges,74
mounting,114
samba,148
sshfs,131
nfsv4,94
vscode,373
requesttracker,921
acct,8
onboarding,76
pagesource,260
noncommercial,263
1jdvjsxz,1
8prttsyr6w9lcnvse1u,1
oqrdxmmpez5z6za,1
q4a1p8ulkt57,1
webapps,760
dokuwiki,163
indexmenu,4
navbar,1
loginok,56
checkin,306
examtrak,97
ldap,88
centralizing,5
gradinfo,71
imports,4
unl,4
unlisted,4
accounttype,4
stylesheet,42
chatbotid,42
ggwjv5lubfd5fcjrzxeqtrocdxcs4vyfaqo2,42
chatbottype,42
messagebot,42
showdelay,42
customtext,42
icsdc,89
pasted,169
thumbnails,85
dougljl3,35
20251015,28
080553,28
revisons,66
revert,66
jupyterhub,227
supportedos,107
proofpoint,185
gitlab,297
rstudio,201
trellix,69
fireeye,76
endpoint,119
nessus,325
dtr,24
77051,102
tsm,103
maintentance,105
openlab,1113
gsu,28
keytool,24
ntfs,24
usb,25
announcments,92
gsuite,164
auth,63
rosters,8
absences,8
shibboleth,8
icloud,19
591,92
shortcuts,9
tensorflow,48
ollama,54
gunicorn,18
rocker,13
jupyterlab,58
scipy,30
inf124,95
sylabs,3
cuda,63
rocm,3
cgroups,6
singularityimages,9
spring2020,3
escalation,8
daemon,20
fakeroot,15
subuid,3
subgid,3
65536,8
gid,4
centos7,99
unpriv,3
initadd,9
cow,12
godlovedc,9
lolcow,18
infon,3
hansiskewl,12
pgdata,6
var,86
writable,32
postgreseql,3
5432,11
mkdir,18
11434,13
biaslab0,6
tiangolo,3
meinheld,3
flask,3
gunicron,9
8888,12
8080,23
ics124,60
simg,45
dirs,13
driectory,3
systema,3
scp,9
intoy,3
circinus,203
ecdsa,3
sha256,24
jddej7mjbngem3o2icdpg5kcvxi6vk,3
kmiy4u,3
esppc,3
catalina,7
13kb,3
5mb,3
7661,11
8mb,9
731,118
jaspic,6
643,67
5kb,3
2313,12
3916,14
7588,10
2633,7
configureation,3
pwd,8
sed,3
8082,25
phpapache,15
apache2,25
dockerfile,6
php7,3
php73,15
vers,3
3838,14
swiki,30
doku,74
helpsdesk,3
fakegroup,3
sifs,3
switche,3
20230217,6
imagefile,3
tmp,27
ipynb,4
spring2021,15
8005,10
3307,17
instanced,3
backgound,9
step2a,3
numbed,6
arcus,26
gcr,3
deepmath,3
cd784148e3483c2c86c50a48e535302ab0288bebd587accf40b714fffd0646b3,6
95ae70b7d39f173627bc2165f9e7e3e441f950cde089e0220e5d6a0154485f04,6
041b6225e8dc11f4dfc0e2d7166876199e45414f7fdec3ac155131a15cf64219,6
3575906fc4d6c3dbe993067b7fca7ff4ce14470237f597c8dd4c077171ecddcb,3
kib,6
unpack,10
openmpi,5
btls,3
hyc541978023,6
3kib,6
kiwi1,6
6055c803d1ca03b4d869700ee0e8a92fa4b83244a923b45de843f5d90337f9d8,3
signage,24
notebood,1
kbhagatw,2
terraform,3
coldline,1
expedite,3
cloudedugrants,1
venice,9
mutlple,1
mange,2
unfurls,1
compartmentalize,1
babaks,6
allofus,3
chosse,1
creatin,1
consumerprocurement,3
glcoud,1
gcloud,3
0116c6,2
256853,2
ad1005,2
yaml,6
dutran,627
juliojr,2
luciad,2413
vipada,49
wdcohen,246
rostami1,1
orderadmin,1
bwximgb1514,1
22h2,8
14c25efc,8
ecb7,8
4ce6,8
a3dd,8
7e2e24476997,8
windows10,32
eol,44
pnimsomb,400
kerberos,82
glossary,9
impersonating,5
limted,4
deprecated,130
centos8,26
rhel8,7
rhel7,5
centos6,18
rhel6,5
netapp,17
ontap8,7
omnios,7
nfs3,8
nfs4,12
smb,10
vagrant,49
pkg,16
keberos,4
distro,7
caveats,8
kerber,5
meats,4
cabinet,76
chown,4
irreconcilable,4
autofs,7
kickstart,6
definable,9
749,79
plotting,7
cran,3
contrib,3
routines,16
curl,6
869,44
ics46,9
829,44
953,44
emailproofpoint,3
quaratine,1
smbfs,12
opengpu,211
relinking,55
20250905,43
221549,7
screenshot,12
120108,9
094915,6
0949141,6
094914,6
094912,6
094641,6
094610,6
pxl,11
20241015,11
232034386,11
362,104
interwiki,15
sectioning,6
datafiles,4
quickbuttons,3
italic,9
monospaced,6
subscript,9
superscript,7
backslashes,9
whitespace,14
linebreaks,6
newlines,3
splitbrain,14
brackets,12
pagename,15
pagenames,3
nonexisting,3
camelcase,3
bookmark,3
workaround,3
userscript,3
nosmblinks,3
parentheses,9
footnote,8
notoc,6
dashes,3
curly,11
resize,13
resized,6
200x50,6
de3,3
whitespaces,6
filename,3
unordered,16
indent,3
indention,6
smileys,9
replacements,3
converts,8
emoticon,3
fixme,3
deleteme,3
typographically,3
640x480,3
col,112
colspan,12
headers,8
tableheaders,3
rowspans,3
rowspan,3
xxxxxxxxxxxx,18
nowiki,9
smiley,6
indenting,7
indented,7
preformatted,6
sourcecode,3
geshi,6
highlighter,3
helloworldapp,6
println,3
6502acme,3
6502kickass,3
6502tasm,3
68000devpac,3
abap,3
actionscript,6
actionscript3,3
algol68,3
applescript,5
autoconf,3
autohotkey,3
autoit,3
avisynth,3
awk,8
bascomavr,3
bash,116
basic4gl,3
blitzbasic,3
bnf,3
loadrunner,3
caddcl,3
cadlisp,3
cfdg,3
chaiscript,3
cil,3
clojure,3
cobol,3
coffeescript,3
csharp,3
cuesheet,3
delphi,11
ecmascript,3
eiffel,3
erlang,3
fortran,3
freebasic,3
fsharp,3
gambas,3
genero,3
genie,3
gdb,4
glsl,3
gnuplot,3
groovy,3
gettext,3
gwbasic,3
haskell,4
hicest,3
hq9plus,3
html5,12
inno,3
intercal,3
java5,3
kixtart,3
klonec,3
klonecpp,3
lisp,6
llvm,3
locobasic,3
logtalk,3
lolcode,3
lotusformulas,3
lotusscript,3
lscript,3
lsl2,3
lua,3
m68k,3
magiksf,3
mapbasic,3
mirc,3
modula2,3
modula3,3
mmix,3
mpasm,3
mxml,3
newlisp,3
nsis,3
oberon2,3
objc,3
objeck,3
ocaml,6
oobas,3
oracle8,3
oracle11,3
oxygene,3
pcre,6
perl6,3
pic16,3
pixelbender,3
pli,3
plsql,3
povray,16
powerbuilder,3
powershell,3
proftpd,3
prolog,5
providex,3
purebasic,3
pycon,3
qbasic,3
rebol,3
rpmspec,3
rsplus,3
scala,3
scilab,3
sdlbasic,3
smarty,3
systemverilog,4
tcl,3
teraterm,3
thinbasic,3
tsql,3
typoscript,3
uscript,3
vala,3
vbnet,3
verilog,3
vhdl,3
vim,8
visualfoxpro,3
visualprolog,3
winbatch,3
whois,3
xbasic,3
xorg,3
xpp,3
z80,3
zxbasic,3
myexample,6
myfile,3
foo,12
uppercase,9
2px,3
dashed,5
simplepie,6
dhm,3
12h,3
slashdot,3
nocache,3
rerender,3
regad,3
santalucia,3
htmlok,6
machuca,3
bezzaza,3
gohr,10
samuele,5
tognini,3
gerrit,3
uitslag,3
sortable,3
anael,3
mobilia,3
slider,47
anika,3
henke,3
divs,3
walbert,1
wikimatrix,1
mailinglist,1
1760122584,1
1760122467,1
1760122382,1
1760122350,1
repo,79
amd64,10
jammy,10
yum,31
repos,9
centos,70
baseurl,9
centos0,9
gpgcheck,9
edr,8
nessusagent,75
enablerepo,10
aca,67
sbin,350
nessuscli,72
84bd6d8fb397eab26eeac5da94090cd74601095515492d14e7658defaa702084,39
relink,10
unlinking,17
unlink,17
systemctl,52
nessucli,10
457,85
secs,8
202509260628,8
configs,8
1758990201,8
1758998781,16
installnessusagent,2
servername,7
fail2ban,21
rootkithunter,7
heldpesk,14
netreg,3
permament,3
statick,3
mailer,3
postfix,9
firewalld,12
fedora,4
iptables,24
netfilter,3
ips,3
rootkit,6
huner,3
rkhunter,3
unsecured,6
openvpn,3
rsh,4
connecsion,3
encrypting,11
revsys,3
quicktips,3
openssl,6
digitalocean,6
stunnel,5
refman,3
dport,6
3306,10
securingservices,3
fireeyeendpointexample,3
929,41
589,53
fireeyeendpointtaskbaricon,3
774,61
924,53
684,165
classic1,3
loginitems,3
718,80
settings1,3
settings2,3
settings3,3
settings4,3
settings5,3
uncheck,4
1254,12
904,84
recieve,8
subnet,1
oitvulnerabilityscanner,1
646,85
bakonis,9
rbakonis,8
bigfix,6
sophos,2
expired,5
treillix,1
ansible,5
centso7,1
xagt,6
hexshj633,1
hex01,1
whitelisted,1
whitelist,2
installer,2
fixlet,3
masterhit,4
webfiles,2
xythoswfs,1
webview,1
6521187,1
xagtsetup,2
taskbar,1
delegation,1
prefixes,8
grabs,1
gsao,1
putty,14
unenrolled,2
lockout,2
bastion,3
exporting,7
xxx,8
xxxx,1
sendenv,7
lockouts,1
webauth,3
fqdn,1
deny,2
pam,9
opportunistic,1
aborted,4
symptoms,38
sshd,12
31254,1
2222,6
uninstall,3
reinstall,6
prompting,14
vpn2,49
rebooting,7
uninstaller,1
pkgutil,4
anyconnect,10
uninstalling,1
bomgar,1
screenshots,11
campusvpn,26
357,128
1760130666,1
1760130554,1
1760046844,1
1758999474,1
crah,144
colocate,12
rack,121
mountable,20
elevator,11
idrac,20
ipmi,29
ilom,20
oob,36
tpm,16
installations,10
passphrase,25
racks,10
pdus,8
ipv4,185
ipv6,64
chassis,17
deracking,8
toolless,8
208v,8
rj45,16
120v,8
240v,8
nbd,8
sqft,8
btu,8
495k,8
dcim,13
requisition,8
ewaste,40
disposing,8
aire,8
glycol,8
2034,24
371862,8
370331,8
bsas,8
switchport,8
observium,13
poweralert,24
00066745cc57,8
n06,8
b12,8
3023,26
c2950s,8
085,76
00066745cc50,8
a13,8
c2950g,16
046,80
00066745cc51,8
h04,8
a04,8
045,109
pallets,10
orus,3
consulted,4
resetting,4
passworod,3
shipped,3
3426,6
dock,7
unscheduled,3
quadrant,21
6445945,3
8406228,3
96z,3
664,54
1759187394,1
designpagev2,2
prevorigin,2
neoportalpage,2
subpage,2
pfpuaobqm0izzhqxbkyhcw8wqiqhlw1gr,2
pvapvkobtuoufwrdk1ofy0n0ywuta0rldrn0o2rkfqusqlqcn0pwcu,1
pvapvkobtumjnys0pnu0vptjruuk9hotzbula0tuuxriqlqcn0pwcu,1
proptag,8
crac,2
20difference,1
20between,1
20crac,1
20valve,1
20provide,1
20cooling,1
computingteampublic,1
spo,1
ez6i5whogvlpnweag9sa,1
mqbvto,1
caxjuyfn,1
lxbymvy8q,1
dlos0d,1
unauthorised,1
prosecution,1
zotdefend,6
m365,5
wpa3,1
repurposed,1
err,17
nvml,2
nvlink,4
exxact,4
mprime,2
1155663,1
skipped,4
blacklisted,1
grub2,6
blacklist,4
nouveau,6
grub,19
cmdline,5
modprobe,1
cfg,3
mkconfig,3
bios,3
uefi,1
lsmod,1
grep,16
initramfs,6
uname,4
dracut,1
smi,28
latched,1
fuser,1
skipping,1
kmod,2
el8,2
x86,11
uninstalled,1
dkms,1
reinstalled,6
dpkg,1
rmmod,4
modeset,1
uvm,1
nvarr,2
gsub,1
00000000,1
slot,30
overheating,1
gpu0000,1
realloc,1
nvlinks,2
topo,1
gpu0,2
gpu1,5
gpu2,2
gpu3,2
numa,3
nv2,4
legend,36
pcie,10
qpi,1
phb,1
pxb,1
pix,1
custhelp,1
3751,6
vbios,1
pstate,1
atlassian,2
servicedesk,2
632029199,1
755041176,1
loaned,1
thinkpad,2
7410,5
lenovo,1
e460,1
e7440,1
sustains,1
vcl,2
glut,1
emacs,4
gimp,1
altera,4
modelsim,4
quartus,1
gsview,1
ghostview,2
ghostscript,1
gns3,1
irfanview,1
jetbrains,1
clion,1
pycharm,1
junit,4
mingw,1
mobaxterm,3
notepad,1
pydev,1
subclipse,1
racket,1
byob,1
textpad,1
weka,2
apporto,1
1759187316,1
1758902231,1
1758901731,1
byod,36
sora,14
2607,23
f538,18
cs1,18
b05,18
addressins,14
1760747449,1
255uci,13
1761001969,1
1760747435,1
1760747229,1
1760747056,1
poison,184
srun,89
supermicro,9
7049gp,9
trt,17
xeon,31
4114,15
20ghz,9
gp102,9
12gb,8
480gb,9
asus,12
k14pg,12
d24,12
epyc,26
9124,26
3ghz,23
20gb,12
gddr6,12
5tb,9
rsa,41
openhub,4
queueing,13
reniced,10
cleanup,4
rbash,4
ksh,7
ksh93,4
tcsh,5
zsh,4
tmux,4
nologin,8
rksh,4
systemd,5
dbus,8
fsnotifier,7
clangd,4
cpptools,9
xdg,4
balancer,13
5555,17
shells,141
offending,5
keygen,16
restoration,1
20250826,4
110942,4
1419,10
1251,9
computerscience,4
683,104
3370,4
onedrive,21
tardigrade,155
bodleian,11
onedrivefilesystem,2
googledrivefilesystem,2
fileserver,5
provisions,1
office365,2
servicedescriptions,1
unmanaged,7
thes,1
hogs,1
quotad,1
usernme,1
chmod,5
cifs,8
acccounts,2
rclone,24
remotes,4
unclick,2
accidently,2
sgroup,8
refn,1
crontab,1
doit,1
documentations,1
headless,4
oauth2,1
202264815644,1
googleusercontent,1
authorize,1
documetation,1
bashrc,2
homedir,2
testfile,2
versbose,1
perms,6
0700,57
0600,40
mountpoint,3
gdrive,3
750gb,1
bwlimit,1
590,6
zhaofel1,4
379,85
687,78
openlab22,4
cli,10
luser,13
velox,30
acdc,51
motorhead,52
1757383557,1
openlabdirections,11
1757383505,1
quickstart,5
xsrf,3
certficate,2
gfortran,1
valgrind,1
iftop,1
iotop,1
lshw,1
mtr,1
netstat,2
vmstat,1
tcpdump,2
forking,1
customizations,2
unresponsive,6
scypi,1
launcher,4
initdb,1
pgsql,5
logfile,1
jhub,7
popup,1
myenv,3
ipykernel,2
intellisense,1
cdr,76
fork,1
goharbor,3
libpaths,2
xfce4,2
ics51,1
ics53,5
redeploy,1
sftp,11
711,59
777,65
elnino2,233
elnino,5
duoldap,1
duoauthproxy,1
authevents,1
preauth,1
silently,2
hook,1
sendtoken,1
defunct,8
duosupportdesk,2
ics45c,1
screensaver,5
pidof,1
preventative,5
saver,4
allowprivilegeescalation,1
17071,5
ctlaltdel,1
73286,1
kubectl,5
junjies1,1
0711,1
73077,1
dingruiz,4
failedkillpod,1
2m19s,1
x55,1
111m,1
kubelet,1
killcontainer,1
killcontainererror,1
timeout,1
reinstalling,1
k8s,2
n023,1
h60c5e9f8,1
reviewnb,2
gitplus,2
labextension,1
ingress,1
anylonger,1
1734471966,1
ubnuntu,6
1733851489,1
1760568148,1
relaystudents,6
mm7dc25cb68f,1
102022,1
1760568130,1
1760568107,1
1760568065,1
1004,9
1756859587,1
deactivation,93
expungement,101
fye,24
enrollees,19
labguidelines,10
1757380173,1
1757380701,1
1757383059,1
messagee,5
1757387403,1
1757389522,1
1757389535,1
1758916081,1
1758916297,1
1758916315,1
1759026945,1
expenditures,6
libvirt,4
kvm,4
298,99
579,69
launchpad,6
perms1,2
kohlerr,1
364a,3
364b,9
infomation,3
elms,2
expressly,1
phraseless,1
unencrypted,1
aaaab3nzac1yc2e,1
prerequites,1
sbatch,89
8gb,40
gres,11
getsockname,1
identityfile,2
netid,1
lefthand,1
forwardagent,2
groupleader,12
ventura,4
contextually,1
cyberciti,1
jumphost,2
bdnt,1
keyfile,1
icsuser,11
dsa,1
altkeyname,1
computure,1
exmaple,1
icsgroupleader,9
cyberduck,1
moboxterm,1
ucommonly,1
751,77
reinstallation,1
hijacked,1
macintosh,16
droidwin,1
outward,2
keepass,2
gplv2,1
1password,1
youc,1
nnots3e,1
suspicion,1
microsof,1
unmanged,1
purestorage,133
flashblade,133
40gb,3
uplink,4
automounter,1
localfs,1
locafs,1
256gb,34
tbs,1
99t,1
13t,1
86t,1
hangouts,7
mangalam,1
hjm,1
howto,2
whitelists,1
yourusername,1
ungraduate,1
smbclient,5
ptanteater2,2
panteater2,1
panteater,288
filler,1
utils,1
sambaserver,5
anteater0,1
subdir,1
browseable,1
printable,2
0644,1
0755,2
fedorasolved,1
linuxjournal,1
8904,10
fusermount,4
setgid,1
ailab,4
rootpw,1
netgroups,1
idmap,4
mnt,2
mounts,2
medusa,3
hankwu,5
disk00,1
unmount,2
yourkeyfile,1
localuser,1
onegig,5
2100000,1
722,59
iozone,4
rac,2
data2,1
xls,9
3416,6
452381,1
3791,7
206349,1
3942,9
507937,1
868029,1
6429,12
lstat,1
histfile,1
725,80
hutz2,1
6671,15
531746,1
6594,8
031746,1
10334,5
2619,5
10330,5
34921,1
patched,16
cs346,1
2130,5
unethical,3
worms,4
trojan,1
spoofing,7
forbids,6
diskettes,1
abortion,7
hun,1
dred,1
interrim,1
ment,1
cuss,1
impositions,1
rigidly,10
flagrant,1
annoy,1
printouts,3
polices,2
0422021,3
899,38
1161,10
daemons,4
pyslurm,14
sacct,11
sacctmgr,74
salloc,5
sbcast,3
scancel,9
scontrol,16
sdiag,3
sinfo,22
sprio,8
squeue,17
sreport,3
sshare,5
sstat,3
strigger,6
sview,3
sge,117
equivalences,3
equivalencies,2
nodelist,8
requeued,2
requeue,7
slurmctld,13
slurmd,7
nodename,7
paramteres,2
passthrough,7
vcscode,1
fairshare,12
consumable,3
monolithic,2
hpc3,5
complilation,1
maxjobs,11
2ghz,2
96gb,17
x5680,2
33ghz,1
hermod,9
opteron,6
6276,15
192gb,3
odin,23
6378,12
4ghz,3
512gb,7
tristram,7
6380,5
5ghz,3
vulcan,1
7663,13
ai4science,4
blazar,4
7702,18
0ghz,6
7h12,1
6ghz,2
hypernova,4
2650,5
64gb,2
kilonova,2
2695,7
neuromancer,5
wintermute,4
5218,13
768gb,4
7662,11
7643,13
1024gb,6
bayonet,25
15gb,1
1620,1
31gb,1
biodatascience,5
benedictus,4
x5675,1
07ghz,1
invictus,5
x5650,2
67ghz,2
2630,3
datalab,43
1ghz,2
2265,11
50ghz,1
e5620,1
40ghz,2
30ghz,1
e7420,1
13ghz,1
128gb,2
drg,333
9175f,1
a6000,3
liv,2
7763,7
pedigree,68
deepreasoning,1
7302,14
24gb,1
csc64,4
2640,1
6242r,1
10ghz,1
titans,1
cronus,4
hyperion,4
oceanus,3
tethys,4
6234,10
zhanglab,1
laniakea,1
9554,8
h100,1
nvl,1
broadchurch,6
slurmdbd,1
mariadb,2
fysik,1
niflheim,1
sattach,1
ntasks,6
sleeper2a,1
snippet,1
myoutput,6
jobid,14
myerrors,4
kiwenlau,1
trapezoid1,2
lib64,2
trapezoid,2
mpicc,1
uncomment,1
kewl,2
mpirun,2
baldig11,1
arrayjob,3
4000m,4
schedmd,2
openlab20,6
statecompact,2
freemem,2
allocmem,3
cpusstate,2
cpusload,2
gresused,2
85503,1
89736,1
96000,7
83852,1
84050,1
80303,1
92160,2
93486,1
11n,2
10a,4
13c,2
10o,2
10e,2
15g,2
15h,2
hostnames,1
oversubscribe,2
91897,1
virtualenv,2
pyslurmenv,2
cython,2
vault,13
alloccpus,2
reqtres,2
specfied,1
jobname,2
maxrss,1
maxvmsize,1
nnodes,1
ncpus,1
jobib,1
workdir,2
submitline,1
baldig,4
igb,24
rnail18,21
defaultaccount,3
yuzok,1
genera,1
rnail,2
n100,1
sbacast,1
queued,1
scrontrol,1
circinux,1
10g,1
multifactor,2
pty,6
qsub,5
qstat,6
openllab,1
myjob,7
arg1,2
arg2,2
arg3,2
pyexec,2
qacct,1
parition,4
terminates,5
cwd,2
chdir,2
jobe,1
exited,1
accountingstroageenforce,1
accountingstorageenforce,1
adminsitration,1
name1,2
name2,2
priorityweightqos,5
partitionname,1
maxtresperuser,3
maxjob,3
maxsubmit,5
maxtrespu,5
maxjobspu,7
usagethresh,3
maxtres,5
maxtrespernode,5
maxjobspa,7
usagethres,1
ammount,1
calculatd,1
summing,8
grptres,2
2040,5
7507200,1
hogging,1
rockford,95
rawshares,2
normshares,2
rawusage,2
normusage,2
effectvusage,2
levelfs,2
grptresmins,3
tresrunmins,2
1350500301,1
6347963208049,1
2539186,2
125000,8
706791307,1
523355,2
238844,1
6347961961114,1
2539184,2
34002726,1
025178,2
964676,1
1246934,1
20429774574,1
2493,5
000002,3
7691e,1
248869,1
000184,2
678,58
316926,1
401204,1
000297,2
764570,1
742144328,1
6347963192569,1
010000,4
707455356,1
953258,2
209807,1
6347961946294,1
300000,1
34036628,1
045863,2
541285,1
1246274,1
20418961134,1
2492,7
000003,2
9769e,1
248784,1
000335,2
830849,1
360000,1
401066,1
000540,2
153981,1
withassoc,8
grpjobs,4
grpnodes,4
grpcpus,6
grpmem,4
grpsubmit,4
grpwall,4
grpcpumins,3
maxnodes,4
1001,32
15848,5
syslog,8
qosgrpmemlimit,1
launchfailedrequeuheld,1
maxed,3
slurmctl,1
misconfigured,1
671945,3
1716143,2
backfill,1
672346,2
requeuing,1
foreach,1
xargs,2
cgroup,5
634860,1
perf,2
cgroup2fs,1
tmpfs,2
liquidated,1
slurmstepd,1
8337246,1
18105,5
28692,3
13430,6
managment,1
getent,1
clustername,5
statesavelocation,2
spool,11
1443301,5
arrayjobid,1
arraytaskid,1
069,86
userid,1
groupid,1
jobstate,1
batchflag,1
exitcode,1
derivedexitcode,1
timelimit,1
timemin,1
submittime,1
10t01,5
eligibletime,1
accruetime,1
starttime,1
endtime,1
suspendtime,1
secspresuspend,1
lastschedeval,1
allocnode,1
2615644,1
reqnodelist,1
excnodelist,1
batchhost,1
numnodes,1
numcpus,1
numtasks,1
reqb,1
ntaskspern,1
corespec,1
mincpusnode,1
minmemorycpu,1
mintmpdisknode,1
delayboot,1
pid4057160,1
bionets,1
sana,1
mbiogrid,1
turds,2
egrep,1
465924,1
dfr,1
maxwall,1
maxtresmin,1
assocgrpcpulimit,1
762,49
1574,15
2472,9
vgpu,3
grepping,1
10de,2
1e02,2
lspci,2
iommu,2
msrs,1
vfio,4
kernal,1
virt,2
purge,1
933,32
cybertron,4147
tron,337
3090,355
fas,65
8020,69
60000,62
hitach,35
hnas,35
300mb,35
suzieanteater,142
santeater,284
1234,153
timeleft,568
1409,150
suzie,142
peteranteater,142
4567,153
2404,156
maxing,43
mailboss,78
1572667633,1
phonebook,90
1755206177,1
sendmail,74
1552595002,1
1504888622,1
1490740279,1
1490739797,1
1572667701,1
1572667917,1
1597096754,1
1613661301,1
1632773940,1
1635265988,1
1635266135,1
1635266156,1
1636143191,1
384no,8
1636390114,1
1636390127,1
1641334287,1
1641334308,1
1721236457,1
1733423283,1
1738804778,1
1744826178,1
1755206150,1
juypterhub,8
raidz,4
raid5,4
raidz2,4
raid6,4
2020100200,4
verison,4
2vcpu,4
2020093004,4
maint,63
severs,4
rebooted,45
monk,46
puppet4,14
0900,236
nagios,7
digphenotypes,4
puppet6,9
columbo,61
beckett,38
melvil,15
lom,11
sakura,4
logstash,4
elk,4
sasuke,4
graphana,4
1700,51
naruto,4
prometheus,27
mcgann,11
ganglia,7
aggregator,4
cycler,4
samba1,5
haproxy,16
jodie,4
capaldi,12
vms,8
dhcp2,4
liz,9
samba2,4
phpadmin,5
sylvester,33
dhcp1,4
samba3,6
1100,20
lbnamed,5
cron,5
v10,8
v13,4
v14,5
v15,5
imap2,4
loghost1,4
storage1,5
kraken,11
hayes20t,5
78583,12
openlab8,20
0800,119
spools,6
disconnecting,4
phpmyadmin,7
pgadmin,6
pastebin,8
speedtest,11
grafana,29
24nd,4
78155,4
repairs,5
reconfigured,5
conditioners,8
mirroring,7
distros,6
harmless,3
unattended,3
graphed,3
supervisors,15
additonal,3
smtp,11
bounced,3
dhcp,8
proliant,10
sl390s,6
jupyterub,8
xdesktop,9
runing,4
persistant,4
synchornized,4
disconnect,12
devops,8
sysadmin,6
bibliographer,1
remediate,1
disconnection,1
ndp,2
vmp,10
recruitement,1
joinhandshake,1
3379249,1
edp,1
wsg,1
860,3
replacment,2
javachampions,1
c02aef8c9e04,1
jdk,3
openjdk,9
oraclejdk,2
distributable,1
opendjdk,1
functionally,1
interchangable,1
7am,1
cudnn,2
openssh,18
unrestrcted,1
directgory,1
cs364,1
2xhr2ysi,1
paperback,3
2dktykjq,1
30kq5his,1
2xwmxaae,1
2ywiixzg,1
securitycenter,2
zotmail,1
exploitable,2
100tb,3
offerered,3
terabyte,6
rated,3
offereings,2
505,61
547,91
printint,2
compuitng,2
cyberinfrastucture,1
crsp,1
sl390,1
suppirting,1
acces,2
4267,7
autopush,2
620,8
archer,12
andromeda,48
647,72
recomendations,4
stduents,1
unquotad,1
anaconda3,4
pupet,2
shotted,2
820,3
426,78
681,98
cornucopia,1
plann,3
452,87
kenya,6
myaccountactivity,3
legitimately,2
heruko,1
purchaser,1
lastpass,10
activevly,3
330,34
398,89
522,81
emp6,3
emp7,5
532,56
carpets,3
painted,18
caretakers,3
x47553,3
x44222,4
32gb,3
zlib,6
cot8,3
479,63
incommon,11
renew,6
comodo,4
348,74
905,28
720,4
librespeed,2
mbps,2
sharable,1
cantor,4
rewire,2
unavilabled,1
0820,1
74024,1
c1ccccc1,126
0730,2
receptacle,1
sooneror,7
unforeseeable,16
cacofonix,13
sprint,1
clamp,1
reconditioning,4
drained,1
scratch0,3
research0,1
reboots,3
lbnamed1,2
imap0,2
vault0,3
ics53w2019,1
sonner,2
sensoria,6
66294,2
zion,13
ubuntu12,1
spectrev1,1
unicron,3
filers,3
firmware,19
64977,1
qtrees,1
subversion,2
svn,1
instdav,2
trac,1
1400,15
ns6,1
lookups,6
ics1,6
styx,2
karnali,2
snake,22
gauss,14
zenith,1
sora2,1
cloudberry05,1
koothrappali,1
coachz,2
helios,4
djp3,1
pc1,1
vqn64,1
mimir0,1
tahiti,3
cloudet,3
kingoftown,4
mimir1,2
mimir2,2
mimir3,2
loquat,3
ricoh,1
seal2,2
zen,4
syn2,10
hercule,3
poirot,3
ichasc,3
nimbus,6
bunker,4
gigantor,3
mulder,2
jbod,2
abzu,1
apricot,2
coyote,4
gallifrey,4
ipubmed1,2
ochca1,2
ochca2,2
osgrid,2
ronne,4
spiritbomb,2
unhygienix,2
68338,4
patching,3
rescheduled,1
relocate,1
ldap3,1
relocating,2
beem,1
beem2,1
beem3,1
110v,1
rerouted,1
preform,1
3620,3
3646,8
segmentsmack,1
5390,5
dhcpd,1
interuption,1
68260,1
ibtmp1,1
1130,13
68146,1
unsealed,1
2960,1
c2960s,1
1500,10
79437,2
ubuntu20,1
openlab89,1
78836,2
cs2,3
5112353,1
a05,6
b09,2
loghost0,1
mysql5,1
sm0,1
mta3,1
smtp0,1
zuul,1
tiamat,2
rodeo,1
altair,3
phoneagent,1
master0,1
ldap1,1
vpn000,1
imap1,1
checkmate,4
tftp,3
ldap2,1
vpn001,1
cs297p,1
ipa2,1
vega,2
mta1,2
smtp1,1
puppetdb,1
mta0,1
mmta0,1
mda0,2
cs142a,10
spectre,1
defered,1
switchover,1
eccleston,2
mysql0,1
intermittently,5
mailscanner,9
swapped,4
ugrads,1
b08,2
newtwork,2
uptime,2
malory,2
sheldon,1
sepbic,2
scivi,2
santacruz,1
cadillac,1
poovey,1
duchess,1
len,5
trexler,1
huebsch,1
burt,1
buckeye,1
borealis,2
figgis,1
wheaton,4
goliath,1
versoin,1
swtiches,1
lakeshore,1
retiring,1
holed,1
centaurs,1
queus,1
finshed,1
resubmit,4
migrations,1
benzene16core,1
benzene24core,1
cbcl,9
gib,1
mimir,5
ghtf,1
pacbio,1
ttn,1
ttns,1
veloxgpu,1
0200,7
2am,2
5am,2
lightpath,1
unforeseen,1
andromda,1
remedied,1
cups,2
lbnamed2,1
haproxy2,1
kane,2
haproxy1,1
imap7,1
ldap4,2
steele,6
puppet2,3
loghost,1
tweedle,2
dee,1
virtus,1
xander,2
73221,1
72849,1
73225,2
72959,1
73240,1
73378,4
73228,1
73376,1
73374,1
73375,1
73383,1
73384,3
0930,5
8am,6
reverted,1
rancher,2
bode,1
itam,1
kdc00,2
posion,2
kdc,1
04lts,7
terminated,3
cycled,3
followig,2
sonny,2
nameservice,1
db00,1
soft2,6
2dsc,3
aleph,2
seismic,3
9pm,3
soft1,1
jupyterhu,1
83337,1
82999,1
breakers,2
reschedule,9
stair0,6
vol4,3
vol3,3
vol2,4
csc,6
informatix,3
homing,4
reapplied,1
refrain,11
graffc1,1
smyth0,1
pputzel0,1
yiboyang0,1
aodongl10,1
bdl0,1
ruihay10,1
22th,1
sponsore,1
hanalab,1
teamware,8
schark,1
80322,1
informaatix,1
csc0,1
cmpplnt,1
ckennedy,1
cmsimpso,1
sandersm,1
floreslc,1
castokes,1
malsalib,1
gnagales,1
kbhimsen,1
eonyemao,1
jonathpp,1
ssatari,2
vanesg9,1
dgens,1
dabrowsa,1
arroyonm,1
drb,1
julianc9,1
parvatis,1
ldonalds,1
mondego,1
vol1,1
ontap,1
gallifreay,1
61579,1
spf,4
libya,3
59847,3
60195,3
59623,1
60192,1
60193,1
59949,1
60191,1
60110,1
59959,1
60194,1
samba4,1
uesrs,1
15day,1
12hour,1
vmem,2
exclusivity,1
openlab7,2
reconditioned,1
centos5,2
postgressql,2
e03,4
16gb,2
mysql4,1
infromation,2
resent,1
gsuites,1
mtas,1
spamassassin,3
haproxylb,1
switchgear,2
deficiencies,8
bavailable,1
outaages,1
support0,1
tainer,1
sata,1
ubnunt,1
baldig1,1
dock1,1
dock2,1
cerk,1
15am,1
2pm,3
59377,1
bic,8
63144,2
62504,3
gidnumber,3
reallignment,2
62245,2
realignment,1
reassessment,1
provisioned,1
puppet3,1
uppet3,1
authenticatoin,1
spenser,2
sm2,1
admincenter,1
srever,1
respectivevly,1
63147,1
lastest,3
r2020b,1
clang,1
sudoers,1
instllation,1
intall,1
disarmament,3
rke,2
reposittory,2
microservice,2
availabe,1
indefinately,1
mirroing,2
constructively,2
lsa,2
disarmed,1
interfered,1
prvevious,2
spamhaus,3
20023,6
kerberos5,4
authenticated,4
scouts,1
subdomain,1
spamscore,1
sssss,1
dkim,1
wikepedia,1
domainkeys,1
opendkim,1
mailservers,1
deferred,1
direcotry,1
runnig,1
ucinedid,1
smbd,1
unquota,1
egress,1
edut,1
discounts,1
availableon,1
containerization,1
kpassword,2
runamuck,4
runabout,2
krb5p,2
etech,1
incommonfederation,1
wildcard,3
certbot,2
letsencrypt,1
ucie,1
v2022,1
coder,1
gigabyte,1
indefinitely,4
eliminates,3
safelist,2
blocklist,1
maanged,1
awscli,1
releated,1
redeploying,1
jellyfish,1
indefinitelywhen,1
vlan,3
refreshed,3
usuing,1
codename,1
reopened,1
1423,5
gratiously,1
cs269s,1
nahar,1
emd,1
hennigan,1
tara,2
phoolproof,1
srinivas,2
seshu,1
chippada,1
kadambari,1
bhavin,1
madhani,1
sushant,1
dewan,1
nithyanand,1
fraudulent,1
auctions,4
chandan,1
purushothama,1
guoqin,1
vyas,2
soldo,1
botnet,1
wherefore,1
thou,1
r3579x,1
steganography,1
qingyun,1
netprobe,1
ameya,1
lokare,1
paradoxes,1
nazia,1
chorwadwala,1
akanksha,2
sonawalla,1
sybillimit,1
sybil,1
experian,4
458c,6
thanksgiving,10
cs262p,1
gusfield,2
hinrich,1
schutze,1
convolutions,1
checkers,12
nondeterministic,5
knuth,15
harspool,1
rabin,2
karp,23
bitap,1
tth,5
4061,4
tamassia,40
hirschberg,47
ogila,1
eozel,1
kleinberg,10
tardos,2
032,79
129535,1
kmp,13
factored,5
devalues,1
tampering,2
weed,1
1bc,1
3ab,1
4ij,1
malykh,1
trappe,3
microbenchmarking,1
shellsort,1
monomials,1
pseudorandom,1
mersenne,1
twister,1
prng,1
shuffle,1
tarjan,66
eniac,1
pram,1
bacon,5
batagelj,1
brandes,2
moret,1
hulls,77
quickhull,3
overmars,21
leeuwen,6
algoriothm,1
ottmann,1
wavl,6
dcel,1
overlaying,10
envelopes,16
schinzel,2
sarnak,1
voronoi,388
triangulations,158
triangualtions,1
windowing,12
midterm1,1
midterm2,1
midterm3,1
midterm4,1
final1,1
final2,1
final3,1
final4,1
sspa,4
havvaei,20
dfs,15
biconnected,6
prim,30
dijkstra,63
jarnik,8
boruvka,20
kruskal,12
mst,60
widest,7
bellman,28
euler,92
tours,24
salesman,54
christofides,9
edmonds,8
karger,2
coupon,1
hopcroft,6
coloring,206
duals,18
sparsity,14
arboricity,10
cliques,69
moser,14
kerbosch,17
mondays,14
3013,5
chordal,22
lexicographic,12
bipartiteness,27
steinhaus,7
4032,8
aimery,1
coffman,7
schnyder,13
biweekly,2
ahuja,7
magnanti,5
orlin,5
battista,4
eades,4
tollis,6
icf,4
thurs,17
pinheads,1
exponentials,1
multiplying,10
criticized,1
511,58
305,144
backtracking,26
uncolor,2
interleave,3
termination,7
preorder,1
listmis,6
careless,2
undecided,5
nbrs,2
oversimplified,1
hyp,1
triangles,462
kebin,1
noteboard,1
tesselation,14
westbrook,17
yung,25
corrigendum,10
sleator,21
worksh,250
519,86
rectilinear,43
algorithmica,94
frederickson,47
sparsification,103
galil,94
nissenzweig,17
19272,13
83907,9
cs96,22
foscari,22
venezia,25
669,75
replaces,19
nonobtuse,42
geom,509
bern,317
polygons,349
shrunken,9
atallah,8
0207082,8
leftover,5
cotree,9
0407036,9
a38,6
subquadratic,22
soda05,6
spiro,15
0904,14
3741,7
banff,18
5664,25
caro,4
parameterized,86
cocoa,12
6508,14
1009,46
0783,6
theor,27
korkmaz,14
1706,10
09593,10
obeying,10
stably,13
1803,26
04555,7
buenos,9
aires,9
10807,11
789,74
junkyard,158
cryptogram,6
ciphers,1
fanorona,5
versionization,1
glider,11
unicodifier,1
unicode,2
accented,1
pyobjc,1
lombardi,163
spirograph,16
tabulizer,8
precompiled,1
wordsquare,1
webimg,1
rearrange,6
freeware,6
acyclicreachability,8
bicliques,14
biconnectivity,8
bipartitematching,8
bucketqueue,8
cardinalitymatching,8
circlepack,8
cubicham,8
eratosthenes,8
frequencyestimator,8
graphdegeneracy,8
graphexamples,8
halin,34
integerheap,8
integerpartitions,8
integerpoints,8
lca,31
lexbfs,8
longestincreasingsubsequence,8
minimumspanningtree,8
orderedsequence,8
partialcube,8
partialorder,8
partitionrefinement,8
readundirectedgraph,8
repetitivity,8
smawk,8
sortedset,8
strongconnectivity,8
sudoku,31
twosatisfiability,8
unionfind,15
xyzgraph,8
amusement,1
conway,89
nimber,3
nimbers,2
truncation,9
subfields,2
irreducible,5
achim,4
flammenkamp,4
tatham,1
adic,3
crackpot,1
modulo,7
inverses,5
rationals,6
truncate,4
interprets,2
concentric,4
weisstein,42
dersch,1
maths,27
harley,4
connell,3
elliptic,6
mathsoft,25
beast,1
factorize,2
polynomials,20
golomb,3
keith,11
recreations,2
shyam,1
sunder,1
endgames,15
simultanously,6
berlekamp,8
konane,1
tipover,1
akron,1
hex,27
balls,34
amazons,6
queens,4
arrows,6
amazong,1
lieberum,1
bachem,1
koeln,1
bowers,3
divisibility,1
blet,1
chessgo,1
evade,2
blockades,1
stones,17
chomp,2
cubical,26
nonconstructivity,1
disguised,1
mancala,3
zeilberger,1
clobber,4
wolfe,4
digraph,4
fraenkel,10
maple,13
uncolorable,1
pspace,37
tac,9
toe,10
tromp,5
7x6,1
nordal,3
browne,2
knot,49
bogomolny,14
dagstuhl,28
demain,10
impartial,7
octal,3
dodgem,1
bossomaier,1
ferguson,3
fibonacci,63
kubo,7
generalizations,59
conjectural,1
aviezri,1
festschrift,3
ejc,7
g13gam,1
gess,1
moku,15
darse,5
billings,3
ramsey,19
slany,1
hounds,1
enderton,1
wee,1
jive,1
chlond,1
joust,1
knights,3
chessboard,6
kayles,1
sprague,3
bodlaender,1
checkerboard,1
foils,1
loeb,1
bordeaux,36
fabian,2
pawns,1
regio,1
toys,21
chilling,2
nowakowski,15
minesweeper,5
solitaire,24
moews,9
msri,70
ller,7
nievergelt,2
nimstring,1
mang,1
plambeck,3
gangolli,1
peg,25
othello,6
reversi,3
barkocy,1
6x6,2
feinstein,1
pegg,24
propp,36
simplicial,44
ehrenborg,1
steingrimsson,1
projective,56
hoey,16
subtracting,5
marzetta,1
dukego,1
rockslide,1
roshambo,1
sokoban,8
scissors,2
rusin,30
scenic,5
demaine,290
fleischer,1
additively,3
sprouts,3
applegate,1
purvis,1
ivar,3
mathland,5
alfeld,7
nonzero,47
saldanha,1
transcendental,1
wdj,1
sylver,4
coinage,4
sicherman,6
cooperate,1
denomination,1
tablut,1
hnefatafl,1
viking,1
defenders,5
miser,1
tetris,6
hohenberger,1
liben,1
nowell,1
burgiel,6
obermeyer,1
trax,1
trellis,3
troll,1
twixt,6
diagonal,91
wiith,1
patten,1
domineering,1
pekec,1
dimacs,54
wythoff,2
garbled,1
xistrat,1
zillion,1
newsgroups,219
ualberta,1
allis,4
15x15,2
pente,1
19x19,1
sak81,3
5x5,1
renju,2
ahh93,2
ply,12
overlook,1
deviates,1
scalp,1
qubic,1
sakata,1
ikawa,1
ishi,1
den,3
herik,1
huntjens,1
2065,6
m2html,5
piped,1
rmail,1
reformats,1
ampersand,1
lineb,6
declarations,4
shar,4
equilateral,97
equivalently,29
theta,235
tripack,1
geometer,5
straightedge,16
monotonically,9
symmetrically,16
qed,7
hypotenuse,14
ballew,6
fhs,4
ccmail,4
odedodea,4
misawa,2
2sqrt2,1
sucker,1
banananobano,1
printf,1
arkadeep,1
adhikari,1
arkadeea,1
daokunj,1
hslh,1
cs161,1
heapsort,14
quickselect,6
bucket,12
radix,5
quicksort,45
karatsuba,2
exponentiation,1
subsequences,35
knapsack,13
cormode,1
reservoir,5
baase,6
cormen,9
leiserson,9
rivest,9
gliders,29
totalistic,3
semitotalistic,5
contradicting,10
replicators,41
b35,3
s236,3
automaton,21
gnome,1
cryptograms,2
cryptoquote,1
qsadrzqqsm,1
longfellow,1
eraser,1
checkbox,1
trottier,1
allalgorithms,8
allclosestpairs,8
allpointsets,8
cheapestinsertion,16
closestpairs,8
congaline,16
fastpair,16
greedymatching,16
multiconga,16
multifragment,16
negation,23
pointset,8
quadtree,79
958,35
randdist,16
536,68
588,107
sierpinski,96
809,35
sortedarray,16
twoadic,16
rand48,8
silliness,1
usenet,6
blurbs,1
cryptarithms,8
sigact,17
cryptarithm,5
alphametic,3
polynomially,8
zonohedra,59
zonotopes,65
centroid,56
origami,208
elba,9
asilomar,10
quadrilateral,115
meshing,109
houdini,7
ununfoldable,49
polyhedra,611
mantler,14
snoeyink,27
9908003,12
cgc,40
cccg,59
wcg,11
hinged,44
dissections,88
polyominos,36
polyforms,19
9907018,12
hinges,17
ominos,8
iamonds,8
hexes,9
abolos,8
9909152,8
coincident,7
tangencies,56
soddy,14
trilinear,5
spaceships,15
0004003,6
bruijn,4
successors,8
duotaire,7
0006067,5
0008172,7
050,6
reducible,6
pegs,3
phutball,16
0008025,7
philosopher,4
kite,18
dissection,173
0106032,6
kites,21
assemblage,4
refolded,6
euroconf,5
bellaterra,3
hexagon,59
escher,152
nonrepetitive,6
0507053,6
hardness,53
0911,3
2890,2
adamatzky,2
1202,16
5074,12
7288,13
deductions,7
1308,36
0066,6
8242,44
436,77
rearranging,7
scrambled,6
planarizing,6
1804,10
06515,2
maddalena,4
lipics,135
07396,2
suboptimally,2
coins,8
treewidth,246
frishberg,37
00179,5
906,57
denominators,5
12217,6
minisymposium,2
iciam,2
waseda,2
deduction,4
monotonicity,4
monotonic,9
precoloring,2
evasion,5
marzal,6
scand,18
iterated,64
polytopes,200
cubes,184
dickerson,53
291,88
provably,30
drysdale,10
sack,20
enumerating,9
interpoint,14
ijcga,28
652,80
graehl,5
shibuya,5
openstreetmap,5
msts,6
ancestor,27
eatcs,13
mso,5
decomposable,26
kurz,10
1703,7
02784,5
ipec,27
monadic,10
asuri,11
lueker,25
molodowitch,13
subadditive,12
salesmen,15
sqrt,318
scg,72
628,68
9912014,12
jea,10
brooklyn,29
0405036,12
subdividing,24
subdivision,47
meshes,105
0402028,9
isometrically,28
bushan,13
sibgrapi,14
triangulated,79
polyhedral,92
1704,11
02303,7
iwcia,7
plovdiv,7
10256,11
redistricting,7
discretization,8
polylogarithmic,34
vazirani,55
1802,15
00084,6
1014,7
1033,15
anari,10
matchable,3
09230,6
12911,7
adwords,8
blossoms,3
sequance,2
gujarat,1
asides,1
preface,5
translations,5
noam,24
nisan,1
roughgarden,1
eva,5
dimap,2
echenique,5
nicole,1
immorlica,2
ombmd,1
cardinal,23
freeness,5
pareto,9
trobst,6
adler,14
bullinger,3
leximin,2
leximax,2
amas,1
sagt,4
bids,10
fsttcs,8
gangam,8
raju,4
integrality,3
polymatroids,1
sceince,1
bargaining,9
panageas,6
debrew,1
itcs,5
aamas,6
birkhoff,8
gajulapalli,1
zeckhauser,6
yannakakis,3
indivisible,4
oveis,2
gharan,2
debreu,6
leontief,1
plc,1
fixp,1
yazdanbod,6
devanur,8
gkatzelis,1
divisible,10
schulman,6
dichotomies,1
sohoni,1
substitutable,1
valancius,1
lumezanu,1
feamster,1
johari,1
nonsymmetric,1
782,73
allocations,3
megiddo,1
constriant,1
solvability,1
saberi,4
homothetic,1
procudtion,1
papadimitriou,2
mihail,4
ratcliff,1
yunker,1
piliouras,1
tetali,1
solvency,1
kapur,8
microbial,2
arkin,3
unidrected,1
isit,4
algoirthm,1
bezakova,1
stefankovic,1
vigoda,2
1429,5
1454,3
halperin,2
mahdian,1
markakis,1
795,70
combinatorica,14
465,68
lagrangian,1
watermarking,9
pfaffian,1
permanents,1
intractability,4
ratification,1
egervary,1
krentel,1
samir,2
khuller,1
mandoiu,1
aranyak,2
gagan,2
goel,3
chinmay,1
karande,1
pushkar,1
tripathi,1
sadra,1
thorben,3
nikolas,2
patris,2
shayan,9
taherijam,8
vegh,1
ruta,1
jugal,2
schloss,6
worldview,1
locusts,1
01914,1
polo,1
zahra,5
hadizadeh,1
2504,6
17955,12
staherij,1
milena,2
goldman,1
sachs,2
sujit,1
gujar,1
shahkar,5
gaiw,1
vaigyanik,1
protsahan,1
yojana,1
rgangam,1
rohithreddy1201,1
4099,7
bst,22
vygen,2
bonntour,1
ddg,1
dhl,1
koepke,1
troebst,3
jaamas,1
blauth,1
schlomberg,1
traub,3
udwani,2
capacitated,5
vaznirani,1
dichotomous,2
ipco,2
subtouren,1
zeitfenstern,1
oberseminar,1
diskrete,2
optimierung,1
aftermath,2
unsplittable,2
bivalued,1
falmagne,39
0206033,6
1320,4
osda,4
0406020,12
3383,19
pseudoline,33
mishandling,8
gd04,8
0510263,5
r79,5
pseudolines,12
0607094,7
4372,19
antimatroids,18
quadrilaterals,40
0610092,6
gyeongju,10
pentagon,75
orbifolds,10
0612109,7
494,76
isometric,33
injective,14
squaregraphs,28
analogously,7
gradedness,4
0704,7
2919,7
luxembourg,4
superfamily,4
0705,9
1025,10
1258,12
bled,3
ovchinnikov,8
71696,4
labelings,14
reinhard,8
suck,8
mathscinet,7
0803,3
4030,3
antimatroid,7
0807,9
2218,6
5417,25
tiling,393
subclass,16
mumford,52
speckmann,55
verbeek,32
0901,9
3924,14
aarhus,18
combinatorially,33
cartograms,16
distributive,23
cabello,25
klav,6
imfm,4
1084,12
0903,4
2507,23
p55,4
bitstrings,4
4312,12
adjacencies,42
bandelt,15
chepoi,15
0905,13
4537,12
1440,8
medians,27
cartesian,58
wortman,32
0907,8
5474,18
ramified,4
coordinatization,5
dendrons,12
1721,10
771,50
797,50
537,85
1302,8
5967,11
wiechert,8
doble,16
meaningfulness,3
coll,18
685,78
farthest,38
obtuse,45
subsumed,19
edelsbrunner,30
edc,6
uilu,7
1702,18
retriangulated,6
missouri,8
quadtrees,111
triangulate,36
simplices,98
ruppert,29
subquadtratic,3
triangulating,43
thinned,3
dobkin,43
tetrahedralizations,5
omits,4
709,61
kosaraju,9
dihedral,87
892nd,7
ceil,7
hochbaum,7
hexahedral,34
9809109,9
polyhedron,254
unknotted,9
knottedness,5
amenta,41
9809081,10
lemma,29
subtends,8
9908016,10
347,100
polygonal,48
bius,101
0101006,13
quasiconvex,68
maximizes,15
conformal,31
meshed,5
0108020,7
realizability,4
meshable,8
geometrically,19
postprocessing,3
tetrahedral,19
slivers,5
slabs,14
tetrahedra,123
0302027,7
slab,15
algo,25
0412046,10
pach,20
welzl,13
pointwise,8
tamstorf,18
783,45
isomorphic,20
mismatching,8
1477,12
1486,11
submeshes,6
5082,12
rhombi,13
orthogonally,6
halving,26
decompositions,39
plassman,11
pollack,12
steiger,6
gon,43
grossman,17
9909001,13
fatter,10
kuperberg,52
ziegler,26
0204007,9
60th,14
dekker,16
fatness,24
polytope,107
048,91
packings,107
0207081,7
reconstructs,5
gamuts,7
0212007,7
parallelepiped,4
parallelepipeds,4
colorimetric,4
extrema,16
uninscribable,11
0603057,4
vaxman,10
0805,6
0022,13
5193,12
shrinking,13
inwards,7
0806,9
tangents,14
casing,9
smoothed,13
dilation,88
0812,11
0607,4
isvd,4
opq,4
pseudocircles,4
bisectors,20
animating,3
nonempty,31
montpellier,11
5911,13
0908,5
bend,23
cartogram,6
stripification,9
transversal,6
0909,13
2891,9
homeomorphic,4
orbifold,4
hyperconvexity,3
ipam,3
hyperconvex,3
1006,21
liverpool,5
6346,17
6506,21
1904,10
obliviously,4
halfspace,14
ffler,66
2575,12
halfspaces,19
hodorkovsky,10
vyatkina,10
antoniushaus,6
morschach,6
1105,23
4130,6
treemaps,6
buchin,10
llenburg,60
0398,7
6844,19
subdivided,18
handovers,8
0392,4
kreveld,20
staals,7
eurocg,23
assisi,4
pacificvis,4
uobprm,5
prm,5
amato,10
iros,7
vilamoura,5
algarve,5
2655,7
2662,7
1306,9
3482,8
invertible,16
bokal,9
peled,16
sidiropoulos,10
01555,6
629,49
cheong,19
knauer,17
1612,13
02149,6
sctd,3
peeling,4
shortening,8
nivasch,11
jorgensen,9
00561,5
winnepeg,5
hausdorff,24
lokshtanov,9
02162,3
fpt,11
1903,15
04737,4
1210,13
edmonton,20
tessellations,60
foams,6
crumpled,7
icgt,5
sona,23
hesterberg,50
korman,14
parada,14
rudoy,14
15784,14
isosceles,62
00116,3
1247,8
1269,18
congruent,74
aichholzer,27
hainzl,8
13170,8
101913,4
multifold,12
polyominoes,130
chida,16
horiyama,16
iacono,16
langerman,16
uehara,48
2206,18
10675,7
dehn,31
gluing,13
octagonal,11
11413,7
katayama,12
maruyama,12
prisms,26
2303,11
00147,4
3053,5
polygonalizations,4
parameterization,5
mccarty,8
2306,13
12611,8
anning,3
06328,4
41st,11
riemannian,4
dilman,9
polishchuk,18
aloupis,15
biniaz,28
carufel,22
odak,15
smid,30
valtr,17
05580,11
salesperson,13
shortens,11
2501,6
07707,4
incurs,5
pushdown,5
aronov,29
liblice,7
03960,7
lceil,13
rceil,13
lfloor,7
rfloor,7
decremental,18
04538,5
sortedness,5
20489,9
presorted,5
bicriteria,10
haunert,14
haverkort,12
kolbe,14
mutzel,23
11212,14
triples,41
maa,5
notational,1
sticks,4
szab,1
zbmath,1
uninitiated,1
kleitman,4
frederic,3
lov,1
simmons,2
straus,2
internat,2
sympos,1
colo,1
czumaj,2
artur,1
sohler,2
subconfiguration,3
zentrum,2
mathsf,17
apx,1
froese,1
iyad,1
nichterlein,1
niedermeier,1
rolf,14
payne,1
hajnal,2
szemer,2
ter,1
endre,1
bolyai,1
sqrt2,1
balogh,2
solymosi,5
jozsef,2
20pp,1
acketa,1
jovi,2
combin,3
kisman,1
fink,1
patulous,1
pegboard,1
wizardry,1
wellesley,1
imre,2
prodromou,1
inscribed,32
tukey,1
logarithmically,3
enclosing,12
nonconvex,21
quadruples,4
harborth,5
incorrectly,1
sascha,4
noll,1
landon,1
curt,2
serdica,1
scheucher,1
schrezenmaier,1
hendrik,1
apollonian,15
shortness,3
exponent,13
ravsky,6
verbitsky,4
6986,9
chaplick,1
fleszar,1
lipp,1
wolff,20
9801,17
felsner,3
biedl,24
henk,3
obenaus,2
stabbing,9
stab,1
inappropriately,1
depromta,1
deprompta,1
geza,1
0xde,1
11011110,1
steinitz,20
0912,6
0537,7
0283,4
1680,1
306b,1
96822,1
gpgpu,1
madalgo,2
wroc,1
322aw,1
antipolis,2
herrenalb,1
jakob,1
lieber,1
mfcs,1
afshani,1
scandinavian,17
swat,31
ajwani,5
sweeping,3
birn,1
osipov,1
zeh,6
1114,9
1123,9
samaranayake,7
gizdarski,5
neuveux,5
vts,2
carpentry,1
rmq,1
eacuter,1
eacutemy,1
barbay,1
fineman,1
pem,2
patras,1
zaroliagis,1
andrej,1
brodnik,1
riko,1
bader,1
goethe,1
weichert,1
itsw,2
spielman,1
duggirala,1
836,45
663,87
chazelle,13
asano,1
boissonnat,3
canny,2
clarkson,22
hanrahan,1
huttenlocher,6
mehlhorn,4
milenkovic,5
sharir,12
toussaint,17
voelcker,1
oswin,3
akitaya,17
patrizio,1
angelini,13
augustine,10
ballinger,12
rgen,3
bannister,87
beigel,18
vial,3
ankur,4
bhargava,11
billey,15
biro,14
lotte,2
drago,2
glencora,2
borradaile,26
prosenjit,3
josef,5
anusheel,7
cantarella,13
josiah,3
carlson,14
zhanpeng,3
otfried,4
kota,2
kwun,2
marek,10
chrobak,16
chudnovsky,9
crosbie,11
mirela,2
depian,11
gleb,2
distel,11
dubois,26
vida,2
dujmovi,48
efrat,15
feigenbaum,10
ndor,8
fekete,26
baca,11
erich,32
zvi,32
emden,2
gansner,8
xianping,6
raffaele,15
giancarlo,25
ginepro,12
glei,11
ner,12
kathrin,2
hanauer,34
sariel,3
hart,48
kaverkort,2
hemachandra,10
henzinger,9
hershberger,20
herterberg,2
hickingbotham,22
holten,14
xiangen,2
hutchings,15
pino,2
hiro,2
kshitij,2
gwena,1
joret,15
yuta,2
hadi,5
khodabandeh,22
kindermann,16
sandi,2
benedikt,2
doruk,2
irina,4
kostitsyna,14
sylvain,2
lazard,14
liotta,24
songyu,3
lubiw,59
aude,2
maignan,16
jirka,4
matou,19
tamara,5
mchedlidze,14
merker,10
mesmay,13
micek,11
mitzenmacher,19
mariko,6
debajyoti,2
mondal,17
cristopher,6
muthukrishnan,8
petra,3
amnon,6
norin,10
ophelders,13
rourke,62
sergei,2
parrish,13
valentin,2
pupyrev,23
reislhuber,13
roeloffzen,8
scheideler,11
christiane,2
raimund,2
micha,3
seweryn,17
rodrigo,6
giora,4
slutzki,11
michiel,6
bettina,4
sturtivant,15
suderman,12
suri,22
swanson,16
tomohiro,2
tachi,19
rasmus,2
tiow,5
teillaud,20
tillman,8
tisdall,10
csaba,3
torsten,12
ueckerdt,25
ryuhei,2
alper,4
yushi,3
uyeda,7
hasan,2
mereke,2
garderen,9
hamideh,2
vosoughpour,16
kira,2
whitesides,20
veitt,2
vassilevska,2
winslow,8
wismath,16
woeginger,11
wolter,19
woodroofe,7
wulff,8
nilsen,8
xor,7
easter,17
frances,7
cindy,2
yener,10
moti,8
pingan,2
tugboat,3
beebe,2
conditionals,6
maclisp,3
kawabe,1
cucs,12
382,76
substrings,3
nonlinearly,2
substring,9
derivative,3
dfa,2
natarajan,1
orienters,1
dfas,2
440,11
multiplicity,49
outerplanar,46
repaired,6
488,72
orsa,7
polylog,22
rebuilds,1
gons,32
bichromatic,20
superseded,6
caliper,20
mulmuley,7
schwarzkopf,7
decomposible,5
9911003,11
girth,14
matroid,31
476,70
385,53
heaviest,3
lightest,3
drei,5
eulerian,10
9907031,9
spanners,37
urrutia,8
chiba,3
matroids,3
tamal,3
dey,11
9907126,10
apex,45
frick,8
1184,14
1206,28
hajiaghayi,19
bidimensionality,15
9809038,7
s899,4
s900,4
570,12
9907001,11
653,53
0009006,8
3446,18
0011009,8
colorings,8
0109195,10
0204252,11
2528,11
0302030,7
2748,6
0304018,7
781,44
509,85
recurrences,13
putnam,9
univariate,7
0307023,9
boissonat,5
976,44
979,48
mizera,5
reformulates,5
geometers,15
squarepants,4
subtree,34
0604034,4
minimimum,4
perimeters,4
bendless,4
0709,4
4087,6
gd08,4
clique,26
0007,10
hadwiger,8
inapproximabilities,3
1870,3
1076,10
1086,6
r136,3
eurogiga,6
subcubic,19
6142,15
7704,32
3761,11
bridgeless,7
1303,8
13151,8
1502,8
05334,3
simplifications,4
04073,3
9214,28
01749,3
treetopes,20
1510,5
03152,5
984,57
branko,5
nbaum,11
roofless,5
cuckoo,64
1604,5
06067,1
reykjavik,6
iceland,1
1607,6
02184,4
choosability,6
1708,12
05152,6
10692,14
tangency,24
planarization,4
05155,4
nonplanar,36
crossings,114
pathwidth,43
branchwidth,4
cutwidth,4
planarize,10
awm,1
foldings,24
06013,6
11282,10
554,68
crease,32
diverging,8
jcdcg,15
05256,4
04401,5
08123,3
05371,3
12808,7
1753,9
2108,22
07441,5
bingen,5
12868,9
2110,7
06163,3
subroutines,11
2112,15
11607,5
guanajuato,1
theoretics,1
a10,2
iterate,4
bijections,1
bijection,1
12989,7
flattened,19
2301,9
09246,5
14465,7
disproving,5
gethner,7
13079,7
11939,7
outerconfluent,12
2308,10
03967,4
14466,13
07666,5
foldability,5
undecidable,9
17549,9
counterexample,31
09411,6
radon,13
377,91
9809037,10
rousseeuw,7
dually,8
hyperplanes,23
9912013,9
0009024,8
0307027,10
a16,7
parliamentarian,1
genealogy,2
6480,5
033,90
tractible,6
0006046,8
5440,10
dn3,6
6630,8
0318,4
1547,23
9910185,11
gd98,6
9907030,10
0507051,9
sugiyama,6
0609033,6
distinguishable,6
miura,16
1410,8
2231,19
0212046,12
perugia,18
2912,24
xzy,1
mayan,1
jungle,1
depicted,13
strung,1
flatter,1
alternately,9
attained,2
rcg,4
thrackle,6
thrackles,5
piecing,5
496,88
bethesda,6
positano,12
capocelli,8
incited,3
invert,25
applicative,1
korf,2
tautologies,5
conditioned,5
greaterp,1
recursions,3
negate,21
definv,16
baz,8
defun,105
fexpr,1
cadr,22
cddr,7
duplications,4
evaluable,25
undefined,5
ncons,1
acceptible,2
memq,6
evaluability,1
expr,66
numberp,27
caddr,8
subst,1
disallow,2
add1,11
setf,2
sub1,7
caar,2
cdar,1
defvar,1
setq,1
defstruct,2
constructors,1
accessors,1
carriage,1
autoloaded,1
ampersands,1
unqualified,1
succeeds,1
conds,29
definitional,3
zetalisp,1
remq,1
unexpanded,3
unevaluable,11
backtrack,2
clause,84
canonicalizes,1
caseq,8
caadr,2
cadadr,3
zerop,20
minusp,22
plusp,13
negated,2
cadddr,2
cdddr,1
uninverted,1
alist,9
tightest,1
rbase,12
calculable,1
superclass,14
defmacro,1
defclass,7
defprop,2
recalculate,1
superclasses,3
trichotomy,1
disjointness,2
negations,1
subformulae,1
axioms,3
inductively,5
unmake,5
fitted,22
funs,4
prettier,5
1408,39
5939,14
rzburg,38
8871,44
alcom,7
superlinear,11
subtrees,12
bpp,3
incomparable,6
princ,3
2412,4
20419,7
1411,20
7055,13
gomory,5
shave,5
0412025,7
socg05,8
0602029,4
cocoon,8
nha,4
trang,4
6196,17
637371,1
0606450,7
bends,27
outerface,7
04380,4
9411,24
leveled,12
09145,6
1583,14
1810,11
08314,5
1693,9
1709,20
04195,7
popping,6
disproves,6
blankenship,9
oporowski,8
bonnet,8
2202,16
05327,6
1237,16
seymour,12
2212,25
08739,8
2095,13
corfu,9
centroids,12
eprint,146
howpublished,66
beiepp,3
algs,19
jalgor,1
eccc,3
tr95,2
eppmilten,4
compgeom,9
160985,1
fundamenta,12
informaticae,6
annales,1
societatis,1
mathematicae,8
polonae,1
96m,6
68162,3
berdemepp,9
lodi,1
pagli,1
santoro,3
3osme,1
2004b,9
52030,3
uwe,1
schnell,1
supset,1
quadrangulation,1
twelfth,2
mr1194449,1
94e,12
52016a,4
epp,177
0204001,6
yannkae,4
eppwan,2
berepphut,2
2002h,3
68036,3
dicepp,2
cgta,21
0925,2
7721,14
00009,1
68180,3
epphar,2
1272,10
dehne,8
chaplin,1
rudiger,8
claeppmil,3
65010,3
mwst,4
68099,3
95e,8
68218,3
berepp,29
dorit,2
0020,8
0190,1
90121,1
95j,3
05157,5
luccio,3
96b,3
68177,3
dyngeom,2
95b,6
90143,3
00018,1
97a,3
90104,3
s0925,4
00055,1
2004a,3
05045,3
epphir,3
jagm,5
0849,2
90142,3
2001c,6
90088,3
jasa,1
dobepp,1
supersampling,13
dobeppmit,1
tog,2
354,130
234535,1
234536,1
diceppgoo,1
eppgoomen,2
jgt,4
94i,6
05075,4
jennhwa,1
bagchaepp,1
s004530010020,1
05132,3
bercheepp,5
95m,6
52031,6
evangelos,2
kranakis,2
agaeppmat,2
95g,3
68122,3
eppgalita,18
056,87
30173,3
mestre,4
applicata,3
atch,1
uniroma2,1
ojc,3
beredeepp,4
iscs,1
tants,1
eis,1
68279,3
eppgalgia,13
iaws,2
santis,4
alfredo,3
ugo,1
vaccaro,4
10027,11
91a,3
68125,3
stanton,1
chreppita,2
sapienza,1
sistemistica,1
equipartitions,7
eppfeili,2
0012,9
365x,1
90233,1
05125,3
kubale,1
0009005,7
eppsteindynamic,1
asudilepp,1
99d,3
52018,4
dirichlet,10
98d,6
68199,3
eppkupzie,2
bezdek,7
2034720,3
eppoverot,3
52026,3
stojmenov,1
sjc,10
1137,5
s0097539795290477,1
99h,6
05073,3
koduvayur,1
digraphs,1
genealogical,1
karlsson,2
05082,3
maciej,1
berepperi,1
sandia,7
225058,1
p662,1
00454,2
bibs,2
20n4p463,1
90082,3
loera,1
deduces,1
ackermann,1
98k,15
dilepphir,4
2000g,3
68118,3
jgaa,7
2004f,3
05044,3
jcss,9
forword,2
demdemepp,4
ubc,8
elec,2
fp37,1
berepppla,2
92j,9
52023,3
connelly,12
jct,4
94f,3
52006,3
eppgoohir,1
0505048,5
1107,10
2001g,3
68095,3
0010018,6
shanmugauelayut,2
eppmut,1
epperi,9
68197,3
jeffe,10
95a,3
68100,3
hartmann,1
carepp,2
libre,5
bruxelles,8
2000a,3
68153,3
luiz,2
henrique,2
ramaswami,1
68169,1
thurston,24
eppitatam,6
jeffery,4
olden,2
08544,2
2087,6
93a,6
68027,3
mirko,1
nek,1
94b,3
68039,6
incompletely,1
3333,8
94304,2
eppwor,1
0841,2
05129,3
2003c,3
52035,3
kgon,3
68168,6
epppatyao,3
05121,4
cecil,1
aroberepp,2
95c,6
05043,3
bardicepp,3
3dt,1
socg96,1
00005,1
99a,3
eppmoo,1
hyde,1
87501,1
santafe,2
sfi,1
050abs,1
mooepp,1
book42,3
ameberepp,8
annamaria,7
0984,2
99m,3
65028,3
0105017,7
eppgal,4
91g,3
68042,3
ausiello,7
mariangiola,1
dezani,1
ciancaglini,1
rocca,1
ronchi,1
bereppten,4
94j,7
68291,3
02139,3
92m,3
05180,3
agaeppgui,2
rauch,1
dephut,1
91042,3
chrepp,3
68114,3
bhattacharjee,1
korneenko,2
52016b,3
itaepp,1
epphemtis,5
icci,1
bereppgil,4
65132,3
65235,3
mrt,4
2001f,3
qaba,3
emo,3
roofs,12
2000i,4
68185,3
smr,1
mathforum,2
epigone,2
slexyaxsle,1
eppgiv,1
escodes,3
digaleh,1
codesign,16
cgc98,4
final9,1
0023003,1
00230305,1
2001e,3
52024,4
laurie,1
2000e,1
statist,1
62070,1
frac,20
lepist,1
arto,1
salomaa,1
91f,3
68070,3
vairavan,1
91044,3
braeppgoo,1
ttgg,1
167088,1
97c,4
05052,4
amortized,81
s0097539794269072,1
99g,3
05058,3
continuation,4
91h,3
68031,6
s0097539700370084,1
2004g,3
90114,3
threadm,1
14098,5
38770,1
666234,1
83882,1
zimand,1
gopepp,2
argeppgoo,1
0507050,7
2003j,3
05117,3
hcg,1
p519,1
93i,6
90107a,3
sniedovich,2
p546,1
90107b,3
10598,5
ctr,14
265910,1
265914,1
recomputation,1
summarised,1
05178,3
2001b,3
05154,3
klingsberg,1
subseteq,2
bgig,1
bereppgui,2
dithmar,1
spirakis,1
crust,9
gmip,1
geeppsmy,4
9907002,8
turbo,3
2549,9
2553,5
2002i,3
94087,3
bagbhacha,1
0404029,8
1007912,1
1007960,1
bereppyao,4
68189,3
albrecht,3
bler,1
burkhard,1
monien,1
guez,1
artalejo,1
00031,1
68119,3
0312056,10
duneppkob,1
epplue,3
0110011,8
10061,5
2003m,6
68054,3
stiller,1
eppgoosun,1
0507049,7
eppsulung,2
comgeo,1
2039173,3
05028,3
ttree,1
noma,1
recerca,1
matem,2
jaroslav,1
etril,1
berdobepp,8
68124,3
eppdil,1
egm,1
shiang,5
fp38,1
00091,1
52017,3
jhu,22
abstracts99,1
uptf,1
fersluepp,4
njc,2
nordic,6
andrzej,1
lingas,1
unfoldings,31
demepperi,5
0110054,11
072,73
2034718,3
0107023,9
071,96
68307,3
bibgene,1
frati,12
00846953,10
parabola,12
1512,26
04839,13
9644,24
1805,18
04055,5
qingdao,4
10976,8
806,57
quasipolynomiality,4
11185,8
6824,18
reconciliation,3
straggler,7
halifax,13
scotia,12
4619,13
648,43
3313,7
06865,7
straightened,7
6371,16
walcom,16
8973,19
flaps,17
00518,8
11646,12
6771,25
101857,6
1501,13
00318,10
17028,8
cason,6
salamanca,6
1108,22
0748,6
tangling,6
1605,15
09425,7
9866,16
permuting,10
sigai,5
netsci2016,4
cuttings,5
01644,9
conveyor,44
1908,30
07668,12
sublinearly,6
0893,8
3814,12
3829,9
ewcg,12
graz,7
042,79
0413,6
00767,4
turbocodes,4
tahoe,7
856,34
16px,10
googlescholar,2
turi,2
dato,1
graphlab,2
daryl,3
pregibon,1
shayne,7
longpre,7
perisetla,1
emnlp,5
reisler,1
compressions,1
movva,1
jinhao,1
zhucheng,1
montero,1
lao,2
pretrained,1
naacl,1
tongshuang,1
kanit,1
wonguphasawat,1
donghao,1
kayur,1
denoising,2
navaroli,1
acml,1
foulds,2
retweet,1
blockmodeling,1
mcfarland,1
smythh,1
weblogs,2
farnham,1
radunskaya,1
biosciences,1
showalter,5
helio,1
tejeda,2
aakriti,1
catarina,5
belem,3
clement,1
guilloteau,1
kerrigan,6
geoscience,1
giosue,4
migliorini,3
hyungrok,1
putzel,3
heliodoro,1
274a,3
onwards,3
cylance,2
stats5,32
feb6,8
feb13,8
feb20,8
feb27,8
machinelearning,16
jan16th,8
jan23rd,8
jan31st,8
naturallanguage,8
mar6,8
508,53
onlineslides,16
clusteranalysis2018pdf,8
iza,8
879k,8
rcode,8
feb6th,8
ericsudderth,8
28m,8
12m,8
13m,8
bezhadi,1
hicf,1
100n,1
verbally,3
likelihoods,2
multipartite,13
1611,15
01661,8
3177,14
3191,11
newfoundland,7
1534,12
1817,7
hasse,10
7034,28
5361,14
689,74
upward,10
dedekind,5
macneille,5
inapproximability,22
4705,10
651,70
retraction,7
buggy,8
5741,16
kernelization,7
compacting,5
1712,19
09317,10
polycube,39
polyomino,78
903,52
subnetwork,5
laminar,3
07825,3
kawarabayashi,3
4902,19
cactus,14
outerpaths,9
treedepth,18
inversive,15
1404,7
0286,3
8504,13
1902,15
06875,10
dof,4
detc2014,4
35263,4
011006,4
04931,5
686,138
cacti,23
03615,5
101982,5
mosegued,1
phylogenetic,1
jaam,1
kosheleva,1
kreinovich,2
summer10wk,1
cs1401,2
utep,2
cs2401,1
reps,6
polycubes,20
unzipping,5
08433,5
geombinatorics,7
homotopy,18
05706,9
11904,13
6502,34
0579,8
rotationally,9
0581,7
radially,7
permute,8
0045,13
308,100
0345,12
19935,11
08375,7
discrepancies,11
raytraced,7
quadrants,6
orthants,5
3843,14
0510024,6
confluently,6
05445,7
approximability,5
3756,14
05667,7
foldable,8
0088,7
tutte,14
10789,8
polylogarithm,4
cuthull,8
mckee,8
acda25,3
04953,3
05854,6
2106,11
15234,9
2403,6
03290,5
varepsilon,5
proportionate,5
khodabande,1
pronunciation,1
khodabah,2
pratibha,1
choudhary,2
sujoy,1
bhore,1
filtser,1
ppg,68
cyclegan,1
hosein,1
afandizadeh,1
zargari,1
aqajari,4
cheaters,1
mordecai,2
golin,2
torob,1
shopgram,1
gcn,1
convoltional,1
igo,1
ssc,1
django,5
oru,4
healthscitech,3
docent,2
turku,19
ulla,1
tuominen,1
utu,4
iot4health,1
guptasid,1
bitbucket,1
triconnected,6
1710,7
00426,7
antiprism,6
05443,4
swaps,12
03350,4
zier,12
12083,10
schulze,5
2411,6
18790,10
margins,5
pivoting,2
3608,4
1360,2
1375,8
1305,4
8037,21
06488,1
1278,5
1297,10
02452,3
2337,6
2359,7
nastos,3
01610,7
09918,6
12867,8
06113,6
subexponential,14
05465,7
bbenau,7
11159,11
02057,7
2471,19
succinct,18
0341,6
1571,9
1580,7
0808,5
3694,11
3593,6
galois,25
1422,13
platoons,6
atmos,3
openaccess,3
oasics,3
04512,3
maximimum,3
platoon,9
2307,11
10527,9
springs,11
microprocessors,2
udrc,1
stresa,3
hardcore,3
glauber,3
03898,3
2207,6
09972,3
associahedron,24
00278,5
multiplicatively,5
mitered,5
superpatterns,55
0403,7
gd2013,7
superpattern,7
3770,6
analco14,5
riffle,5
shuffles,5
ergms,8
1787,8
14525,8
orienting,5
apportionment,1
2603,7
jeonju,1
8889,13
allocating,2
parliamentary,1
congressmen,1
1484,4
bicriterion,3
0503023,3
4059,4
pruned,3
0607113,4
gd06,4
unmodified,7
1304,13
drawable,6
1509,10
00818,4
2254,9
311,99
suffices,12
ellipsoid,6
5414,11
analco12,3
6321,13
606,79
courcelle,9
bisected,2
dihedrals,18
spindle,1
ridges,3
splinegons,1
contemp,1
hypercubes,24
comparability,1
approachs,1
mpcps,1
durocher,3
endm,1
ringel,12
beineke,1
biplanar,3
cruces,1
0405112,1
641,69
geometrick,1
colorability,4
shermer,5
1027,3
kainen,1
abhandlungen,1
dem,4
mathematischen,1
odenthal,1
scharbrodt,1
4206,8
5866,9
karmarkar,1
odlyzko,4
626,60
interscience,1
nikola,1
586,56
1516512,1
1516519,1
4086,7
dillenco,7
abstracting,1
rusty,1
divisor,1
includ,1
poanc,1
keming,3
kemingl1,1
zhanhanl,1
titus,1
trifan,1
mtrifan,1
hongtu,1
hongtux,1
ocampo,1
cocampor,1
zhijiz8,1
insulting,1
tolerated,2
dscrete,1
numbered,1
documentable,1
forseeable,1
posssible,1
forfeiting,1
zybook,2
assigment,1
apollonius,1
perga,1
inverting,1
transmuted,1
bisector,7
gasket,6
orthocenter,1
cinderella,11
bisect,6
porism,18
externally,1
symmetrical,5
nonadjacent,2
perpendiculars,2
perpendicularly,3
circumscribed,8
octahedron,45
koebe,5
mostov,1
nontangent,1
constructible,4
heptagonal,1
bipyramid,2
heptagon,5
nondisjoint,1
preserves,9
multiplatform,4
kortenkamp,3
gebert,5
kunkel,10
toft,3
mathreader,1
frontendversion,1
macintoshstandardfontencoding,1
fontset,27
nopagebreakbelow,6
nohscroll,17
preserveaspect,102
groupliketitle,3
subsubtitle,1
grouplikesection,3
graybox,1
m22,1
a20,1
m19,1
a15,1
subsubsection,1
whitebox,1
m18,1
a12,1
nokeepononepage,13
smalltext,1
nopagebreakingroup,6
nowordwrap,6
grouplikeinput,1
m42,5
n23,5
grouplikeoutput,4
r65535,1
b65535,1
formataspostscript,14
grouplikegraphics,1
l34,1
w282,1
h287,1
leftheader,1
leftfooter,1
clipboard,1
special1,1
special2,1
special3,1
special4,1
special5,1
palettecolors,1
automaticgrouping,1
currentkernel,1
startgroup,34
92717,2
endgroup,32
zonotope,66
scalars,3
wrapping,5
zonohedron,67
octahedra,15
rhombic,56
dodecahedra,20
towle,17
t96,4
w91,4
parallelotopes,2
beg95,6
z95,7
coxeter,22
c73,11
summands,5
708,62
1029,2
1045,9
3759,8
4290,2
coplanarity,2
determinants,13
zsigntest,5
det,8
zoldfaces,3
zaddtoface,4
pictureleft,13
picturewidth,13
pictureheight,13
1167,44
mathpicturestart,13
graphics3d,18
findfont,13
scalefont,13
setfont,13
0338461,9
09193,19
0272983,9
mathscale,13
setlinecap,13
setlinejoin,13
newpath,26
setdash,13
closepath,15
00749,6
25291,5
06546,6
25949,5
40916,5
693,121
93968,3
34252,3
06375,6
12965,9
871,63
78558,5
05401,6
726,78
05128,4
82196,3
79331,5
75593,5
692,117
mathpictureend,13
0244119,1
976474,2
0551048,1
22283,8
35127,4
60957,4
39318,4
61083,6
76798,6
90555,5
28582,5
11258,11
19735,11
21902,8
72887,4
698,80
91079,5
66778,5
10714,11
58518,7
694,94
81602,5
12758,9
638,78
8202,15
40934,5
08083,5
40791,3
47631,3
723,82
7031,13
0243854,1
975418,2
124275,1
19436,14
59196,10
19779,12
31192,8
4553,7
36957,5
739,71
45469,3
64639,3
7458,15
62092,5
7433,17
34259,5
90952,6
52815,6
90516,4
24436,8
11489,9
84002,6
12757,10
57304,4
06304,5
26727,5
09369,5
11044,7
48511,3
84375,4
41779,4
57374,6
35678,6
26446,5
38576,5
469,77
hexagons,45
59864,4
86832,4
4265,13
71766,9
59752,4
53806,4
68645,5
55521,7
30843,7
33772,6
25628,6
1624,20
43893,4
20892,8
67066,4
55636,7
9778,20
33301,7
93238,6
15773,8
7758,15
90816,6
60625,13
86746,4
37018,4
68791,7
22082,11
10967,14
53975,17
46764,4
16656,8
83029,6
47106,6
60416,5
41805,5
42109,6
26282,6
87228,4
71162,4
69269,7
90147,7
639,74
738,69
46642,5
85416,4
41982,6
61131,6
23828,7
45354,3
dodecahedron,86
cuboctahedron,21
archimedean,53
72983,4
45577,4
59808,6
70212,6
38251,5
48907,5
16008,11
3808,8
82261,4
86985,7
73273,5
79153,5
51212,10
23862,9
28914,5
35265,5
768,39
868,63
31716,4
667,57
91699,5
867,29
2861,11
69524,4
42046,6
43586,6
64885,5
66208,5
787,39
775,37
62226,4
27324,1
56013,2
0390032,1
59107,7
5735,17
25414,3
79101,3
16523,10
47412,6
727,66
25192,7
1658,10
702,53
50682,10
25354,5
93181,4
72704,4
658,60
578,70
59256,6
32601,6
93556,7
10472,11
06992,6
52797,4
06595,6
91453,6
15911,8
23535,8
85157,5
40634,5
719,77
41943,8
30229,8
902,33
85781,5
17349,9
39993,5
77145,4
45911,4
77387,5
84872,5
759,66
41782,5
07849,5
rhombicuboctahedron,5
65621,8
31739,8
68681,8
48703,8
50831,4
50404,4
47664,5
33519,5
38234,7
63609,7
22241,8
60092,4
38146,8
8079,23
31676,5
29725,5
18847,9
43093,5
50824,5
91986,5
6897,14
90428,4
81742,6
76925,6
81535,4
59601,4
26763,9
22388,13
22043,12
77398,8
4757,10
0011,12
31153,5
96807,5
18306,8
85287,4
91657,5
53589,5
88686,6
36275,6
75501,4
25326,4
13711,9
35965,5
66005,8
9856,17
582,47
0977,7
43284,7
09476,8
61184,8
13073,9
78751,5
91937,9
71126,9
71274,8
17841,12
862,43
5492,11
13769,8
36277,5
15697,9
26098,9
90414,9
84648,4
28916,4
81863,5
36235,5
82084,6
5438,13
85226,4
72285,4
89323,5
79036,5
096,88
76158,4
92974,4
753,54
65189,5
32228,5
20834,14
665,68
32671,4
22765,8
71825,8
8645,18
19209,9
36782,5
18979,8
54908,4
35865,5
8458,13
32346,5
66639,5
55023,4
82897,4
51627,6
64866,6
65291,5
50512,5
70317,8
79305,8
49416,6
81151,6
4943,6
61232,4
70167,4
59307,4
34467,8
46449,8
19105,8
54484,4
79405,6
42112,6
64344,4
27053,4
4337,8
29156,5
13135,11
46411,7
778,55
691,64
18849,9
7468,14
3418,9
89667,7
79893,5
85703,5
89162,5
47827,5
8947,19
68294,6
59244,8
18439,12
3789,8
20624,8
865,34
12826,13
66935,9
64698,4
9448,10
96311,5
59465,8
86972,8
776,50
22129,11
28552,7
84473,5
39492,5
68848,5
37526,4
88877,4
84748,7
60295,7
2161,11
73302,6
31102,5
34192,5
30934,4
55208,4
53122,5
32004,5
53138,6
53107,6
69166,4
68989,4
54187,4
5781,14
46309,5
6608,11
3824,14
58124,8
46143,8
49846,8
65355,9
56765,9
46289,4
76814,4
38122,12
81337,12
70281,5
47541,5
6837,19
36905,7
6026,14
28808,6
48981,5
29935,5
44142,5
39278,5
73352,5
63597,5
668,55
54217,5
83762,5
82773,5
73446,5
74386,5
28246,4
55896,4
3415,7
36942,5
26157,6
45283,6
38966,5
27537,5
623,53
78341,12
54363,5
78591,9
77754,9
60289,5
46066,8
88355,8
35981,9
22944,13
19384,12
35704,8
70573,5
86228,5
74553,5
32955,5
84618,6
50569,6
82742,5
39797,5
19796,14
71152,10
28035,3
79215,3
4399,10
93376,5
33781,5
91289,5
25771,6
84145,6
1779,12
49622,5
66381,5
24776,9
68741,7
91255,8
60502,6
96008,6
48921,5
96989,5
14576,9
45243,5
17441,8
76008,4
12142,9
49877,5
1197,11
14189,9
71859,5
68821,11
23018,15
88053,6
42865,6
89925,4
53732,4
90094,9
6474,20
84929,5
7414,13
63662,5
20125,9
4196,4
18804,8
27564,5
27187,5
53505,5
17619,9
38637,5
94901,5
18882,12
75301,8
16988,12
40261,8
88444,5
69606,5
007,121
83233,5
7908,9
75062,5
87724,5
58589,5
20503,9
33508,9
23057,13
85527,5
38344,5
83811,6
42981,6
83956,5
54225,5
85895,5
65322,5
35567,9
90899,9
66791,5
92495,5
16661,16
64316,12
535,68
69214,11
78834,11
5658,17
2496,13
48033,10
2936,13
36175,4
30546,4
31243,5
27517,5
77168,4
29966,4
75358,5
34522,5
65002,6
32033,6
22903,8
36205,4
64003,5
88442,5
27042,5
82564,5
41706,4
8729,16
765,36
53568,5
86256,5
27755,6
39328,6
631,80
27649,6
50653,6
2263,5
60449,3
33113,9
78869,9
30923,5
67738,9
75592,9
58845,9
77582,4
70001,5
721,58
58755,5
76582,5
56472,4
36506,4
56667,5
65376,5
47998,6
56805,6
36011,5
5793,18
65137,5
56471,5
56496,5
47892,5
triacontahedron,4
icosidodecahedron,9
archimedian,2
goldenratio,120
38619,8
72132,8
59765,4
5766,15
81201,9
68274,8
78006,5
42867,5
56519,8
32459,8
712,64
35031,4
88052,4
19753,9
65564,5
46984,4
5985,17
82889,4
5666,18
99188,8
713,72
37877,4
25212,4
45693,8
14921,12
64628,4
22503,8
16295,12
39975,8
87286,8
75253,8
89923,3
59074,3
78447,5
84272,5
8669,23
33049,8
15717,12
81616,8
23615,9
30022,5
807,62
19549,12
45769,8
12172,7
55564,3
64993,4
90515,4
37516,4
92875,4
45541,8
83903,8
83974,5
48748,5
67937,4
25568,4
773,58
23148,9
72472,5
64775,8
41382,8
42094,4
30346,4
68223,4
68377,4
41998,4
56968,4
715,70
rhombicosidodecahedron,8
55195,8
66221,8
49899,5
58491,5
53776,11
49908,11
4616,8
41324,7
54758,7
49887,14
81643,14
574,89
62974,5
49031,5
69348,4
43833,4
70443,7
36233,7
65757,6
29123,6
57052,5
25281,4
47716,5
26222,5
41386,7
31554,7
40456,6
39172,6
64446,5
74225,5
55209,3
75053,3
65378,4
68301,5
56771,5
40809,5
27875,5
4948,5
32686,4
56441,4
74709,12
51604,6
68458,11
80005,11
27265,5
62952,5
32653,5
33172,5
81244,6
51863,6
63149,6
86674,6
53814,4
87484,4
45097,5
8931,17
41212,6
83436,6
27181,8
71844,8
32516,4
7969,11
22408,15
55989,11
45335,5
22433,9
794,41
30148,5
29447,5
40233,5
91483,5
31408,5
87695,5
27576,5
81776,5
22205,14
73864,10
1739,14
57885,4
17271,9
66869,5
74977,5
80465,5
85403,5
5755,12
85524,4
6654,10
81522,6
75328,6
82416,4
44245,4
76976,11
36385,11
25138,6
19532,8
37729,4
15542,10
46636,6
54349,6
41145,11
86607,6
49915,6
54746,8
21476,12
69659,4
87183,4
72287,4
29225,4
70845,7
88845,7
87957,5
51231,5
85876,5
47581,5
81104,5
40284,5
75505,5
32197,5
71299,7
26525,7
70099,6
25433,6
32238,5
89368,5
29672,7
86047,7
24642,11
78924,6
19116,8
70782,4
15284,12
6485,16
1461,11
63398,4
86861,8
6801,16
8282,14
7688,15
32355,16
26806,11
61262,4
21525,8
31517,4
25708,4
38941,8
6238,11
22581,9
77461,11
83678,11
66117,8
91048,8
754,93
88089,5
60337,5
16227,9
47932,5
57209,4
92935,4
47621,5
93755,5
72763,3
8585,13
86002,7
56752,7
81323,4
58725,4
75828,5
65603,5
71685,7
7472,21
70529,6
82467,6
61515,5
84349,5
54842,5
8962,14
70741,5
33966,5
61688,5
29975,5
57534,6
24262,10
63012,14
57097,3
45175,11
90454,11
33461,5
36132,4
86567,4
38834,4
26895,4
48502,5
2592,9
7638,12
42122,6
76473,5
51392,5
31094,5
79394,5
33168,7
33599,11
62622,5
76584,5
57648,6
69279,6
4846,7
6529,14
3864,13
66193,8
32017,5
71608,5
5261,15
31665,6
37181,5
3941,10
37129,5
48729,5
32993,4
57918,4
26408,4
63368,4
7093,17
58269,11
46956,5
38452,5
61813,4
6008,12
4694,8
47788,6
52624,6
56074,6
56383,8
63996,8
52461,4
58275,4
55332,6
51922,6
46971,5
62032,5
40621,9
59273,9
50888,5
67757,5
46942,20
79157,11
61299,4
44732,4
62139,9
51276,9
54487,11
45388,11
66078,5
57003,5
63194,4
63369,4
68787,9
72683,9
50887,4
74292,4
34232,6
6053,13
39761,7
52743,7
48135,5
42607,5
4263,9
46373,4
66007,5
40872,5
66802,6
35246,6
63334,5
29998,5
56912,6
27166,6
50024,5
27857,5
45339,5
3179,13
44635,9
37426,9
39112,5
41204,5
32688,5
42419,5
29807,6
48829,6
33362,4
53984,4
71637,5
59745,5
76394,6
55929,6
75562,5
49343,5
71586,5
43583,5
68742,5
66126,5
56409,5
77079,5
30233,5
65352,5
5847,19
71775,11
76951,11
29917,7
34005,5
31112,5
2842,17
34932,5
27782,6
40594,6
63255,4
76469,4
52472,7
81966,7
30178,6
71919,6
34117,6
77708,6
40533,8
80473,8
25325,4
63627,4
757,54
66218,5
80756,5
24893,8
47032,4
81233,9
56143,9
80402,5
49523,5
72406,7
37955,7
62287,9
85685,9
55388,5
86286,11
39616,7
84628,7
54545,5
9049,13
48075,6
91854,6
42485,4
88983,4
25257,6
70218,6
21567,12
71702,8
45167,5
33166,4
81852,4
70301,9
27482,9
20829,15
51851,11
84302,4
6036,10
84388,5
66996,5
81438,9
73476,9
76606,5
77275,5
81265,5
43885,5
77245,5
38076,5
52422,9
19793,13
18006,10
59886,6
17919,10
66528,6
61479,5
89893,5
65466,5
27415,5
43391,5
23158,9
3686,12
24346,9
3216,15
28344,9
86568,6
57943,6
87465,6
52286,6
86628,5
45562,5
83514,5
41369,5
785,67
38875,6
90588,6
87788,5
29515,6
83408,6
59008,4
24563,8
2654,14
32189,5
22822,9
33462,5
18681,9
38319,5
44887,9
15147,10
17106,8
5323,11
75872,5
81446,5
71932,5
8643,14
66298,5
90287,5
80727,5
77642,5
79469,11
35529,11
422,55
45192,12
94754,12
20541,15
75853,11
24531,8
81735,4
57314,7
21743,11
14897,14
68117,10
86661,4
64611,4
87657,8
65685,8
8697,16
69866,5
83964,5
76463,5
81681,5
78805,5
27359,5
86126,5
44489,4
93479,4
72825,11
87654,11
16871,7
70665,3
38862,5
21697,9
35182,5
22919,9
29474,5
26823,5
24746,10
3086,16
45427,5
20508,9
843,35
87627,6
46506,6
86089,5
4378,9
8257,14
38385,6
78437,5
3242,8
75314,6
28227,6
74397,5
27406,5
75995,4
27945,9
87354,9
26023,6
84889,6
7963,19
18225,9
73622,5
15397,13
69224,9
68671,6
24668,10
67151,5
91538,5
62142,4
21781,8
57245,5
19821,9
1467,9
48946,5
877,53
14078,9
54662,5
88469,5
53275,5
35827,11
23712,15
58044,9
20591,13
20587,8
35737,4
2113,13
3662,11
20075,9
4069,11
17078,10
47378,6
15171,12
4992,9
1398,10
61375,3
14475,21
62435,7
77718,4
83833,4
79985,11
81513,11
76517,5
8311,15
70755,4
87056,4
65827,8
9091,17
63639,5
9318,12
88568,4
60007,4
87882,5
64176,5
4021,13
93109,5
45004,6
93527,6
57065,6
94578,6
49992,4
9518,16
86335,9
61545,9
90273,4
27643,5
31708,7
8782,15
52455,8
88152,17
70433,7
26278,7
73546,4
30481,4
20155,8
71217,4
20785,12
65461,8
19854,15
58563,11
16986,8
54189,4
15074,9
56697,5
59219,4
9231,12
82877,6
63033,6
78825,5
68127,5
75762,5
7486,13
74889,9
8059,18
85386,5
47881,5
821,47
63814,4
23352,8
54438,5
2182,11
29033,9
77598,9
43179,5
91085,5
69089,5
84561,5
62422,5
85958,5
5748,11
89852,5
24861,9
36626,5
25894,8
32563,8
70011,9
31779,9
63317,6
28826,6
60233,5
24601,10
4063,8
23761,9
47766,9
23036,13
24256,9
77259,5
36493,5
88213,5
81846,5
42471,5
85478,7
54685,7
39675,4
27784,4
35476,8
32758,8
29647,5
36746,5
796,50
45269,11
88775,11
46848,5
27062,5
78355,5
43845,5
78429,6
50703,6
82012,4
56133,4
38545,4
85884,4
6248,15
32903,5
55742,6
34167,6
49882,5
31323,8
84234,6
70792,7
73084,7
64071,5
74461,5
58202,5
78478,5
69211,5
35868,5
73401,6
41932,6
70229,9
60888,9
24628,8
58802,4
65737,8
29707,5
71833,5
54504,5
73076,5
47701,9
70128,9
40431,6
70788,6
35513,5
74786,5
34812,5
80554,5
32599,6
41063,9
32548,6
47957,6
29492,5
54754,5
73865,4
66319,4
38458,4
37054,4
36341,6
73462,4
48816,4
6934,20
53907,11
39509,7
63807,7
57673,5
63479,6
62236,6
60394,5
69045,5
46128,9
51559,4
39209,4
38388,5
50859,5
55775,6
52264,6
6258,13
55237,4
46785,4
63134,4
50165,5
49869,5
56306,5
cones,15
slices,12
festive,3
pointy,3
zonecircle,6
cos,55
15567,8
0524368,1
1283,3
0282076,1
47452,10
65093,10
47438,4
63923,4
47477,9
62758,9
47491,4
63927,4
35491,5
73034,5
59858,8
75135,8
59839,5
73956,5
37455,7
4857,9
48755,7
35209,7
58756,7
49423,7
71176,9
60554,9
55795,3
2993,10
61223,3
29388,3
64231,7
33678,7
559,48
59824,4
76312,4
35447,6
74212,6
47443,10
67402,10
47388,4
66242,4
47506,3
66251,3
35456,6
75394,6
59884,9
7748,16
35387,7
76556,7
47496,5
68542,5
47402,5
68535,5
3539,14
78875,7
35437,5
77728,5
59825,5
78641,5
704,70
34352,7
32438,7
25372,7
58763,7
622,51
42817,3
29387,3
607,48
47849,3
30365,3
49114,2
30418,2
50379,2
30471,2
47455,7
69677,7
59885,9
79793,9
35438,5
8003,14
35443,9
81174,9
47466,4
70807,4
59849,4
80938,4
59866,10
8208,20
71199,4
61728,4
71263,10
62891,10
526,50
71241,5
61715,4
80513,6
70121,6
80444,5
68942,5
76746,7
44787,7
62286,2
29102,2
6335,9
28815,2
66697,3
26992,3
59918,4
76303,4
8054,19
71314,6
71233,5
64063,5
71298,9
65207,9
71328,4
64034,4
80609,5
72475,5
37763,2
28405,2
59943,5
78631,5
80583,7
73665,7
71267,8
67498,8
7132,14
6634,9
71245,4
66363,4
59901,5
80934,4
8061,16
74816,8
25324,8
59937,8
71237,4
68638,4
8056,12
75991,4
35963,3
27667,3
22172,11
42575,7
36864,2
28036,2
25329,4
61117,4
47872,6
92583,6
69027,7
90752,7
80534,10
77149,10
25255,8
62275,8
25302,5
63443,5
746,47
25249,13
64585,7
66544,7
786,48
35394,5
80018,5
65723,6
25598,3
2525,6
61095,4
17904,8
25293,4
66875,4
17826,14
68914,10
17853,12
7479,19
28154,6
89265,6
8613,19
53032,8
70071,3
25154,3
73857,7
28494,7
25203,6
63416,6
17828,8
70113,4
17772,13
71273,9
17815,9
72462,5
17812,11
73619,7
27536,7
26548,7
31217,2
23511,6
70445,2
24654,6
761,42
14667,11
50186,7
40713,7
0087,7
56957,7
01445,8
24152,6
83265,7
36594,7
70517,3
21857,7
86202,8
54211,8
86231,4
55403,4
86304,11
56563,11
478,56
31103,2
22988,6
86279,4
57754,4
86309,8
58903,8
80584,4
75973,4
60059,6
3099,4
22464,7
62166,3
02677,3
66977,3
01588,3
70632,7
9833,22
86238,5
61234,5
82316,7
84518,7
20062,11
33983,7
32462,3
20236,7
7021,18
88077,4
61245,4
88003,6
60045,6
85106,8
43395,8
17878,8
6772,13
845,51
86275,4
55369,4
62425,9
14587,12
51361,8
88182,5
6364,16
14534,8
52556,4
17769,8
70073,4
86334,3
57712,3
88214,10
6481,21
18672,11
82164,7
29131,7
96849,7
53714,10
872,62
14476,8
54916,4
14471,13
56071,9
886,27
17768,9
7243,13
8819,15
66023,4
14513,8
57261,4
88167,8
67199,8
14553,10
58431,6
88119,7
68396,7
31732,7
20183,11
33948,2
17988,6
15326,12
65597,8
923,24
73025,7
21942,11
69699,2
19053,6
5611,14
03867,3
57381,2
0376,8
5484,13
03974,6
69186,2
18565,6
28529,6
15439,9
092,80
037,75
03187,3
43426,2
03573,3
61307,3
14529,8
52518,4
15359,10
58397,6
054,88
59576,8
15246,7
60794,3
1447,9
54869,5
791,60
15241,16
61969,11
17554,6
61755,7
17105,11
15242,8
63193,4
944,20
14511,8
5724,11
15283,12
64384,8
35454,3
17119,7
40177,3
15795,7
32776,7
26767,7
32945,2
00384,2
20923,14
40783,10
555,67
16397,11
44928,2
14464,6
68554,2
00866,2
70235,3
98974,3
67765,2
01228,4
71933,3
97064,3
75486,7
92863,7
811,46
58952,2
14696,6
47478,3
46202,2
14332,6
88078,4
61224,4
85179,7
44574,7
962,38
85253,5
45775,5
954,33
85283,9
932,29
88184,4
63594,4
32388,2
99975,2
016,69
3183,6
99564,3
88191,4
65985,4
85312,4
48159,4
894,44
85288,10
49334,10
85262,4
50549,4
874,39
54602,6
24561,10
633,77
85213,7
51746,7
81332,7
76564,7
814,40
27635,7
91131,7
97588,3
78326,6
78255,4
51241,5
67699,9
36184,9
8521,15
4574,9
78353,7
53627,7
20845,8
41979,4
78425,6
54849,6
15295,8
60751,4
20788,12
43156,8
85258,4
48116,4
20786,11
44329,7
78396,8
56044,8
15281,8
63159,4
20734,9
45548,5
20778,10
46736,6
85238,4
5053,14
78423,4
57282,4
20781,10
47962,6
7837,20
58498,8
20827,9
49174,5
59734,7
24305,11
74415,7
3081,5
95592,2
71863,2
96609,2
823,53
769,34
71793,2
96154,2
69495,3
94313,3
20867,8
41959,4
29993,4
49313,4
41994,10
35123,10
29941,8
50508,8
29865,4
51724,7
29868,9
52916,9
29819,4
54153,4
29867,10
55361,10
29875,4
56605,4
29925,9
57836,9
31156,2
9515,7
31502,4
94708,3
672,45
68928,7
87528,7
67175,3
92456,3
34882,3
93066,3
67766,5
37378,5
67787,7
38559,7
78325,5
5482,15
67754,5
39747,5
37307,7
86369,7
38291,2
9141,15
67821,7
40967,7
78343,4
57259,4
67721,5
37364,5
5514,19
48088,7
55124,4
46893,4
67763,6
42178,6
55201,5
49298,5
67785,6
43414,6
66252,2
92121,2
5516,20
65835,7
70638,7
67752,5
44646,5
65327,2
91785,2
55222,4
51734,4
41956,9
37494,9
42003,4
36305,4
41948,4
36311,4
55158,10
52959,10
6003,15
90885,6
29943,4
51699,4
55176,4
54209,4
55137,9
55456,9
55099,5
4929,11
4201,14
38693,5
41886,5
38705,5
39402,2
91148,2
29916,5
54122,5
4194,14
39905,9
40514,3
41897,4
41138,4
55096,3
41953,8
42362,8
41996,4
41128,4
5471,11
89982,3
46258,3
90385,3
43032,7
69768,7
29918,4
56591,4
55119,4
54205,4
41965,5
43601,6
53754,7
8492,19
52016,2
89884,2
53363,2
89933,2
permutahedron,15
transposition,2
zvecplus,8
zmakepolygon,6
transpositions,4
1175,7
ztuples,4
memberq,3
flatten,15
zalltuples,3
zaddtuples,2
znewfaces,2
zallfaces,2
zliftall,2
zliftface,2
zorigin,7
zface,4
zliftvector,2
znext,2
nestlist,2
285714,1
egyptians,4
numerator,2
scribes,5
mathsource,2
transcriptions,1
quet,3
expansions,5
carmichael,1
daly,1
counterexamples,7
primality,1
darrah,1
chavey,2
ketcheson,1
quentin,1
wagon,37
bartels,1
curtiss,1
numerators,2
dominus,5
rhind,2
izzycat,4
shiu,1
baez,14
capps,1
ernie,3
croot,1
knott,1
eberhart,1
mathnerds,1
magnificent,1
farey,1
divisors,2
looping,1
loy,2
steprans,2
strauss,1
swett,1
remainders,1
stubbornness,1
irrationality,1
wickets,1
cecm,2
nevin,1
magma,1
w98,1
w07,2
f03,19
f02,5
s22,1
s97,1
s99,1
f00,1
s08,2
warshall,1
zwick,3
thorup,4
aingworth,1
sicomp,4
carstenson,1
demetrescu,1
viii,2
abet98,2
centerpoints,1
hr98,1
rh99,1
be96,1
kmnpsw99,2
rw97,1
ee94,1
g99,1
dmn92,1
e97,1
e98,1
280g,1
quadrilateralizations,1
conforming,1
tetrahedralization,3
thuan,1
casale,3
seiden,1
untetrahedralizable,8
quicktime,8
nhardt,6
zerlegung,1
dreieckspolyedern,1
tetraeder,1
annalen,1
1928,6
tetrahedralized,1
interlace,1
voids,2
holden,2
interlocked,2
hyperboloid,7
clipping,1
radiosity,8
oversampling,5
bibliographies,2
achilles,1
grantham,2
octrees,9
gargantini,2
grzeszczuk,2
deussen,2
hiller,2
overveld,2
strothotte,2
stipple,2
pellegrini,3
electrostatics,3
itti,1
gravigs,1
pixelate,3
crystalize,3
mosaicexpress,5
mosa,5
tilings,315
jeffry,2
nimeroff,2
depts,2
puertra,1
islamic,7
sigrapi,2
3602702,3
4694404,3
5123084,3
octree,23
5222201,3
3889107,4
5129051,2
trapezoidal,9
4791582,2
5276783,2
trapezoidalization,5
5020002,2
5268998,2
5317681,3
5428717,3
reflex,6
5574835,2
verisimilitude,1
raycasting,1
doom,1
ericson,1
neversoft,1
parberry,1
aisee,1
edgar,22
specialties,6
cse690,2
vinci,2
hlich,1
krempel,2
graphdrawing,2
clearinghouse,1
graphlet,1
graphml,1
malf,1
parenthesized,1
graphxml,1
leda,1
xgmml,1
bcg,1
aldebaran,1
graph6,1
sparse6,1
neato,1
koutsofios,1
gvf,1
jgraph,1
jgraphed,1
chilakamarri,1
littman,1
sawyer,1
munzner,3
burchard,2
throughs,2
classics,3
minireviews,1
bitnet,9
ohstpy,2
0395,2
43210,3
4975,5
geographer,1
goodchild,2
labelling,9
raster,1
clans,2
rainfall,5
rockville,2
geoscientific,3
lattuada,3
raper,3
aquifers,3
centrelines,2
thiessen,5
ladak,2
crampton,1
biometry,4
geomatics,6
laval,1
egenhofer,3
guthrie,3
natl,2
technik,2
hinter,2
hlentag,2
schiess,2
plume,3
hargrove,2
winterfield,2
interstate,2
dobie,3
canberra,2
roque,3
choset,6
igis,1
prisme,6
mirzaian,1
binhai,2
santosh,2
hurdal,2
settlement,2
oostrum,3
terje,3
midtb,3
gousie,1
trim,3
medial,53
watersheds,2
472kb,2
blm,1
waupotitsch,1
infosystems,3
5115,11
herzberg,1
jthomas21c,3
0500,34
1996feb8,1
194330,1
geovax,2
msc9342,1
cadd,6
microstation,1
builts,1
aml,1
restriping,1
resurfacing,1
jguthrie,1
wnet,1
rpl,2
netcom,12
winternet,1
occupancies,1
10310,5
t5j,1
2x6,1
suitename,1
orsuitenumber,1
housenumber,1
housenumbersuffix,1
streetname,1
streetdirection,1
streettype,2
streetnumber,1
streetnumbersuffix,1
municipality,3
namedlocations,1
soundex,1
urisa,1
eichleberger,1
hurst,2
huxhold,1
oversimplification,1
rpldlkdmi,1
laudati,1
lorenz,2
replies,4
perfom,1
geocoding,2
20000,21
98a,1
75000,1
4500,4
inconsistant,2
roos,4
ethz,4
cacs,3
usl,1
ceriss,3
practioners,1
theorical,1
internetworking,1
multidatabase,1
submitters,1
bergougnoux,4
cuesta,1
toulouse,6
irit,2
anatole,1
31042,2
cedex,1
55455,1
bergougn,1
8307,10
0572,2
niki,2
pissinou,3
kia,3
makki,1
dpt,3
busovaca,2
frieder,2
nassersharif,2
supercomp,2
salehi,1
acedemia,1
adeli,1
bourbakis,1
gsfc,4
faloutsos,1
fayad,1
golshani,1
burnaby,1
halem,1
ibarra,1
gams,1
rudensteiner,1
samet,1
scheuermann,1
tryfona,1
vonderohe,1
wah,1
lakehead,1
guenther,1
henrich,1
praktische,1
laurini,1
sellis,1
worboys,1
keele,1
zurfluh,1
umatsushita,1
bancilhon,1
coyle,1
coprporation,1
sarjakoski,1
geodetic,1
elias,7
kalaitzis,2
tesselations,22
tumour,2
dunckley,2
tessellation,18
bark,2
byers,2
insects,3
somnath,2
metallography,2
monagan,5
montoro,4
abascal,4
microstructures,2
nyg,2
gudmundson,2
pearlite,2
sztor,3
adass,3
minn,3
dupuis,4
sadoc,4
mornon,4
gerstein,2
qhull,7
riemann,11
juha,1
haataja,1
collinearity,4
rooflines,5
glynn,4
spherulites,3
thermoplastics,3
mihran,2
tuceryan,4
5564004,3
cursor,4
snibbe,5
zoology,7
scot,4
archaelogy,1
forestry,2
crystallography,7
metallurgy,6
meteorology,3
zdravko,2
jeremic,2
dartmouth,9
archaology,1
archeology,1
neolithic,1
chiefdoms,1
ceremonial,1
1644,14
alloy,9
settlements,1
gauges,1
capillary,2
contraint,1
midpoint,17
dealunay,1
lexicographically,1
multiplic,1
atively,1
crstals,1
tear,2
stranger,3
mulitplicatively,1
sticking,3
shamos,14
halves,4
rightmost,1
voronio,1
sugihara,6
aurenhammer,3
preparata,5
interpolatation,2
stereolithography,1
ferrez,3
schlei,6
skourikhine,3
micrographs,3
simplicialview,2
sheme,2
vaisman,2
abkemeier,3
resistor,3
shewchuk,5
archaeological,2
jiminez,2
pjt,2
interpolate,6
uwa,5
quickest,1
barycentric,2
splines,5
sibson,4
neighbour,3
alfield,1
lyche,1
schumaker,1
geobyte,1
marlin,1
nosc,4
3359,10
nedlands,2
6009,9
1028,9
ensab,1
gdr,1
bowyer,3
kiel,4
dbp,1
ameskamp,2
25pfi0,1
aggedor,1
s914373,1
minyos,1
bullen,1
ajb,1
oasis,1
buckley,1
olshausenstr,1
24118,5
8804054,1
8804474,1
d400,1
countouring,1
kinks,1
seamed,1
contouring,1
castalia,2
deimos,2
stook,2
pneumonea,4
everhart,2
4704694,3
5086482,2
5159645,3
4817166,3
5463721,3
4888693,3
4969110,3
5053958,3
5465221,4
5483606,4
metaphase,2
chromosomes,2
stelts,3
intestinal,3
qub,3
trickey,2
renderings,2
letterforms,5
beveled,2
lettershape,2
bigelow,12
chamfer,1
thiel,1
ogniewicz,3
imprint,2
skeletonization,3
forgeries,2
alberts,2
rtner,3
estrozi,1
felkel,2
obdrz,2
placentas,2
tesarna,3
typesetter,3
carved,6
lettering,7
coker,2
lindquist,2
bapspc,2
tomographic,2
5506784,3
5510994,3
5541847,3
embroidery,3
susceptable,1
aupetit,1
accessability,2
subregions,3
lul,1
laaksonen,1
abrahams,1
gessel,1
merkle,1
rayasan,1
shastra,2
sanner,1
scripps,1
sausages,2
macgregor,2
conformation,2
zauhar,1
mirtich,1
walkthrough,6
krus,1
lodestar,1
tsutsui,1
biagio,1
batty,5
makse,1
havlin,1
debevec,1
moebius,7
quin,18
roofer,1
terzidis,1
vakal,1
kernighan,2
5211692,2
5155951,2
5448868,2
visualising,6
constraing,1
leeds,1
gallier,1
sculptured,6
antenna,3
carafe,1
sahul,3
mckenna,4
dutton,3
nupad,3
sethian,4
insufficiently,3
bogged,1
stolfi,1
incrementing,2
decrementing,1
traverses,3
gigabytes,1
tediously,2
subarea,1
latombe,1
vleugels,1
svestka,1
preprints,3
fixturing,10
howie,2
4862373,2
brl,1
grimstead,1
jeongyoon,1
hexar,2
cray,2
jai,1
baining,1
nonminimal,2
raindrop,1
geomagic,1
nurbs,2
narkhede,1
diekmann,2
paderborn,3
amans,2
darrier,2
vavasis,3
finch,10
hanzo,2
schober,5
szeliski,2
5134480,3
5228098,3
5444489,3
5446806,3
5452104,3
5469212,3
5459831,3
5461712,3
lupton,1
maley,1
cary,1
tjaden,1
cfa,2
lauer,2
manufacturability,3
wuerger,1
kurth,1
workpiece,1
janardan,1
jayanth,1
majhi,1
feeder,1
macuser,1
freeform,1
sintering,1
0007019,2
koichi,2
hirata,3
flexagons,6
polyiamonds,14
flexed,3
flexagon,3
conrad,3
hartline,3
mirrored,6
hypergami,6
knotology,3
mathsolid,3
platonic,96
termes,2
origamic,15
pentomino,62
pentominoes,35
proteon,6
livio,11
zucca,18
plexagons,2
pleated,2
shareware,7
shlegel,3
foldouts,2
weimholt,2
polytops,2
kokichi,4
stardust,3
weaire,11
phelan,11
stella4d,4
stellations,15
komei,8
fukuda,19
icosahedron,35
tessellated,7
britton,15
tobi,4
flexor,4
mabry,4
schevon,5
unfolds,3
unfurling,2
crinkly,2
hexomino,5
acas,1
jhunix,1
shephard,6
anglia,2
flattening,1
heuer,1
cundy,1
rollett,1
wenninger,3
grunbaum,4
orourke,19
arpanet,2
highrisk,3
shellx,3
unwrap,7
polys,6
70690,1
mkelly,1
hrvinc,2
97401,1
4176,5
grendel,2
northampton,4
4ljjqq,1
1mt,1
wormwood,3
openeness,2
namiki,5
mathem,1
atica,1
ocarina,1
ifor13,1
unfoldpolytope,5
waka,2
hqx,1
ifor,2
hir,1
makoto,4
komaba,1
meguro,1
namki,1
titech,1
3467,7
1171,10
otsuka,2
bunkyo,1
gssm,1
6876,16
consisits,1
unfoldgallery,2
badunfolding,1
badfolding,1
nifty,11
geometical,1
midpoints,16
apologize,5
tetrahedoron,3
adb,3
bde,1
bef,1
efc,1
bamboo,4
durable,3
beezer,4
playdome,2
icosahedra,31
tires,2
sculpture,31
luecking,3
buckyball,20
cardahedra,3
crompton,4
anamorphic,4
aperiodic,66
pedagoguery,3
dodecahedral,6
melon,2
clive,11
aurelius,2
stefancyk,3
cahill,3
interlocking,24
jovo,8
pentagonal,22
constructable,4
landry,3
escheresque,3
balsa,3
lechner,4
sculptures,12
plexiglass,2
koning,2
cosahedron,2
tek,9
pecan,2
octacube,2
ocneanu,2
shockwave,9
flythrough,2
paperforms,3
vonachen,3
cutters,3
stellated,12
polyhedreality,2
stirrers,2
dacron,2
polycell,2
olshevsky,2
cardstock,2
polyedergarten,2
mikloweit,2
typewriter,2
lace,4
plaited,6
blowers,3
ivars,27
triacosiohedron,3
snub,17
moeser,3
broccoli,8
stalks,3
liam,10
striker,2
starpage,2
deco,2
merrill,2
mccluer,2
icosahedral,8
machined,3
seeman,2
strut,3
tensegrity,11
leftwich,3
dowels,3
hairbands,3
venables,2
osb,2
vedder,2
tiac,1
repost,1
arcsin,1
01657,2
64606,1
radians,5
76541,2
46714,1
82463,1
27619,1
07008,2
47246,1
octahdron,1
gevay,3
szeged,1
unico,3
axelero,1
prgr,2
phantasy,1
doughnut,1
handlebodies,1
monohedral,2
logix,2
flatworms,5
fractiles,3
rhombs,12
hardwood,4
burrs,3
kadon,4
penrose,106
pentominos,6
harshbarger,8
legos,5
livecube,3
lipson,4
mindblock,3
reassemble,5
ozzigami,4
papercraft,4
peel,4
glitter,4
polydron,6
polychromatic,2
polymorf,5
engel,4
mazes,5
coffin,4
burginger,3
dexterity,2
tipped,2
rombix,2
spacebric,4
borromean,19
puzzellations,4
mendelbrot,4
zometool,11
hyperspace,18
quasicrystals,16
fullerenes,3
zubek,6
toroids,4
tori,18
strangely,6
loday,3
batchelder,2
bellows,3
sabitov,3
walz,3
deforming,3
flexing,3
buckyballs,26
circumnavigating,3
bottomley,5
huson,6
polychoremata,3
semiregular,6
dynkin,3
borsuk,9
kalai,7
deltahedra,5
dodecafoam,4
domegalomaniahedron,2
inscrutable,2
fearnley,2
pov,16
soccerball,4
inchbald,7
gazette,5
savard,4
zare,44
geometria,2
brundage,5
knots,67
triacontahedra,2
wieringa,2
serras,9
ghent,5
homage,2
graziotti,2
triambic,3
quilt,10
newbold,15
mylchreest,3
slicer,5
sponges,14
hebesphenomegacorona,6
onna,3
hecatohedra,4
dissected,44
holyhedra,4
jade,5
vinson,4
menger,40
sponge,27
hyparr,3
rotatable,5
wireframe,2
penguinhedron,2
hadamard,10
icosamonohedra,3
hendecahedra,3
fillers,3
ponders,4
isohedra,3
jenn,3
cayley,5
kabai,3
poinsot,6
links2go,3
polyh,3
dres,3
guliers,7
lunatic,2
everitt,2
orientable,10
repelling,3
netlib,9
olbrich,7
dualizing,3
nonorthogonal,3
donoso,3
anders,3
pappus,3
koch,6
lama,3
quaternion,3
hansmeyer,3
radiolarans,3
werbeck,3
kepert,25
baloglou,23
bulatov,3
buchmann,3
pastimes,2
gourlay,3
numericana,3
scavenger,2
polygloss,2
krieger,4
unsatisfied,2
rezende,3
sun4v,3
buddenhagen,15
schlafli,3
locke,2
formulae,25
spirallohedra,4
rhombus,5
polyhedrons,3
smapo,2
sadun,10
izidor,4
hafner,4
stereoscopically,2
sterescopic,3
stillwell,2
structors,2
karagiorgis,2
swab,2
superliminal,2
synergetic,2
hawkins,2
szilassi,31
mathtrek,20
pythagoras,12
poincar,9
reese,4
prosser,4
geometrie,12
dorozinski,4
m40t72r5m40x63,3
435t288x296,6
565r5m40t72m40x63,3
565r4,3
trickery,3
truncatering,3
tuvel,6
hyperdimensional,10
lisonek,3
jcta,3
polychora,2
polytwisters,2
maeder,6
matsko,2
krishnamoorthy,2
zome,8
lipman,3
synergetics,3
waterman,8
derivability,4
a26,4
1455,13
dissects,7
blender,3
larsen,10
chow,7
elkies,38
omit,7
gcd,4
lll,3
senechal,5
zonohedrification,2
heckbert,9
sine,6
zonotiles,2
zonogons,4
verrill,6
decompose,4
parallelograms,5
dent,1
parellelogram,1
ellipses,8
geodesics,4
degeneration,1
divides,11
isometry,6
equator,5
enlarges,1
mier,1
9226,10
mirsa,6
newsgroup,8
astounded,2
dualize,2
abz,2
tycchow,2
4171,6
idunno,2
technicality,1
minimality,1
unforgivable,1
sins,1
bigotry,1
brauer,1
zariski,7
noncollinear,3
subconscious,1
5359,14
nondegenerate,1
gallai,1
hirzebruch,2
miyaoka,1
outrageously,1
counterexmaple,1
rld,2
dougherty,2
0400,18
0406961355200001,1
bgsu,2
downward,7
attainable,3
poul,1
kjellpe,1
kjell,2
fredrik,2
rogstad,1
pettersen,2
proove,1
prooved,1
monograph,1
mcglynn,4
ruud,5
cullinane,3
multiset,2
potw,21
picturebook,2
kristian,6
haugland,5
finitely,16
ganley,3
mcconnell,19
toric,9
kneser,4
brio,2
burkard,2
fano,2
desargues,6
monge,6
banchoff,6
colinearity,4
grassmannian,3
popsicle,3
lashings,3
weavings,3
saliola,3
henle,2
scheinerman,3
wilf,3
943,34
calluna,3
reay,3
litchfield,2
goldenheim,2
domingo,2
mez,2
1811,7
schl,3
fli,3
vossen,4
polygonizations,2
skewered,5
10769,8
quant,8
9905080,4
9911040,4
petersen,3
macmahon,3
wehner,2
clebsch,3
venn,2
ruskey,4
ebuddenh,3
artsci,4
wustl,11
generalise,2
4esd71,1
newsreader,1
piggybacking,1
genericness,1
meaty,1
parameterizes,1
unknowns,3
codimension,5
generically,2
countable,2
alltop,4
scfe,2
chinalake,3
skewer,1
parametrically,1
intercepting,1
skewers,1
plead,2
474400d,1
93555,1
3034,3
rattler,1
ebudden,1
althought,1
paraboloid,4
coplanarities,1
skewering,2
452648907,1
1343509276,1
1614815478,1
365432560,1
1785603113,1
994585,1
19378,5
1511102143,1
1270962653,1
1045917111,1
1218569805,1
1002641001,1
1531100263,1
3760666810,1
1489164466,1
3304054560,1
1286686514,1
1147135245,1
1432238320,1
771548087,1
1310730755,1
1076344722,1
1327492634,1
942584266,1
1054656560,1
845009118,1
1298596006,1
1214967486,1
1419457110,1
1288815591,1
1089703110,1
2087545580,1
6677906,1
207312099,1
390845440,1
542231463,1
1826315345,1
901217541,1
1130462073,1
1645496810,1
1660230969,1
981396579,1
924545120,1
2705284987,1
1987972576,1
768760531,1
1130438295,1
1977153458,1
1131735379,1
1623563705,1
1771543299,1
957197457,1
1078907170,1
1246792935,1
823067128,1
980581132,1
2140235774,1
643603588,1
1050783094,1
1039704913,1
520934855,1
1806046244,1
2030783884,1
1578973986,1
1085702707,1
973178912,1
205501865,1
2012115372,1
850282468,1
1595205536,1
1614755517,1
1452534926,1
1295273780,1
1378042395,1
1029964441,1
626950740,1
1113812091,1
1041972412,1
3524666371,1
2038058869,1
46418756,1
2116077361,1
750315458,1
1652192759,1
932009821,1
21855284,1
1077200723,1
1117189109,1
1270949952,1
1334701350,1
1634522577,1
1454093161,1
762409514,1
1637565112,1
1160373582,1
1209938774,1
edt,5
c6fgv2,1
6dn,1
cantua,2
canterbury,30
wft,6
deducing,1
additivity,1
mmcconn,1
okstate,1
hexahedron,2
4d59ie,1
frigate,1
yaniv,1
shpilberg,1
disprove,8
hyperbola,1
3629,6
6074,11
v6t,2
1y4,2
4d62ik,1
geraldo,1
lerma,1
mlerma,1
extendable,5
verifies,1
equidistant,8
0100,16
ss10,1
nuik,1
kfki,1
erdoes,1
promlem,1
aleksandrs,3
mihailovs,3
mihailov,3
moffett,7
4mm8ou,1
perplexity,1
whence,4
disrespectful,1
lawns,1
vee,3
regress,3
delauney,5
resample,1
circumscribing,5
interpolations,1
irregularly,1
deluaney,2
hkr,1
ifi,1
elongated,1
bfc,1
kristine,1
bonnevies,1
vei,1
0592,4
rvoll,1
hjemme,1
jobb,1
morton,1
mond,1
1933,6
chords,15
evidently,1
hler,5
royle,3
bickford,5
colorable,10
sibley,13
rhomb,7
darts,6
babilon,3
multigrid,5
muniz,7
oracorp,1
colorabilty,1
wraparound,12
quadrangle,1
fromline,1
collapsing,2
recolor,1
gfroyle,1
10370,5
colouring,1
coloured,3
demanded,1
puzzler,1
ueberdeckungssatz,1
euklidischen,1
nederl,1
akad,1
wetensch,1
indag,3
1951,7
ungel,1
oste,1
probleme,1
elemente,1
portugese,1
harary,7
mathematika,1
lutwak,2
malkevitch,3
annals,7
infty,2
wormald,3
austr,1
frankl,2
debrunner,1
klee,6
holt,1
rinehart,1
winston,1
woodall,1
ekely,1
lebesgue,3
axiom,6
amusements,1
attributing,1
crux,5
mathematicorum,1
ricky,2
cims,2
documentstyle,2
12pt,1
pagestyle,2
newcommand,1
28in,1
wwh,4
bigskip,2
eza,1
oth,1
courant,1
maketitle,2
thispagestyle,1
sloppypar,2
montgomery,1
rothschild,1
commutative,1
culik,4
kari,4
glueing,5
aperiodically,4
danzer,5
biprism,6
30degree,2
hironori,2
sakamoto,2
hexagone,2
jerome,3
decorated,8
ceramic,3
pentagons,51
pavers,5
schraa,3
reptiles,10
attractors,4
hinsley,2
pinball,5
quincy,2
heesch,33
outdenting,4
polyhexes,13
irreptiles,2
scherer,6
reptile,13
irreptile,2
isoperimetric,5
pinwheel,23
kaleidotile,2
lagarias,5
shor,4
kenyon,7
kolountzakis,3
labyrinth,12
labyrinths,4
angled,12
mireles,7
decagons,9
paraboloids,3
mitre,7
miroslav,4
vicher,4
modularity,4
slavik,4
jablan,4
knotwork,2
pinhweel,3
bateman,3
parquet,2
doris,2
schattschneider,7
perron,4
westendorp,3
polymultiforms,3
tilers,3
dissect,15
pythagorean,45
myers,7
ominoes,7
protozone,3
wallpaper,9
quaquaversal,3
rotations,45
noncommutativity,3
zerhusen,3
elnitsky,3
rhombically,3
hobart,4
spidron,4
paperfolding,10
ergodic,4
taprats,3
tesselating,3
alejandre,2
tilable,4
snels,4
escherian,10
spsu,2
szegedy,3
prototile,3
coven,6
meyerowitz,5
hillman,5
tessellating,3
motif,5
khalad,4
hess,4
photopool,4
tysen,2
anisohedral,3
berglund,5
polyhex,9
fortescue,3
shortbread,3
holroyd,3
heptagons,7
freidin,2
hatch,7
leys,7
spirals,48
pavages,2
hyperboliques,2
dans,2
cabrijava,6
misha,3
kapovich,3
crocodiles,3
fiery,2
swarthmore,13
cco,14
vornoi,3
cosets,3
isometries,7
engels,2
hopeless,4
needn,2
automorphism,2
transitively,4
horospheres,2
horosphere,3
1x1,4
2zx2z,1
disturbs,1
icosohedron,11
rogmann,4
duesseldorf,1
fc3a501,24
rzaixsrv1,7
hauke,18
reddmann,21
ex8,6
hooray,1
rrz,6
cusps,2
geomat,3
olaf,3
mathematik,6
bielefeld,22
universitaet,6
rechenzentrum,1
benefactor,1
mathwft,13
christchurch,2
archimedeans,1
objection,1
amyone,1
balkans,1
dunham,5
ddunham,7
shaky,5
cosh,1
7510,6
8240,6
320hh,2
55812,2
icosohedra,2
2pi,7
pent,4
3pi,6
snappea,2
followup,3
ite,2
protractor,1
tesselate,2
crystallographers,1
alife,2
0071,1
unclassified,1
honeycombs,1
certian,1
rhombotruncated,1
fundemental,1
recriprocate,1
laminahedra,5
verticies,8
markings,3
tet,12
trusses,2
arrayed,1
truss,1
erect,1
octagon,3
completey,1
expandinging,1
laminae,1
laminahdra,1
congurance,1
vertix,5
icosadodecahedron,2
reptangles,1
quadralaterals,2
thence,1
quadralateral,1
rhombitruncates,1
icosadodecahedra,1
cuboctahedra,1
rbombi,1
reptangle,1
becominging,1
tricontahedra,1
rhombitruncated,1
figurus,1
congruence,8
annuli,2
complication,3
transitivity,3
glues,1
reassembled,2
multiplications,3
tilins,1
hakmem,2
sillke,14
heptominoes,3
polygones,2
8x8,4
5x13,4
9x11,4
10x10,6
bamboozlement,4
21x42x42,3
theobald,4
laan,4
animates,7
cubed,9
partridge,3
crowns,2
polyform,8
polysticks,3
tangram,5
heierman,3
turner,6
mineyuki,2
uyematsu,2
mathworld,23
stomachion,4
straighten,2
lunes,2
greeks,3
lunules,2
squaring,10
calydon,8
oog,3
tangrams,3
fewest,5
paulhus,3
000000001,3
mr1620857,3
stuffing,4
disproof,1
dbce,2
puissant,1
baal,2
dubr,1
heifer,1
shihlmemat,1
seventy,2
eighty,3
conc,5
eives,1
anath,1
ginsberg,1
dmoews,2
xraysgi,2
uconn,2
6e7eb1,1
cantuc,2
abuts,1
gk00,4
midway,6
vassiliev,3
2c08v0,1
3s0,1
rhrz,1
kasten,1
rhein,1
dasbach,1
mutants,3
mutate,2
haken,2
laborious,1
ruberman,2
tetrahdra,1
witten,2
reshetikhin,1
turaev,1
cablings,2
homfly,2
kauffman,3
spinorial,1
mutancy,1
tangle,2
adjoint,1
cabling,2
tetrominoes,6
ambivalent,2
omino,6
hinging,1
polyabolos,2
clarkem,1
unpsun1,1
unp,2
parallelogram,4
fermat,8
barnach,1
tarski,3
xxb1,4
irrational,10
gnf,8
assert,5
pellian,5
1470,8
1471,7
48960,2
48961,2
1682,7
1657466,2
1657467,2
4060,2
56271600,2
56271601,2
staircases,1
2sqrt,6
unsuccessfully,2
analogue,12
belousov,3
brew,5
spiraling,7
equiangular,2
bernoulli,3
spiralis,2
mirabilis,4
taras,2
banakh,2
vorobets,2
semicircles,4
gastropod,2
bowls,2
stadler,2
pinacoids,3
pinacoid,3
crystallographic,6
sunflowers,2
surat,2
intasang,2
sunflower,2
mollusc,3
trinder,2
involute,2
quadrature,4
helicoid,4
airchinnigh,2
seashell,3
seashells,3
duplicating,5
gosper,10
bogomily,2
minaret,3
samara,3
taramundi,2
shook,2
nesting,3
wassenaar,2
trumbore,4
beynon,4
tomoko,4
chimney,4
nottinghamshire,4
tattoo,3
emporium,3
helices,6
reluga,2
tetromino,6
gardberg,3
sculpey,3
agate,3
kurchan,4
slid,2
kyrmse,2
aztec,4
tetrasticks,2
wassermann,2
jasso,5
polydrafters,2
mathpuzzle,2
4x4x4,2
golygons,2
golygon,2
goffin,4
heptomino,3
heptominos,3
7x9x12,3
tetrasphere,3
huttlin,2
ramblings,2
hexiamonds,6
jacqui,2
eck,2
iwan,2
thomasson,4
argentine,2
dominos,2
phillippe,2
rosselet,2
ferrers,2
michell,2
pentamini,2
enclosed,3
oulipian,2
esposito,2
resemble,3
perecquian,2
annulus,17
pento,6
vyain,2
amamas,2
hungariqa,2
subpatterns,2
expository,4
bhat,2
philippe,2
polyb,2
janssens,2
polyspheres,2
polyiamond,4
colonel,2
yann,6
dominoes,2
trominoes,2
polyominoids,3
polypolygon,2
primes,5
3x6,2
polyabolo,2
eversion,2
sexehexes,2
rujith,2
tetrominos,4
bignode,2
equinox,2
jenicek,3
sqfig,2
sqtile,2
laroche,2
alonso,3
tromino,2
bricks,2
hochberg,3
unboxable,3
ardila,5
lopatenko,5
unbeatable,2
triominoes,4
xominoes,2
zillions,2
uphya159,6
unibi,14
0118,4
aabb,11
bbaa,11
abab,11
aaabbb,8
bababa,8
homomorphisms,2
s10,2
udo,2
sprute,2
hrz,4
26212,3
ramanujan,3
bstrq9,1
mkr,1
triominos,4
5x9,1
premutations,1
cgodsil,1
watserv1,1
godsil,1
1992aug9,1
172411,1
homomorphic,1
agl,1
marston,2
conder,1
dibbler,1
umatf071,4
0105,3
tileable,4
triomino,3
fomin,1
homomorphism,2
proofed,3
homomorphis,1
implossible,1
1992aug13,1
135704,1
2280,1
commutators,1
vanish,2
aaabb,1
bbaaa,1
aabbb,1
bbbaa,1
ffect,1
2x3,3
3x2,1
mxn,1
bbb,3
meyerowi,2
fau,2
wordprob,1
durban,1
3007,10
cvbnetprime,1
dwilson,1
cvbnet,1
x5694,1
halfstrip,1
halfplane,1
solomon,2
brevity,1
unrepresented,1
indecates,1
14p,2
16p,2
23p,3
27p,1
15p,2
17p,3
19p,1
21p,1
22p,2
11p,6
13p,5
18p,2
12p,10
hyperboxes,2
sio,1
tetracube,1
tetracubes,2
tileble,4
100552,4
compuserve,4
polymino,6
polyminoes,14
geomatrical,2
connex,2
poliminoes,5
restated,2
vous,2
mariez,2
filles,2
vian,2
darned,1
hinted,2
ftozom,1
snakes,17
reversals,1
decidable,2
downwards,2
vqq,3
vqqq,2
vqqqq,1
transposable,1
reflexions,1
developping,2
developped,1
accross,1
vquq,1
congruences,1
subpolyominoes,2
repetitions,4
polyminos,2
garantee,1
pss,1
psss,1
cet1,2
sciam,1
mg1,10
mg2,3
elwyn,1
noughts,1
tack,1
loser,2
hales,3
jewett,1
pairings,1
snaky,2
caveat,2
knobby,1
boardsize,1
generalisations,1
ticktacktoe,1
chickens,1
poultry,1
quasicrystal,3
uncovers,3
shrine,2
archways,2
griffeath,3
caspar,2
fontano,2
goldene,2
schnittmuster,2
quantifiers,3
lics,2
alvy,2
ozbird,3
osborn,3
mandala,3
lisbeth,3
clemens,3
intergeometry,2
doily,2
priests,2
quasitiler,2
ribbon,3
trisecting,5
rhombuses,4
aperiodicity,2
ancients,2
unicursal,1
slanted,4
hypotenuses,1
ammann,2
fontaine,2
outdented,1
pentahex,1
rounder,1
skinny,3
raedschelders,1
fathauer,7
compendium,2
oded,6
schramm,8
rediscovered,3
animorphic,2
houle,2
tribars,2
vasarely,4
contortion,2
offworld,2
donmoyer,3
gershon,4
elber,4
viewplane,4
droste,2
hague,5
silvio,2
poincare,3
araki,2
skrewts,2
escherization,2
frustro,2
gecko,2
houtrust,3
purifying,3
metamorphoses,3
machina,2
mcneill,2
malinowski,2
raedschelder,2
latticework,2
trefoil,2
stair,2
guillaume,2
labelle,2
westside,2
axiomatic,1
banach,2
octagons,11
nonagons,2
stubborn,1
undissected,1
nonagon,3
scraps,1
lindgren,4
freese,1
trapezoids,1
rearrangement,1
decagon,2
parallelohedral,1
parallelohedra,1
varsady,1
grundlagen,1
axiomatics,1
impossibility,1
packer,1
clumps,1
equalities,3
biprisms,2
waffles,2
root2,2
jhc,2
regularity,3
grove,9
untitled,2
cutted,1
diagonales,1
abcde,15
montgomory,1
abmde,1
mbcde,7
afcde,3
3a5609d5,1
560394e,1
studnospam,2
hia,2
jkhaug00,1
deja,2
infinitum,2
densely,5
codeword,1
grapefruit,2
colorfully,1
ajima,3
malfatti,12
marble,3
cabri,16
taverner,2
mccaughan,2
pfoertner,11
erren,3
horoball,9
hermite,2
dickey,2
manipulative,2
nonoptimal,3
pilgrim,2
pennies,5
casselman,3
packomania,2
tray,2
tamai,2
hexlet,3
hexlets,3
razvan,2
surdulescu,2
chickenpox,2
digana,2
swapar,2
conjugate,5
lubachevsky,2
stillinger,2
hexagonally,2
rattlers,2
arbelos,2
perp,2
specular,2
pigment,3
rgbf,1
asin,4
sectional,1
definedness,1
supden,7
supremum,2
t27a,3
94035,3
4799,9
3957,11
06520,3
2155,9
4kk5oj,1
ntl,1
borocky,2
horoballs,1
dubuque,2
nestle,1
brion,1
cappell,1
khovanskii,1
morelli,3
pommersheim,1
shaneson,1
14048,5
emis,2
lazic,1
lazicv,1
verat,1
camb,1
hamiltonious,1
8sr8qt,1
rcn,1
noether,1
sawn,1
2ah,3
frustum,3
pentgonal,1
sidelengths,1
hel,1
rite,1
whot,1
ex4,1
4qe,1
tyms,1
bugird,1
dificult,1
iain,1
feersum,1
endjinn,1
keane,6
jgk,4
0820884492703634,1
28318531,1
07470803,1
92259368,1
75861972,1
77509205,1
05622467,1
58671298,1
30663832,1
15174916,1
07148221,1
03219072,1
01390962,1
00578505,1
00232207,1
00090164,1
inscribable,5
circumscribable,1
inscribability,5
circumscribability,4
rivin,2
nonfacial,1
inscribe,3
supertoughness,1
supertough,3
toughness,1
trivalent,2
tcd,7
94jul27154622,1
cogsci,4
euclidian,2
2842366,1
rdsilverman,2
falconer,1
4700,2
lajos,3
inconceivable,3
82b,1
57012,1
jungerman,1
nonorientable,1
radlin,1
48p,1
derrick,2
alas,2
congruents,2
distorting,3
heawood,6
kempe,1
1886,5
lacuna,1
tietche,2
suff,2
oddly,1
mathemnatical,1
folklore,6
thuswise,1
gaff,1
tidied,1
phew,1
holocontiguous,1
hexatoroidal,1
modellable,1
waffling,2
undying,2
aesthetically,1
autograph,1
qnet,3
poyhedron,2
imbedded,2
diffeomorphisms,2
alternations,1
pulsar,2
wku,2
addendum,1
tetrahedrally,2
1612942034480001,1
kstar,1
jce,1
seaice,1
geol,1
scarolina,1
intersected,1
simplexes,1
nonnegative,3
hemi,1
goemetry,1
htmlthreads,3
summable,2
reals,2
condiitions,1
4jukka,2
adpser2,1
gsf,3
jukka,3
liukkonen,3
snip,6
forall,2
betonimiehenkuja,1
02150,1
espoo,1
462205,1
panix,4
pixelize,2
oswego,8
7eeppstein,2
newc,3
ourimbah,5
2258,11
4348,10
4116,8
4145,9
callaghan,4
4921,7
5190,6
5548,10
trinomial,1
venetian,1
jeannine,10
mosely,7
66048,3
deconstructing,2
dorking,2
conners,2
gaskets,6
gayla,4
vittoria,5
rezzonico,5
evgeny,3
demidov,3
dickau,7
mengermania,2
pickover,2
sonobe,3
burczyk,5
homogenized,2
saturated,2
inanely,2
irresolvable,2
flora,4
rubik,11
bizek,5
falbo,3
helpers,3
cans,2
hamantaschen,2
pentatope,2
dupilka,2
valentine,2
xkcd,2
thyssen,2
straws,2
tetrix,2
stonehenge,2
toothpicks,2
marshmallows,2
styrofoam,2
peanuts,2
condone,1
ksubsets,2
discretemath,1
73205,1
63299,1
41421,2
816497,2
maketet,4
setattributes,1
listable,1
makepolyrules,3
verts,2
graphicsarray,1
rmd,1
tetrarray,1
wri,1
robertd,1
dbdb,27
dbdbdbdb,9
dbdbdbdbdbdbdbdb,3
dbdbdbdbdbdbdbdbdbdbdbdbdbdbdbdb,1
dbdbdbdbdbdbdbdbdbdbdbdbdbdbdbdbdbdbdbdbdbdbdbdbdbdbdbdbdbdbdbdb,1
resemblance,6
interplanetary,1
brihut,1
palmtree,1
hecatohedron,2
pentacontagonal,2
dipyramid,1
rbfuller,1
compes,1
mentes,1
60n,1
icosahedrally,1
hedra,1
24n,1
12n,3
reticulated,2
hedron,4
trivalently,1
antibipyramid,1
followups,1
earle,1
ejones,1
nod,1
skeptical,2
article120,1
articletocs,2
article211,1
leech,2
buckminster,1
buckminsterfullerene,1
kostant,6
hoberman,3
a2z,2
raytrace,2
resaonably,1
realise,1
ambo,1
subordinate,1
abstracto,1
eigenvalue,1
antipode,3
2ba,1
10c,10
10b,1
eigenvalues,1
multiplicities,1
irreducibles,1
vesuvius,1
5le682,1
c1m,1
aplanar,1
tunneled,1
lettered,1
publ,1
okemos,1
mich,1
illus,1
taxicab,1
antipodes,7
calabi,3
shebs,6
orden,4
devicci,2
rupert,9
wavefronts,2
mcmullen,15
wiedman,2
atkeson,2
hew,3
breakpoints,2
drilled,3
06065,3
altitudes,4
jakobi,2
drehen,2
3x3x3x3,2
puzzlement,2
subdivide,12
circumscribes,7
hilltop,2
trisect,2
tictactoe,1
34430,3
sdcc12,3
kwalker,3
recollection,2
stromquist,1
chalcraft,5
cpd,1
skirting,2
92jun11165233,1
laurel,1
somwhere,1
barometric,1
01730,1
ass,1
usna,1
1993oct25,1
095024,1
msp,1
minumum,1
underside,1
kronheimer,2
tripos,1
jour,3
bobs,3
180degree,2
punctured,1
infimum,1
misclassified,2
monstrous,1
tapio,7
hurme,3
hurmecom,2
dlc,2
0300,5
holditch,4
lenght,2
lenghts,1
7lgd3g,2
ci5,2
squareroot,2
olexandr,5
oravsky,4
shnirel,1
gemetric,1
uspehi,2
matematicheskih,1
nauk,3
35c,1
snirel,1
cprime,1
sbornik,1
rabot,1
matematiceskogo,1
razdela,1
sekcii,1
estestvennyh,1
tocnyh,1
komakademii,1
constituting,1
preassigned,1
molecubotics,3
oresmus,1
quickie,4
retentives,3
brandnew,2
buggeth,2
workgroup,6
8pq97u,1
7mn,1
rzsun03,1
surds,1
inbetween,1
retentive,2
ihgp160h200,1
lucent,1
8ps9r0,1
lv5,1
bogging,1
circumscribe,2
mammel,1
ayatollah,1
inscriptible,1
inscribes,2
cxd,1
ncr,6
d21,2
rudimentarily,1
7207200,1
105814800,1
179071200,1
521060400,1
602330400,1
3491888400,1
3670959600,1
466,63
10759694400,1
907,33
49744094400,1
1664,4
1323,5
1481,4
1037,7
77318060400,1
1339,8
1099,7
1156,6
960,4
197794674000,1
237944926800,1
1640,1
839,49
1740,1
1241,1
466612146000,1
2822,8
1893,15
769017916800,1
1603,10
1524,12
1223,7
1439,3
1205,7
771033463200,1
1778,10
1401,15
1742,5
1462,12
1456477999200,1
3796,4
557580,1
55440,1
gerry,3
macadam,1
mpce,1
myerson,2
deloach,2
00100b58,1
inclosed,1
almering,2
arnfried,1
kemnitz,1
4uv,1
circumcircle,6
kummer,3
newsfeed,1
buchholz,1
heron,23
somos,2
legendre,3
concordant,1
pocklington,1
parallelopiped,4
occurrances,1
cuobids,1
d18,1
nest,2
36836,1
25135,1
31919,1
24920,5
31345,1
13312,5
24585,5
17576,5
23069,5
10780,5
18129,5
15140,5
23335,5
19177,5
5360,5
14957,5
7820,5
12033,5
9860,5
11455,5
6936,9
12425,5
1048,4
12253,5
8685,6
7864,13
8759,9
4738,11
jankok,3
macleod,4
1812962123160001,2
ppp37,2
ravenet,2
sahara,2
wasteland,2
picollelli,2
altitude,1
94079,1
1090,1
kfoster,3
rmii,3
heronian,2
maurice,1
kraitchik,1
rouben,4
rostamian,2
umbc,3
slanting,3
subdivides,2
tightened,1
dehninvstuff,1
kasdan,21
tetrahedrons,11
law9023,1
kas,1
recollect,4
76942s,1
97g,2
90083,2
90c08,2
05c10,2
boise,2
simplexity,2
52011,2
52a37,2
haiman,2
schlegel,3
newfeed,1
xconq,1
mucky,2
guillotine,1
storeman,1
ftww,3
4jq44j,1
8q4,2
yucky,1
subtended,3
gameplayer,1
parkes,4
cparkes,4
tpgi,4
bugging,1
smalless,1
orentation,1
180degrees,1
huber,17
duh,1
guesswork,1
qtvr,26
pps,2
inscribing,2
gifs,2
besets,1
precomputed,1
excels,2
herewith,1
illustrator,2
redid,1
refraction,1
gifbuilder,1
converttomovie,5
0b4,2
200mhz,2
powerpc,2
dithering,1
jpegs,1
400x400,1
clip2gif,1
kotani,1
antipodal,2
costin,3
vilcu,2
geometriae,2
dedicata,2
zamfirescu,1
recombined,1
gerver,1
fallacious,2
carnival,2
factoid,2
trigonometric,5
circumcenters,4
flis,16
dillemma,2
hedronometry,13
heilbronn,2
hyacinthos,2
isotiles,2
workbook,23
inradii,2
splay,66
kabon,2
kobon,4
fujimura,2
saburo,2
tamura,2
scalene,9
simms,5
parabolic,3
rudin,4
unshellable,3
sighting,8
mckay,7
monodromy,4
naively,2
matousek,6
jerzy,4
bednarczuk,4
sigur,2
loci,6
pringles,3
godfried,7
yamamoto,4
pjyamamo,2
watdragon,2
onhardt,1
subpolygon,1
subpolygons,3
anchored,2
meister,4
counterclockwise,2
bisects,1
sleeve,8
sleeves,2
backtracks,1
1911,7
lennes,2
garey,4
sinuosity,1
elgindy,3
everett,2
unimplementable,1
triangulates,1
bushy,4
tsfpp,1
annote,1
decomposability,1
ocspt,2
concour,2
condor,2
rosensteihl,1
emett,4
biffvm,2
mired,1
msd,1
flame,1
comparision,1
mergesort,35
wilber,10
intially,3
initally,3
looped,1
convoluted,2
refuting,1
rew,6
lightstone,8
pumice,6
splayed,4
rotatate,1
invalidate,2
zig,1
zag,1
fringe,2
06edc080,1
certify,3
unstated,2
arguable,1
extremum,1
complicating,1
0718e6e0,1
0010,8
acessing,1
0101,1
1110,8
bdsm,3
quartics,7
focussing,1
hedronometric,1
cosines,10
tetrahedon,1
tetra,3
tetrahedrometry,4
pyth,1
thm,1
alright,1
qabc,3
aqb,4
statment,1
uqv,1
bqc,5
trig,3
rootof,1
screeching,1
halt,2
quartic,28
radicals,4
hideous,1
subsituting,1
convincingly,4
artfully,1
churn,1
16353,5
2822400,1
15345,5
3415104,1
5265,10
28224,1
30112783,1
2120961320,1
08279673,1
1249277220,1
616075639,1
2103278201,1
3700,1
3684,6
2047089,2
587708,1
4132,7
1389201,2
550708,1
8612,11
329681,2
2532898313,1
2279200,1
416363,3
1842,6
252741049,1
2507120,1
119179929,1
227920,1
4306,8
cancelling,4
denesting,4
denested,2
repective,1
extraneous,9
hedral,9
triso,3
biso,3
ortho,1
inflict,1
pinned,1
graciously,1
1lcdgd,2
shl,2
bigboote,2
cxy,3
cxz,3
czy,1
semidefinite,3
9302121708,1
aa09604,1
outwards,3
grassmann,4
ausdehnunglehre,1
pseudoface,1
nextmail,1
32daa78e,1
7078,7
qlink,2
queensu,2
turkstra,1
6pt,1
affinely,2
leq,5
transpose,1
hyperfaces,1
cofactor,1
klebaner,1
watterson,1
gritzmann,1
brunn,1
ksw,1
technicalreports,1
techreports,1
xavier,1
serpaggi,1
eriksson,1
mcconnel,3
vvm,3
paranoid,1
ptes,2
derivable,1
xyzr,1
unenlightening,1
ksbrown,3
seanet,3
xoz,4
oyz,4
wxyz,3
wxyo,1
wxoz,1
woyz,1
oxyz,1
abd,2
hyoptenuse,1
3s1,1
12s2,1
14bs1,1
6s2,1
4s1s2,1
36s3,1
s1s2,1
6s3,1
12s1s3,1
analagous,1
mathpages,1
degeneracies,2
madvax,1
circumcenter,26
1993sep18,1
175405,1
16512,5
circumradius,6
indy,5
dynaeast,7
algebraically,1
2ax,1
2y1,4
2y2,4
dyna,3
prussia,2
19406,6
9744,12
flishome,2
linearization,1
circumsphere,4
jrs,2
roundoff,5
cglist,1
quake,5
tetcircumcenter,2
zeta,10
xba,26
yba,26
zca,18
xda,8
yda,8
zda,8
balength,17
calength,17
dalength,5
xcrosscd,5
ycrosscd,5
zcrosscd,5
xcrossdb,4
ycrossdb,4
zcrossdb,4
xcrossbc,18
ycrossbc,18
zcrossbc,18
xcirca,18
ycirca,18
zcirca,13
orient3d,2
tricircumcenter,2
orient2d,6
tricircumcenter3d,2
cmcl,1
herr,1
kerscher,1
overflows,1
tets,1
2647,6
x130,1
detk,1
manipulatives,3
atomium,4
tangled,6
cook,8
pleijel,2
fenner,5
fary,2
milnor,3
hass,2
discontinuously,3
fibration,4
matacotta,2
metafilter,4
saddles,2
naylor,4
kellner,3
tangles,5
ruggero,2
gabbrielli,2
javaview,2
evolver,2
maille,2
mathenautics,2
eversions,3
miquel,10
reinterpreting,3
bottles,3
glassware,3
nordstrand,2
disguise,2
sedgwick,2
heegard,2
splittings,2
longtin,15
herds,2
turtles,3
pseudospherical,2
matique,3
sur,3
geometrization,2
friedenthal,3
pieranski,2
singsurf,2
brakke,6
susquehanna,2
konrad,2
polthier,2
tensegrities,2
donm,3
sphericon,18
semicircular,4
wobbling,3
sprinklers,4
diatom,2
dearing,3
glotzer,2
contemplates,3
xplormath,2
stilson,2
triply,2
vzome,3
ponds,2
overthrown,2
1887,4
pondered,1
dweaire,1
vax1,1
rphelan,1
tetrakaidecahedron,1
whopping,1
2x2x2,1
tetrakaidecahedra,2
interstices,1
hoop,4
hooped,2
tartarus,2
hemisphere,6
vanishes,1
handwave,1
coats,1
reparameterizing,1
rubber,3
unwound,1
gargoyle,2
ihnp4,1
sadist,1
masochist,1
3j8ait,1
alperin,4
sjsumcs,1
compactification,2
hemispheres,1
isotopy,2
hoople,2
hooples,1
rth,1
arcwise,1
unlinked,1
kulseth,1
frieze,3
seventeen,2
dreamscope,2
kaleidoscopic,2
indra,3
gavrog,2
ornamental,3
golubitsky,2
ephraim,6
fithian,3
kali,2
magictile,2
roice,2
crisscrossing,2
rogness,2
beug,3
henriksen,2
stothers,3
conics,8
symmetoy,2
temari,6
dodecahedrally,3
morwen,3
thistlethwait,3
tiledreams,2
glide,3
occured,1
mobius,1
parametrized,1
conjugating,1
geja,1
topologist,2
delight,2
allegria,2
seifert,2
wheat,2
hoaxers,2
trampling,2
helaman,2
gaud,4
geometrinity,2
denny,3
bradford,2
hansen,2
crochet,2
coral,4
reef,2
daina,2
taimina,2
crocheting,2
woolen,2
undersea,2
fauna,2
pinapples,2
pigs,4
quilts,2
bagel,4
bundles,3
unorientable,2
macalester,2
enneper,2
breckenridge,2
flavin,3
pens,2
sliceforms,4
interleaving,2
snej,2
cutter,3
theo,2
spieker,2
vegreville,3
resch,3
milwaukee,2
blogged,2
quomodumque,2
wakan,2
woolly,2
knitwear,2
bathsheba,2
creases,9
krystyna,2
cranes,2
crumpling,5
inextensible,2
overhand,2
huffman,6
rona,3
gurkewitz,4
arnstein,2
britney,2
gallivan,2
margulis,29
sorkin,4
vann,2
reuleaux,20
andersen,3
merrimack,2
gjerde,2
pleats,3
dataisnature,2
teabag,38
rehmeyer,4
earwicker,10
pgearwicker,11
dra,7
hmg,7
sealed,4
mylar,3
baloons,1
pupils,1
maufacturer,1
verity,2
1751,6
1756,3
5deg,2
creased,1
190205,1
484116,1
484145,1
049,75
215190,1
215548,1
dera,3
infinitesimal,2
netting,1
1052b,1
farnborough,2
ively,1
gu14,1
0lx,1
01252,2
393168,1
395090,1
2055,6
tlongtin,11
sover,11
portrays,1
convexedly,1
catenary,2
fry,8
teabags,1
inflated,2
cask,2
liners,1
realisation,1
jut,1
neater,1
liner,2
litre,1
pleat,1
semicircle,1
unindented,1
miscalculated,2
womplex,2
patlist,2
icnt,2
4871080,2
bendable,2
unwrapped,1
ruminations,1
shallower,1
slant,2
curvedfold,1
bendability,1
exchanged,5
junkheap,1
sgi,3
grafica,1
gentlemen,2
teabag2,1
255942,4
oldham,4
muddle,1
almighty,1
surly,1
lied,1
broth,1
waldby,3
pat7,3
pouch,8
u9imq2fjqg3f43,1
supernews,1
ingalls,2
ingallsw,2
junkinhere,2
frontiernet,3
102mm,1
114mm,1
2057,1
jmb184,1
umsgid,1
3c3b430a6c,1
15210760,1
40news,1
eas,1
ynet,1
treasures,1
saqnet,1
3466,5
cutouts,1
3193,3
3316,5
4078,10
ziploc,6
narasimham,5
mathma18,2
teabaggers,1
03276003,1
3d2,1
02642367,1
hitherto,4
wetted,1
powdery,1
developable,1
discernable,2
oblique,1
peri,1
33o21,1
151o22,1
dstl,3
rumor,1
rodland,10
einara,9
cricumferences,1
neccesarily,1
departement,2
calegari,2
dannyc,1
preamble,1
circ,1
lepro,5
deletia,1
achievability,1
prover,1
inductions,3
3136fb25,1
4f107a44,1
upshot,1
upmost,1
mautsch,4
aic,12
nrl,4
hankie,1
bcdefg,1
fae,1
fanfold,1
ghjklb,1
decagonal,1
bcdefghjkl,1
pasting,1
handkerchief,1
nxn,1
pillae,1
splaying,1
huttar,2
sil,1
kvi,1
a0028x,1
arc00282,1
rjlang,4
innocuous,2
tearing,2
casida,3
urchin,9
concentra,1
recap,5
squashing,1
asterisks,2
ousa,1
flap,4
sinking,2
nths,1
teensy,1
neglecting,5
5ths,1
sinks,1
leather,2
popov,1
shanley,1
lengauer,1
tolerancing,3
gatling,4
neumaier,1
hopp,1
folsomman,8
pierces,3
cointains,2
fragging,1
boresight,2
flpalmer,2
ripco,2
4d0d0k,1
9pe,1
rzsun02,2
qwk,1
fixtures,3
fixturenet,1
teichmann,1
decimation,3
schneiders,2
cubit,2
langley,2
cs267,3
lcts,4
bossen,3
bioelectric,2
macphedran,1
roundtables,2
asce,2
4941114,2
5214752,2
5440674,2
4797842,2
4933889,2
5315537,2
5345490,2
553206,2
wpt,3
29sb7v,1
b4b,1
mcasale,2
quads,1
hexahedra,3
transversely,1
transverely,1
nonvacuous,1
transveral,1
obstructions,1
quadrilateals,1
3sum,4
koiliaris,1
greed,1
derandomization,2
inapprobility,1
parnian,5
calendly,1
tabulation,13
chaining,27
bitmaps,3
unranking,1
retroactivity,1
4214,15
stash,3
897,44
cos226,2
dietzfelbinger,1
courseworks,2
onion,3
emde,15
boas,13
gerth,2
brodal,2
lcas,5
binomial,18
clr,9
collides,8
hashes,8
hashx,5
relinked,2
traversed,2
inorder,1
pscb,1
clrs,10
cascaded,4
stirling,10
multilevel,1
hashed,5
71828,3
logarithm,5
resizable,1
grah,1
rightwards,1
leftward,1
cancels,3
increment,13
decrement,11
recompute,2
amoun,1
avl,5
8192,15
subinterval,1
subarray,15
topmost,2
subling,1
leftheight,3
rightheight,3
unrank,3
descends,1
pseudocode,15
xoring,2
permutes,2
unfixed,1
2epsilon,1
onward,1
singly,3
retrievals,1
unflagged,1
arraylist,23
fibheap,7
randbst,7
balbst,7
augbst,7
inttree,7
fraccasc,7
cutlink,7
suffixtree,7
trie,3
fractionally,2
enqueue,14
dequeue,10
dequeues,2
enqueued,2
basel,3
stub,1
regrouping,1
27s,2
incremented,1
decrements,1
increments,1
siblings,2
aableskiver,1
zoonosis,1
skips,1
papa,1
aaaa,3
aatacagttctgccgga,2
concatenating,5
reallocation,6
1243,2
1324,8
09286327705662296,1
0929,1
0932,1
kbest,3
logarithms,4
factorials,1
arraylists,2
subtracts,2
deques,1
55pm,7
unrooted,4
mathrm,3
successof,1
telescoping,1
tfrac,6
proportionality,1
displaystyle,1
stringsoflength,3
seqs,3
streamingmajority,2
maj,4
aaba,1
aaab,1
oplus,5
cdot,6
bmod,8
shortcutting,2
997,38
chernoff,2
32n,1
equalling,1
operatorname,9
sizeof,9
shrinks,2
zeros,2
ceilings,1
358d,3
6384,12
ierf,1
b015,3
rossum,1
satisfiability,3
fredman,1
willard,1
gabow,1
lease,1
slowest,2
supervertices,1
alphabetize,1
qsort,2
recombines,1
recombination,2
10k,1
bubblesort,2
bucketsort,1
4427,3
826,40
childrens,1
birthdays,1
underlings,2
quits,1
heapification,4
percolate,1
heapify,3
propert,1
44n,1
catenate,1
hoare,1
recomputing,4
memoizing,3
warmup,2
nematode,4
subseq,1
acgt,1
submolecules,1
redisplay,2
memoization,2
ole,2
unequally,1
subarrays,4
rabbits,8
99992,1
986,27
2583,7
2584,3
fib,13
malloc,1
declares,1
abbreviate,1
zeroth,2
multiplies,1
6561,9
exponents,1
matpow,6
jfk,1
conceivable,2
undecorated,1
shaken,3
handshakes,1
arrowhead,1
fiberglass,1
advantaged,1
unreached,1
stringy,1
kasparov,2
groen,2
458f,1
springerlink,1
chap,32
19784,5
abrahamsen,1
adamaszek,1
miltzow,1
1701,6
05475,2
sharathkumar,1
sipser,3
kwortman,1
nondeterminism,1
nonregular,1
undecidability,1
nfas,1
beaver,1
cleverness,1
intractibility,2
advocating,2
inexhaustible,1
annoyingly,1
exptime,6
unthinkably,1
alphametics,2
clickomania,3
insanity,2
kplumber,2
jongg,2
pearl,16
draughts,3
mastermind,2
mgonc,3
immovable,1
buro,1
0502013,1
gp10,1
schaefer,1
opponents,2
lichtenstein,2
unfilled,1
ratner,1
symb,1
unwilling,1
gp11,1
maru,1
ladders,1
gp1,1
reisch,1
vollst,1
ndig,1
gp15,1
munro,1
trademark,12
brothers,2
kral,1
plumber,1
pins,2
payoff,3
intractible,1
bondt,3
andere,1
spellen,1
reverses,1
iwata,1
kasai,1
vacant,1
jumps,1
existance,1
dereniowski,1
puzzleworld,1
rhymezone,1
fernau,1
flake,1
attendants,1
condon,1
debaters,1
warehouseman,1
culberson,2
mazzoni,1
uncrossed,1
douard,1
jamain,1
saffidine,1
havannah,1
keio,1
360d,1
hensel,1
golly,1
wireworld,1
replicator,121
unhelpful,2
puffers,4
accoding,2
sawtooth,2
b013456,4
s12356,2
b0134567,2
s0124,4
b013567,2
s01,4
b01357,4
breeder,4
s0123,6
b013578,2
b0136,2
s123,6
b01367,6
11c,2
b013678,2
b01368,2
s03,2
b017,6
s12,6
b01378,2
b0145,2
s01235,4
b01468,2
s02,2
b0147,2
b016,4
s016,2
b02,2
b024,4
s013,4
b02345,4
s023,6
b023458,2
b02346,4
s13,4
b02347,2
b0235,4
b02356,2
s34,2
b0236,6
s124,4
b0237,2
s0234,2
b0246,2
s1234,2
b025,2
b026,2
b0267,2
b04,2
b25,2
b34,3
s0235,2
b3568,2
s2347,2
b357,2
s3458,2
b3578,2
b358,2
s23467,2
highlife,7
s245,2
b368,2
s12578,2
b37,2
s345,2
universality,4
b367,2
s3678,1
s256,1
s234,2
b345678,1
s12468,1
b236,1
s0468,1
figs,2
b257,1
s27,1
b13456,1
s01356,1
s012345678,3
b137,1
s45678,1
s03456,1
b0578,2
s12456,1
s045,1
b378,2
s2346,1
b018,1
s018,1
b123567,1
s0238,1
b135,1
s135,1
s01234,1
b345,1
longlife,1
bb3o,6
bobbo,6
o3bo,6
obbo,6
capped,1
eaters,1
capping,5
blinker,9
bomber,7
bombers,2
rakes,2
sideways,4
dirtier,1
spewing,1
blinkers,1
biloafs,1
puffer,3
spew,1
hickerson,8
goucher,2
postl,3
basilisks,1
basilisk,2
gens,1
6b3o,1
5bo2bo,1
4bo3bo,2
4bo2bo,1
4b3o2,1
o13b3o,1
13bo2bo,1
12bo3bo,2
12bo2bo,1
3o4,1
22b3o,1
21bo2bo,1
20bo3bo,1
20bo2bo,1
20b3o8,1
34b3o,3
33bo2bo,1
32bo3bo,3
32bo2bo,1
32b3o3b3o,1
37bo2bo,1
36bo3bo,1
36bo2bo,1
36b3o8,1
50b3o,1
49bo2bo,1
48bo3bo,1
48bo2b,1
48b3o3b3o,1
53bo2bo,1
52bo3bo,1
52bo2bo,1
52b3o8,1
66b3o,1
65bo2bo,1
64bo3bo,1
64bo,1
2bo,3
64b3o8,1
78b3o,1
77bo2bo,1
76bo3bo,1
76bo2bo,1
76b3o3b3o,1
81bo2bo,1
80bo3bo,1
80b,1
o2bo,2
80b3o3b3o,1
85bo2bo,1
84bo3bo,1
84bo2bo,1
84b3o3b3o,1
89bo2bo,1
88bo3bo,1
88bo,1
88b3o8,1
102b3o,1
101bo2bo,1
100bo3bo,1
100bo2bo,1
100b3o3b3o,1
105bo2bo,1
104bo,1
3bo,5
104bo2bo,1
104b3o8,1
118b3o,1
117bo2bo,1
116bo3bo,1
116bo2bo,1
116b3o3b3o,1
121b,1
120bo3bo,1
120bo2bo,1
120b3o,1
rake,3
5b2o,1
6bo,1
6bobo89b2o,1
7b2o89bo,1
96bobo,1
96b2o4,1
2b2o7,1
29b3o,1
28bo,2
28bo9,1
20b2o,1
21b2o,1
18bob2o,1
18b3o,1
19bo,3
57b3o,1
57bo2bo,1
57bo3bo,1
58bo2b,1
59b3o10,1
62bo,3
59b3o7,1
36b3o,4
35bo3bo,4
35bo4bo,1
35bo2bo2bo11bo,1
36bo4bo10b3o,1
37bo3bo9b2obo,1
38b3o9b2o,1
51b2o33,1
4b2o,1
5bo,8
2b3o,1
bboo20,1
20b3o,1
19bo26,1
36bobbo,1
36bo3bo12bo,1
37bo,1
bbo12bo,1
38b3o12bo,1
50b3o34,1
4boo,1
bbo,2
3o6,2
33bo,1
32b3o,2
31b3obo,1
30boobb3o,1
29boo3boo,1
28b3o,1
bboo,2
29bob3o6bo,1
30b3o7bo,1
31bo8bo5,1
33bobbo,2
32bobbo,2
p96,1
biloaf,1
3o3b3o,1
5bobbo,1
4bobbo,1
4b3o4,1
14b3o,1
13bobbo,1
12bobbo,1
12b3o3b3o,1
17bobbo,1
16bo3bo,1
16bobbo,1
16b3o4,1
26b3o,1
25bobbo,1
24bo3bo,1
24bobbo,1
24b3o4,1
32b3o3boo,1
38boo,1
36boo,2
p48,3
12boo,1
13boo,1
10boboo,1
10b3o,2
11bo8bo,1
20bo,3
bobo,1
11b3o,1
10bo3bo,1
9bo4bo,1
8bobbobbo,1
8bo4bo,1
8bo3bo,2
9b3o4,1
14bo,4
9b3o,1
12b3o,2
12bobo,1
p72,1
oo10bo,1
oo9b3o,1
10booboo,1
9booboo,1
8booboo3bo,1
9b3o3b3o,1
10bo3booboo,1
13boob,1
12booboo,1
13b3o,1
24bo,1
23b3o,2
22booboo,1
21booboo,1
20booboo,1
21b3o,1
22bo6,1
31boo6boo,1
30bobo6boo,1
32bo,1
41bo,1
39bobo,1
40bobo,1
31boo7bo,1
31boo,1
p98,1
oscillator,2
oo8,1
19boo,2
18bobo,1
17b3o,1
22bobo,1
22boo,1
22bo8,1
25boo,2
bboo3,1
9bobbo,1
8bobbo,1
8b3o9,1
19bobo,1
21bo,1
ecm,7
omnibus,2
complementation,1
transformability,1
parkview,1
shakhar,2
stelios,2
stavroulakis,2
458b,1
3015,2
decorator,1
naor,1
rudich,1
suurballe,1
nanongkai,1
milgram,1
ergm,1
preferential,1
escapes,1
stoian,1
strahler,1
nishizeki,1
polak,1
zub,1
amari,2
seoh,1
coadvised,5
achiu,2
amic,3
deberg,2
dalozzo,2
dmitchell,2
dujmovic,2
gleissner,2
ghart,2
jsbm,2
klavzar,2
sliu,2
mdemaine,2
muthu,2
smitchell,2
ungor,2
vangarderen,2
wulffnilsen,2
xoreaster,2
cgitf,2
jcdcg3,2
gdraw,2
kset,2
zono,4
jocg,2
jga,2
talg,2
molbio,2
3color,2
3color2,2
3color3,2
3lp,2
3poly,2
algmed,2
afdm,2
asgi,2
aucrl,2
avgdynopt,2
ccfold,2
compflat,2
conmin,2
cpack,2
dtwmcgf,2
dyngen,2
dynhalf,2
dynmst,2
egis,2
eittwy,2
geomlb,2
graphnn,2
hexmesh,2
inapprox,2
kmst,2
kpath,2
latdim,2
manhattan2,2
maxwtavg,2
meshgen,2
meshsmooth,2
minni,2
nolarge,2
oesm,2
outdegree,2
parammst,2
pgood,2
proginv,2
psgi,2
qpack,2
regdepth,2
septhick,2
serpar,2
singlestrip,2
smvd,2
sparsedp,2
sst,2
stablegrid,2
stableroad,2
supersample,2
tstc,2
ununfold,2
uqd,2
subj,2
usesgeom,2
timber,4
hbr,3
publi,3
bl2,1
herv,4
eacute,1
ouml,1
nnimann,4
ijac2004,2
entrez,2
fcgi,2
dopt,2
uids,2
15103616,2
iuml,2
imagetomosaic,2
wileyeurope,2
wileycda,2
wileytitle,2
productcd,2
0470851511,2
desccd,2
tableofcontents,2
lends,2
kerning,59
intercharacter,1
kern,70
inflections,1
typographic,3
panose,1
typeface,2
condenses,1
5115479,2
sunburn,4
1994jun20,1
214444,1
9370,5
gallant,1
alfke,2
powertalk,1
mlfallon,1
unix1,1
kindersley,12
carver,3
wiseman,6
letterspacing,6
spun,1
urw,3
kernus,1
equalizing,2
mediocrely,1
fudging,1
meniscus,1
baroque,2
ruu,1
wiedijk,1
harlqn,4
21315,5
9203131741,1
fwi,2
uva,2
ocs,2
1992mar3,1
153923,1
14555,5
logos,6
harlequin,3
typographers,1
postcode,1
barrington,2
cb2,1
5rg,1
0223,2
872522,2
prehensile,1
noses,1
phenomenal,1
stijnr,1
stijn,1
raaijmakers,1
nijmegen,1
2u80fg,1
arh,1
serifs,3
aubrey,1
78712,1
bandpassed,1
bandpass,1
gosh,1
metafont,3
harmonics,2
highs,1
tornadic,1
beets,1
corn,1
tassled,1
tomatoes,1
blackberries,1
tiro,32
typeworks,17
walbaum,1
quixote,1
primenet,1
hosek,1
spacer,1
inextricably,1
bembo,1
rosemary,1
sassoon,1
sidebearing,1
sidebearings,1
thicker,1
typographical,1
anaylsis,1
mys,1
hudson,4
ligature,3
frustrations,1
softquad,4
sargent,2
predefine,1
chars,1
exp2,1
sectored,8
compugraphic,2
typesetters,1
descender,1
4801,5
openwindows,2
sgml,2
barefoot,2
dodger,2
lorp,2
truetype,4
demon,5
laurence,31
kernfont,12
kendrick,1
knocked,1
glyphs,11
glyph,4
overhang,1
unspaced,1
kernfon2,1
garamond,2
tucked,1
chracter,1
middlish,1
rectangularised,1
kerns,5
sqtroff,8
atomatically,2
descenders,3
ppem,4
halved,3
intellifont,5
aribtrary,1
agfa,2
rasterizer,1
aitchison,3
d3r6yw,3
vectored,3
kerned,2
linotype,1
intrigues,2
calligrapher,1
stonecutter,1
typenerd,1
juicy,1
4nlqf2,1
mk8,1
thoth,2
applicaions,1
renderers,1
repurchased,1
nerd,1
54ths,2
amiga,1
intelephant,1
kludge,1
ksfsvq,2
yotav,2
grammatically,2
typesetting,2
sorbic,1
wad,5
letterspace,1
fynn,2
cfynn,3
sahaja,3
4nm2ik,1
sj6,1
transcribing,1
tibetan,2
vowels,1
syllable,1
bsgrub,1
brgyud,1
subjoined,1
acdegh,1
chester,1
salusbury,1
6pa,1
8925,14
orandier,2
planete,3
randier,3
319e6456,2
2f3e,2
walton,4
fontstudio,10
autokern,7
fonction,2
mentionned,2
developpers,2
opentype,2
experluette,1
rasterizing,1
overrides,1
hdmx,1
cacheing,1
deathly,1
rhancock,2
tdc,1
dircon,2
serif,2
bellenot,1
milimeter,1
brazio,1
rocpack,2
propellant,2
soils,2
particulate,2
schwarz,2
ehrhart,1
strasbourg,2
actin,3
valdes,3
jonsson,2
matas,2
kittler,2
5054098,2
glimm,1
meteorological,2
stringing,1
resemblances,1
chromasome,1
tumors,2
sonograms,1
biocomputation,1
anatomical,4
trabecular,1
gillesby,1
geiger,1
joppe,1
amini,1
sinusas,1
constable,1
visualizaton,1
chandrajit,1
47907,1
cerebellar,1
morphometrics,1
lonergan,2
mainwaring,2
condensing,1
relevent,1
pryke,1
blelloch,1
photointerpretation,1
cgal,1
skiena,1
geometryalgorithms,1
calipers,1
tspbib,1
hausner,1
llywellynne,1
cke,2
natowitz,1
pinto,16
pemmaraju,1
salgado,1
woodcock,1
einet,1
fernu,1
forschungsgruppe,1
computergeometrie,1
cantabria,1
fernuniversit,2
fachgruppe,1
algorithmische,5
kaiserslautern,2
arbeitsgruppe,1
nster,1
catalynya,1
pascucci,3
guilherme,1
albuquerque,1
estie,1
dominique,2
attali,1
basch,1
bernardini,1
binay,1
jit,1
briggs,3
siu,1
jen,2
cohoon,1
damme,1
amitava,1
devillers,1
hristo,1
djidjev,1
egecioglu,1
hossam,1
emiris,1
goldwasser,1
leo,2
hugues,1
hoppe,1
itai,1
kaibel,1
katz,5
kedem,4
kettner,1
lambert,11
lenhof,1
paola,1
magillo,1
phane,2
marchand,1
maillet,1
motwani,1
bengt,1
nilsson,1
valerio,1
ramkumar,2
rivi,1
romanik,1
diger,1
sacrist,1
adinolfi,1
leal,1
schirra,1
sleumer,1
streinu,1
ayellet,1
tobola,1
sivan,1
hyang,1
tsin,1
suresh,1
verbarg,1
remco,1
veltkamp,1
vermeer,1
vitter,1
karsten,1
weihe,1
rephael,1
wenger,1
mariette,1
yvinec,1
zelikovsky,1
beitr,1
zur,1
geometricorum,1
akl,1
auszug,1
kurs,1
ecse,1
cs368,1
cpsc,1
22c,1
5337,14
geometrische,1
algoritmen,1
medford,1
uqac,1
fredericton,1
lethbridge,1
wuerzburg,1
antibes,1
eilat,1
iccs,2
burlington,1
balatonlelle,1
clippings,1
miscellanous,2
2510,2
18359,6
ars,3
contemporanea,2
folkman,2
shipley,3
ppszona,1
4219,6
20120531,14
0041,7
70k,56
0042,7
0043,7
74k,63
0044,7
77k,35
0046,7
0047,8
20120529,14
0034,7
68k,42
0035,7
67k,14
0036,7
0037,7
0038,8
0039,7
69k,7
0040,7
78k,42
20120524,14
0017,7
0018,9
0019,8
0023,7
71k,14
20120522,14
0013,7
0014,8
0015,7
85k,21
0016,8
20120517,14
0004,7
76k,49
0005,7
65k,7
0006,7
0008,7
0009,7
20120515,14
79k,7
20120510,14
9989,15
9990,11
9992,15
9993,21
9994,20
9995,18
20120508,14
9981,19
9982,14
9983,16
9984,14
9985,18
9986,16
9987,16
94k,21
20120501,14
9948,15
9949,19
9950,11
9951,14
9952,16
9953,18
9954,18
20120426,14
9940,11
9941,17
9942,14
9943,16
82k,14
9945,18
83k,7
9947,18
20120424,14
9934,17
9935,19
90k,7
9936,13
9937,15
9938,18
9939,17
20120419,14
9928,16
9929,14
9930,11
9931,13
9932,16
20120417,14
9920,11
9921,18
9923,21
9924,17
9925,16
9926,16
9927,15
20120412,14
9897,18
9898,15
9899,17
120k,7
9901,14
9902,18
9903,15
52k,7
9904,18
9905,18
9906,14
9907,15
60k,7
9908,14
51k,7
20120410,16
830k,8
839k,8
859k,8
803k,8
848k,8
880k,16
834k,8
877k,8
945k,8
20130109,14
20130107,14
1393,9
1394,15
1395,17
89k,7
realizer,12
contracted,3
uncontracting,1
normallabel,1
neighborcounts,2
contractible,5
neighborcount,2
contractions,1
uncontract,1
uncontracted,1
compacter,1
bordering,1
shay,1
symbolically,1
1537,7
maurolico,1
polya,3
1750,1
1752,6
retriangulating,1
retriangulation,1
1784,5
1794,7
cauchy,1
confusingly,1
varphi,1
interdigitating,1
shelling,1
homology,1
valuations,1
cohomology,1
mathbb,1
binomials,2
ft3,1
adventitious,1
vectorial,1
jurzak,1
trisection,3
isaacs,7
cerf,1
hourglass,2
stretchtiles,1
bodhi,1
bitart,1
spirolateral,1
spirolaterals,1
javan,1
cromwell,1
brahmagupta,2
fave,1
brunnian,1
buffon,1
lands,1
byrne,1
1847,12
helly,6
ulli,1
misconception,4
complexification,1
brodie,2
curlicue,1
fergus,2
saugata,3
unknot,1
delman,1
sacred,12
heavenly,1
foxes,1
whack,1
billiard,5
postulate,7
napoleon,1
sketchpad,7
fagnano,4
cocircular,4
pollock,1
golubov,1
perturbing,1
mathews,1
spanky,1
meson,1
tomb,2
bodyart,1
shirriff,1
noninteractive,1
stills,1
metaphors,1
kovaka,1
ometri,1
euclidiennes,1
wackiness,1
halexandria,1
candlestick,1
shofars,1
reuleux,2
geoproof,1
horocycles,1
schildbach,1
heirs,1
vatican,1
haired,1
hominids,1
aubel,1
incas,1
honeybees,1
hippias,1
quadratrix,2
430bc,1
kreminski,2
hypersphere,6
frankel,2
saltsman,1
ishihama,1
hyperspheres,7
curiously,2
feltz,1
visualizable,1
hanson,4
natal,1
puffed,1
voroglide,1
icking,1
llner,1
coale,1
fendt,1
quadric,3
raytracer,1
cocircularity,2
pentagram,8
kakeya,3
besicovitch,2
wellin,1
marner,1
kleinian,1
incomprehensible,1
knotplot,1
scharein,1
suber,1
kurschak,2
dodecagon,1
rosenthal,1
chessboards,1
sextic,1
lightsource,1
18124,5
millington,1
froze,1
m203,1
conic,2
manipula,1
meru,1
microgeometry,1
piatko,4
mormon,4
allies,1
poolhalls,1
masonic,1
freemasons,1
theology,1
fruitarian,1
visualise,1
warper,1
optiverse,2
phaistos,1
mediterranean,2
kicking,2
rugby,1
villiers,2
knighten,5
polygonpat,1
glazed,1
terracotta,1
polytopia,1
roms,2
honycombs,1
poncelet,4
rosten,1
doodles,1
quadrorhomb,1
nonconcentric,1
epicycle,1
plouffe,4
wordy,2
mystic,3
oneness,1
falsehoods,1
raytraces,1
sangaku,1
incenters,1
sausage,4
fejes,2
betke,4
reine,3
symbology,1
sedona,1
righting,1
borcherds,4
boxer,9
smarandache,1
iseri,1
beatty,2
axle,3
bntr,1
merzbacher,3
supershapes,2
whitfield,1
tarquin,1
uniformization,3
tractrix,1
pseudosphere,1
foliatied,1
differentiable,5
venus,1
marilyn,1
village9991,1
superellipses,1
uncyclopedia,1
equichord,1
rychlik,4
duvall,1
rowley,1
naoki,1
exhibitions,1
bucher,1
fuquay,2
vitruvian,1
crispy,1
shasha,1
dyadic,5
peano,1
spacefilling,1
wingeom,1
cycloids,2
nephroids,2
trochoids,2
roulettes,2
spirographs,2
yantram,1
yukitoy,2
zef,1
damen,1
caffeine,1
bifocals,2
bifocal,1
starlike,3
axles,2
allegedly,1
continua,2
incoherence,1
schafke,1
volkmer,2
afke,1
equichordal,11
inventiones,1
blaschke,1
weakened,1
baltic,2
schmitting,1
kantabutra,5
misimpression,1
microfilms,1
erroneously,1
etsc,6
abdcea,1
2709,4
relabeling,1
7556,12
amrisc04,1
parroting,1
parrotting,1
oab,1
periphery,1
000005,3
jorourke,2
10070,5
liminf,1
dangers,1
jmchen,1
chenhome,1
tarryprb,1
prouhet,1
tarry,1
escott,1
imminently,1
poop,1
arpa,1
ucbvax,1
bonenet,1
tibia,1
pelvis,1
acsu,7
24949,5
skye,1
pwg,2
frechet,1
thebibliography,2
xxxx99x,1
bibitem,15
etal,1
behrends,1
beyer,2
gindy,1
metrizations,2
metrization,2
hyperspaces,4
calm,2
cerin,4
calmly,2
movably,2
dugundji,2
allyn,1
nadler,3
shonkwiler,3
stout,3
topologists,2
closeness,5
positionally,1
originating,1
niagara,2
14109,5
1992jun3,1
200054,1
22189,5
pasteur,1
luzeaux,2
junon,1
lcr,2
mattioli,1
dilatation,2
haussdorff,1
kantorovich,2
diffeomorphism,1
jacobian,1
hairline,1
1570,1
rachev,1
transference,1
stochastical,1
huma1,2
02138,1
umanitoba,2
manitoba,1
91jun24202803,1
randon,1
ccrwest,1
bounce,3
bouncing,1
bounces,1
bdi,1
grind,1
handscomb,1
eddy,1
prespecify,1
grigni,1
matti,1
siivola,1
kttl,1
puh,1
4346609,1
8744283,1
msiivola,1
adjanced,1
constaint,1
gutest5,1
blekul11,1
utcs,1
utoronto,1
lieven,2
santalo,1
rsm,4
probabilists,2
unconditioned,1
amethyst,1
arizrvax,1
85721,1
8322,12
6893,7
randomizing,1
sundharam,1
auer,3
cosy,1
ngons,2
2opt,1
nonsimple,1
poylgon,1
icky,1
pseudorandomness,2
stir,1
philadeplhia,1
25n,1
alexl,5
cna,5
tektronix,2
reformatted,1
rc142,1
aleph0,1
clarku,6
djoyce,6
parshall,1
elementsamp,1
200bc,1
struik,2
consise,1
babylonians,1
pythagoream,1
pinocchio,2
plucker,6
encore,2
restatement,2
chevalley,1
parametrize,1
zuwei,2
2158,10
3207,8
tfeng,1
humphrey,1
0205,1
quand,1
cherche,1
trouve,1
masticol,2
athos,2
masticola,1
moroni,3
doctrine,2
mormons,1
lexically,1
flunked,1
posse,1
comitatus,1
svax,1
ithaca,2
9002132315,1
aa01951,1
rhmr,1
schroeppel,2
rcs,2
vm1,1
nodak,1
poser,1
illuminable,7
boldrighini,2
kerckhoff,2
unilluminated,1
marchetti,1
billiards,1
masur,1
smillie,1
1994jun15,1
130516,1
15170,5
broadside,1
rjchapman,1
mailandnews,1
bludgeon,1
wlog,1
wrt,1
polars,1
kibo,3
kibology,1
heptadecagon,4
gottingen,2
executors,2
gravestone,2
feeble,1
bloody,1
masons,2
goddammit,1
geez,1
unspecified,1
scalenity,1
tombstone,3
chisel,1
agers,1
stare,1
incised,1
flavored,1
trijillion,1
excitingly,1
pinnacle,1
scalenitude,1
100000000,1
10000000000000000000000000000000000,1
equisilly,2
sillier,1
awaiting,2
bertrand,1
yay,1
constrtuction,1
bisections,1
perpindicular,1
oia,1
eif,1
perpindiculars,1
disquisitiones,1
3sqrt,1
constructibility,2
buhler,1
apochryphal,1
antiquity,1
philology,1
osgood,1
subscripts,3
concyclic,3
lonchamps,1
obituary,1
affords,3
circumcircles,4
circumcentres,3
longchamps,3
altdorf,1
ginn,1
12345,5
versant,1
amdcad,1
ctron,3
cabletron,1
contrapositive,1
playfair,1
thales,2
propositoin,1
saccheri,1
quarilateral,1
noncongruent,1
schikele,1
oratorio,1
seasonings,1
ldots,5
11pt,1
nerves,1
stereographic,3
neq,2
emptyset,2
singletons,1
rightarrow,2
nufar,1
exch,6
atan,1
dup,2
showpage,1
jaf,3
supersede,1
defn,1
jailed,1
eluding,1
brookings,1
63130,1
4899,6
935,49
6110,5
intercepts,5
basing,1
makai,4
8189,8
tilted,1
baked,1
abcdef,1
abde,2
rickard,1
7998,12
akman,1
dublish,1
kolloq,1
zentralblatt,1
52005,1
digging,1
robbery,1
egotists,2
smullyan,1
vuse,1
2837,3
remus,2
clong,1
1992feb3,1
143829,1
24984,5
balamural,1
ambati,1
beardwood,2
calcutta,1
1938,5
cmj,1
hpcc01,2
ewing,5
mandlebrot,2
asymptote,2
pixals,2
pixal,2
hairs,2
jasonp,5
papadopoulos,6
zdislav,1
kovarik,2
mcmail,1
slavek,1
mandel,1
brot,1
thereabouts,4
proximated,1
cardioid,6
largish,1
bulbs,1
jeffleader,4
worldnet,5
cpmx,10
jhill,3
mset,3
505936,2
5031197,2
5613027,2
numerische,2
inls,2
ylqbammhi,3
3919,8
0325,3
047,80
putchar,3
3840,3
mert0236,1
sable,1
womack,1
ariane,1
marblanc,4
mcnet,6
dt812n,2
8j6,2
1c1992a,2
1fca,2
lhf,2
sylvestre,2
blanc,2
snippity,2
28781,3
cardiodid,2
servo,1
4qob91,1
iterates,3
munafo,4
prepress,2
spacings,2
50659230,1
0000006,1
16384,13
32768,4
131072,3
262144,2
524288,3
1048576,2
074,87
2097152,2
027,69
4194304,2
8388608,4
16777216,2
varys,1
deiation,1
506595,1
36ba4b97,1
f6a08e45,1
erols,2
vansickle,1
vansickl,1
089,83
coeffients,1
huddleston,2
beaverton,1
inportant,1
firstborn,1
09288,1
02781,1
01237,3
97752,1
94961,1
92751,1
89534,1
87172,1
85461,1
2880,5
84576,1
83452,1
5760,5
81649,1
80616,1
11520,5
79642,1
78636,1
23040,5
7747,14
76683,1
46080,1
75936,1
75337,1
74321,1
115232,1
73847,1
crl,1
shallit,4
graceland,2
numer,1
7274,9
behovior,1
kbriggs,1
mundoe,1
rba8,1
7088,11
499936,1
feigenvalues,1
reparameterization,1
hilljr,1
buds,53
bud,6
mandelbroties,1
mandelbrotie,1
ln2,1
442695,1
507818,1
504106,1
gauged,1
cardioids,1
178097245,1
17809694,2
196349541,1
19634926,2
8192x4096,1
undecideds,1
8987185,1
2417,4
1013,15
4083,4
8052,11
16315,5
32496,1
65519,2
130464,1
262125,2
523209,1
1048353,1
2095084,1
4194281,2
8384100,1
2262,7
16777120,1
33546216,1
67108068,1
134201223,1
8241,11
268435427,2
536836484,1
17417,5
1073741793,2
2147417952,1
32847,1
4294964173,1
2036,10
8589803488,1
17179868739,1
34359469848,1
135274,1
68719476699,1
137438429148,1
274877894595,1
8178,10
549754764132,1
525192,1
1099511627735,1
2199021133728,1
1064937,1
4398046511061,1
8796088826787,2
2098153,2
17592185993904,1
33724,1
35184363700180,1
70368744177617,1
140737471477920,1
8455890,1
281474976710172,1
562949919864320,1
16779140,1
1125899906645935,1
131054,1
2251799746572177,1
33558501,1
4503599627370443,1
9007199120130408,1
67370674,1
18014398509476663,1
36028796750519292,1
134226594,1
72057594037141413,1
524268,1
144115187538984904,1
288230376151711685,1
576460751228083221,1
537943113,1
1152921504606846920,1
2305843007066210240,1
4611686018424240100,1
2098752,1
9223372032559775420,1
2147516493,1
4826,8
26537,1
2187,9
147542,1
817561,1
19683,5
4537366,1
59049,1
25234399,1
177147,1
140622586,1
37444678594553454,1
43048719821709103,1
45354470458157996,1
48460977988076338,1
49712977124274433,1
50154588264492087,1
50316313962822509,1
50373319034984287,1
50402541594610357,1
50407075095490535,1
50409528851486800,1
50410386745418746,1
50410686280880857,1
05651246,1
02323865,1
01310426,1
00892924,1
00502947,1
00446101,1
00293483,1
00265840,1
00137865,1
00211441,1
00084858,1
00113071,1
00094799,1
00089401,1
00038674,1
00079376,1
00027878,1
00060651,1
00039814,1
00033678,1
00015858,1
00049604,1
00018691,1
00021256,1
00019345,1
00025916,1
00007979,1
00028716,1
00006403,1
00017836,1
00011114,1
00009857,1
00010108,1
00020602,1
00003872,1
00007141,1
00007040,1
00013813,1
00002883,1
00012220,1
00002397,1
00007527,1
00007761,1
00004191,1
00001844,1
00011047,1
00002933,2
00005817,1
00003218,1
00004794,1
00001290,1
00006118,1
00005917,1
00002447,1
00002212,1
00001106,1
00007845,1
00000888,1
00001676,1
00003386,1
00003302,1
50659429,1
gcctech,1
feig,1
restarted,1
mflops,1
918,24
044,61
024,91
33554432,1
931,27
28676832,2
00000010,1
50659173,2
00000020,1
sfu,1
iscmain,1
feig1,2
faigenbaum,1
6692016091029906718532038,1
2867682633829350268529586,1
macs,1
gridsize,1
malden,1
mrob,1
spdcc,1
464b,1
kotti,1
rasco,1
petrovic,1
ics160e,1
ece144,1
scc,9
timdelaneyfifotest,8
closestpair,8
integersorting,8
matmult,8
timpeters,8
priodict,8
2way,8
inplace,8
slowselect,8
dstrash,1
infante,1
ainfante,1
mth,1
pflynn,1
464e,1
undone,1
grappling,1
untangle,1
hunches,1
quizes,1
griffiths,1
bandit,4
laplace,1
succession,1
porch,1
evaporate,1
evaporated,1
slips,2
weighings,1
nickels,1
dimes,2
chameleons,6
thom,1
sulanke,1
kicked,3
kleetopes,1
imbs,150
bureaucratic,1
supervise,4
valiant,14
goemans,14
yinyu,12
noga,14
tschel,9
milgrom,21
umesh,1
orlitsky,1
ashutosh,2
anima,2
anandkumar,2
silas,1
richelson,1
malleability,1
volk,1
unbalancing,1
radha,7
poovendran,5
safedecoding,2
cleangen,1
deepseek,1
magpie,2
nsl,1
lrms,1
kodcode,1
sos,1
byrka,1
grandoni,1
rothvo,1
sanit,1
suspicions,1
blavatnik,1
minker,1
nerode,1
northrop,6
overstock,1
hajiagha,1
irvinenovember,3
201911amdonald,5
luyi,3
luyig,1
1343,6
rvershyn,1
6592,16
stanislaw,5
freitas,1
kourosh,1
mirsohi,1
standish,3
volper,1
elxsi,1
j40,1
atchuth,2
chilaparasetti,2
3389,9
fncir,1
1398884,1
j39,1
irmina,1
gradus,1
zygmunt,3
sahin,1
4869,9
4883,7
j38,1
4724,7
j37,1
2527,2
2537,6
j36,1
stretchable,2
j35,1
2279,5
j34,2
j33,2
jieyu,2
j32,1
1172,14
j31,1
j30,1
zifei,1
xiangxu,1
jingliang,5
j29,1
sungeui,2
j28,2
shanaz,4
mistry,4
puzzhull,2
protrusion,2
yongwei,2
2075,6
2089,5
eckstein,2
1317,8
1326,8
kuester,1
hierarchyless,2
keyser,1
boole,1
c467,1
c478,1
pattekar,2
shelltrees,2
c315,1
c326,1
c67,1
c78,1
1275,8
1287,6
microprocessing,1
microprogramming,1
euromicro,3
c62,1
ismar,1
lohrasb,1
sayadi,1
c59,1
isabela,6
figueira,3
c58,1
gamesh,1
c57,1
c56,1
c55,1
c54,1
c53,1
jester,2
corneal,2
collagen,1
c52,1
aipr,2
c51,1
c50,1
c49,1
histological,2
c48,1
c47,1
c46,1
c44,1
c43,1
c42,1
c41,1
sontag,2
hisb,1
jieqing,1
isophotic,1
kitago,1
csrbf,1
billboard,1
sym,9
chemudugunta,2
iasted,2
nyland,1
mcallister,1
popescu,12
lastra,1
cutts,1
4822,5
4491,4
olano,1
otaduy,1
garland,1
bebis,1
parvin,1
koracin,1
remagnino,1
nefian,1
zara,1
molineros,1
theisel,1
malzbender,1
4291,6
4292,8
48628,1
9183771,1
9052584,1
preceptor,1
1t32ag081185,1
2029,8
5r01ag082127,1
transcriptomic,5
epigenomic,2
tauopathies,1
5u01ag076791,1
connectomes,1
14m,1
r01ca195466,1
multiphoton,3
melanoma,1
fowlkess,1
r25,2
eb02236,1
bigdipa,1
mohanapriya,1
singaravelu,1
articul8,1
lmnt,1
yimin,1
damanpreet,1
appfluence,2
nyc,2
iiscer,2
heriot,2
osman,1
chuong,1
ouitavo,1
aamir,1
mardini,1
barber,1
devin,3
byrd,1
montazeri,2
mahidol,1
compani,1
haitao,2
shafae,2
sainz,2
amisha,1
priyadarshini,1
guangyan,1
20222,5
zihan,1
yamaoka,1
muktinutalapati,1
phair,1
ghodrat,1
ramineni,1
nacul,1
apg,1
urm,1
undeclared,2
dbsics,1
gmod,1
astc,2
idetc,1
cie,1
reopen,1
highereddive,1
dvidshub,1
washingtonpost,2
healthitanalytics,1
militarynews,1
umbrela,1
npa,10
burtsev,6
iwspa,3
asscociated,2
aburtsev,1
sheva,2
kurukshetra,4
iee,1
zin,2
isreal,2
subreviewer,6
icpp,1
iet,1
opodis,1
91283225,1
iacsit,1
80338664,1
bana,3
peeter,1
laud,1
alisa,1
pankova,1
multiplier,1
trinomials,1
xingpo,1
chuanda,1
tcas1,1
florissi,1
ehud,2
gudes,2
tbdata,1
korach,3
derbeko,1
phycom,1
ijpeds,1
ijnm,1
dbsec,1
hanemann,2
prdc,1
manets,2
ispdc,1
cluj,1
napoca,1
chandigarh,1
wwasn,1
iamcom,1
holstrom,1
kline,1
haifa,3
reducer,1
systor,2
1508,9
01171,1
link1,4
tarek,1
abdelzaher,1
dtns,1
buet,1
chittagong,2
ebiquity,1
siliconvalley,1
upmc,1
sorbonne,1
mimove,1
harandizadeh,2
bahareh,2
saleh,2
yousef,2
securit,2
continous,1
cces,1
maitreya,1
natu,1
vaishali,1
sadaphal,1
uottawa,1
ventorim,2
guangxue,2
macshane,2
khatibi,4
elahe,4
sriram,2
rummana,2
shiyuan,2
yuqiao,2
permissionless,2
2059,6
habibif,2
bourse,4
sampad,2
helli,2
queuing,10
redpanda,4
microseconds,4
containerized,3
semaphoreui,2
rahnema,2
msf,11
interactable,4
uncontroversial,2
cnsm,2
srds2024,4
undergraudate,2
sanjesh,2
konkur,2
camping,2
cs132,2
hashemi,2
khosravi,2
kargahi,4
khonsari,2
faili,2
khamespanah,2
veriloghdl,4
assembely,2
redux,2
markdown,2
repllicated,2
paged,2
queryengine,2
eda,7
frauds,2
gnutella,2
mininet,2
xv6,2
plementation,2
nagle,2
mips,4
smoolacompiler,2
smoola,2
joboonja,2
descend,2
multiprocess,2
pacman,4
astar,2
edgelab,5
wedgedb,10
distributes,3
offload,13
efficiencies,1
grpc,1
queryable,1
blockplane,1
byzantizing,1
alaslani,1
shihada,1
dpaxos,1
gungun,1
vishalc,1
ital,2
sisting,2
culty,4
mbers,2
aff,4
dents,2
itors,2
iliates,2
ssion,4
broa,2
bination,2
orms,4
timodal,2
vices,2
eated,2
orld,2
hete,2
rogeneous,2
cated,2
essed,2
eried,2
naged,2
hived,2
ditional,2
ortant,2
erprise,2
pidly,2
olving,2
ducting,2
erests,2
clude,4
lytics,4
visu,4
alization,4
uational,2
awa,2
reness,2
cybe,2
itectures,4
orithms,2
luation,2
riety,2
nologies,2
alysis,2
cle,2
ansing,2
timedia,2
aptive,2
dleware,2
expe,2
riential,2
bile,2
vasive,2
servi,2
hniques,2
alable,2
meinel,1
kennamer,4
grzelka,1
lemanczyk,1
lanier,1
federica,2
ricci,3
eliot,3
kushagra,1
bendekgey,3
yibo,2
dailin,2
karamzade,1
micheletti,3
mehrnaz,1
motamed,1
krylov,1
justus,2
sakshi,1
tamanna,3
hossain,3
kyungmin,1
preethi,1
4066,4
3645,6
cs178,1
daoopt,6
1254071,1
bobak,4
pezeshki,2
raichev,1
alford,1
lago,1
shreyas,1
devaraju,1
shivam,1
gallo,1
sholeh,3
forouzan,1
ozgur,1
sumer,1
hutchins,7
sidharth,1
venkateshan,1
niams,1
camsap,1
madadhain,1
4232,7
6556,13
aij,4
meiri,2
deerministic,2
figrao,2
cvo,2
ijgp,6
formulasamplesearch,2
judea,5
gpube,1
wcsps,1
ferdinando,1
fioretto,1
pontelli,1
yeoh,1
05288,2
aposteriori,1
marinescu,2
otten,1
lookahead,3
stochastically,1
tractably,1
kalev,2
kask,2
aomdd,2
multivalued,1
aomdds,2
samplesearch,4
vibhav,5
gogate,3
quickbb,2
pygm,1
gmid,1
socs2020,1
junkyu,2
gmid2,1
submodel,1
mmap,1
salvo,1
braz,1
semniar,1
00p,6
00a,3
bareinboim,1
barenboim,1
lozano,1
duran,1
mcauley,2
bicycling,1
willsky,1
vit,1
inpainting,3
superresolution,3
iclr,6
vaes,1
smoothers,1
nonparametrics,5
conformations,1
bnpy,2
memoized,1
braingate,1
isba,1
ctbto,1
icerm,1
8169,14
binghui,1
rothvoss,1
flatness,1
leyton,1
osama,1
bandits,2
bichler,1
bidders,1
processions,1
kirill,1
rudov,1
vahideh,1
manshadi,1
volunteermatch,1
bansal,1
devalve,1
yannai,1
gonczarowski,1
strategyproof,1
expanders,1
hedonic,1
rard,1
cornu,1
jols,1
dijoins,1
olya,1
fanyin,1
pravesh,1
gaussians,1
guruswami,1
decodable,1
cheriyan,1
gouleakis,1
shubik,1
costis,1
daskalakis,1
94755690267,1
urmila,2
mahadev,2
certifiable,1
91053519379,1
manolis,1
vlatakis,1
96921158546,1
97508930015,1
92891710088,1
standford,1
ieor,2
linwei,1
luby,1
icsi,2
fountain,1
raghavendra,1
sensorimotor,1
hamsa,1
bastani,1
bahmani,1
shachar,1
lovett,1
edgeworth,1
coalitions,1
yiling,1
wierman,1
avishay,1
dudeney,2
hassibi,2
guyi,2
biform,2
headlights,4
driverless,5
holistically,2
matriculation,2
shanim,2
memorize,3
backflips,1
merchandise,1
mickey,2
minnie,1
burbank,1
lumiere,1
mecps,3
whed,3
whatsapp,2
mockapetris,12
nagging,1
malleable,1
straining,1
animators,1
harebrained,1
lander,1
extrapolating,1
spoiler,1
armies,1
invade,1
droves,1
displace,1
worksites,1
clich,1
compassionately,1
shreds,1
humbly,1
compliment,2
grueling,1
qualifiers,4
homeowners,1
disbelief,1
disarmingly,1
threatstop,5
juices,1
intervened,1
foreshadowing,1
thorpe,1
dialup,1
thesaurus,1
linguae,1
graecae,1
mead,1
audit,2
farsight,2
prevailing,2
cpcc,5
combatting,1
liberties,2
cryptology,1
arka,11
arkajyos,6
8608,14
vberroca,5
6326,9
2426,6
2954,12
nanb,7
4084,8
6759,8
3204,4
lubomir,2
5248,11
3224,8
2177,8
sjordan,1
3214,5
2175,8
3212,8
unnat,2
unnatj,1
3054,5
4228,4
bergac,1
4204,3
6945,18
4076,13
0133,1
3222,3
4212,7
4088,8
4942,3
shz,1
6444,7
0639,1
2446,8
1546,3
4479,7
bchau5,1
3028,8
7651,11
lackeyj,1
3044,5
naima,2
louridi,2
nlouridi,1
3048,7
satari,2
5478,6
3052,10
6753,9
marikow,1
3042,12
webjam,2
qoe,6
rebuffering,1
bitrates,1
bitrate,1
zahaibakhtar,1
precedence,1
lactation,2
6101,11
reserving,1
dominguez,2
martid4,1
cleaver,1
jcleaver,1
darine,3
zaatari,3
6214,12
5960,6
6048,13
boilerplate,2
dmptool,2
funder,2
fairsharing,1
sciencv,6
biosketches,1
dzaatari,1
habiba,2
farrukh,2
chandramowlishwaran,1
hengrui,16
smirk,1
amariuta,3
halicioglu,3
germline,3
traits,4
estimands,1
entropic,1
normality,4
medicaid,3
pertinence,1
noncoding,2
eqtl,3
mapk3,1
schizophrenia,1
neurodevelopmental,1
implicate,1
polygenic,1
canning,3
2122,6
ccanning,1
brenics,1
cienega,1
ramp,1
fwy,1
8799,9
butterworths,1
hobbs,4
hopwood,2
ilie,1
ardelean,1
eagletrace,1
errol,1
arkilic,1
attar,1
twilio,1
smita,2
bakshi,2
flairz,1
nexvisionix,1
fff,4
zack,1
mantripragada,1
pedroza,1
ringquist,2
romney,1
ashburn,1
sudek,1
eventene,1
acterman,1
agostino,1
enovia,2
dassault,2
colligan,1
kjernes,1
corelogic,4
neeld,1
assa,1
abloy,1
americas,2
samiullah,1
optum,2
paciolan,3
ooslas,1
8320,6
scoping,5
cyberattacks,6
homecoming,1
dongxia,2
sml,3
yian,1
deepgleam,1
thittamaranahalli,2
fastmapsvm,2
seismograms,1
collaboratory,6
immorlano,2
esms,2
roadblock,1
salento,1
cmcc,1
pyatkin,2
underspecification,5
pluralistic,1
yejin,1
ai2,5
reasoners,1
yanai,2
elazar,2
dall,1
incentivize,1
unlawful,1
scrutinizing,1
guandao,3
wetzstein,1
sadhika,2
malladi,2
prescriptive,1
mezo,1
prescriptiveness,1
sanjeev,1
m3l,1
siebel,1
internalize,1
danqi,1
bhattad,2
parrots,1
barrow,1
tenenbaum,1
relighting,1
wildchat,1
cardie,1
techcrunch,1
verifai,1
zongyi,3
speedups,1
kortschak,1
pimco,1
wiegreffe,2
bair,1
darrell,2
draxler,2
predominant,1
dopiriak,2
nerfs,1
juraj,1
gazda,1
lvlms,1
corsi,2
unpredictable,4
verona,1
farinelli,1
synergize,1
kettering,1
neider,2
ruhr,1
excape,1
ossietzky,1
oldenburg,1
aiml,1
bonpress,2
otterson,1
agog,1
stake,2
samuelson,1
reimplement,1
kurose,1
aveva,1
blackberry,1
costar,1
danaher,1
directv,1
freight,1
abbvie,1
bungie,1
mes,1
technologic,1
splunk,1
tik,1
viant,1
sumpf,1
esumpf,1
fatema,1
seyoung,1
xinning,10
keune,1
vahid,2
semaan,2
sadowski,1
lindtner,1
porter,2
domingos,1
thanasi,2
bakis,2
pratyush,1
muthukumar,1
jaylen,1
arash,1
nabili,1
seongyoung,1
melo,116
meeshu,2
agnihotri,2
lynsie,3
warr,3
yaoxi,2
alagappan,1
ramanathan,1
thacker,1
rena,1
mccluskey,1
cryptologic,1
futures,3
dismantled,1
inns,3
holography,1
migiliorini,1
climsim,2
flexibly,4
brittle,1
fairer,1
dryad,3
opencha,27
largescale,1
centralive,3
nakia,6
bernadette,4
boden,4
albala,4
boicey,6
borelli,17
bota,3
chesler,2
yuqing,11
afshan,3
hameed,3
tabetha,3
harken,3
holman,5
mahtab,3
jung,11
levitt,4
mednick,4
ariana,4
adey,8
nyamathi,10
uma,4
sanghyuk,5
katharine,2
interdataset,5
constitutional,8
chatbots,16
medcot,4
electrocardiogram,10
counterfactuals,3
fairtabgen,10
futurehealth,104
combating,3
tutors,3
expos,1
icssa,1
uplifting,2
kojima,1
h197,12
h197s,1
icshp,12
collegium,6
chc,3
h198s,15
bim,1
degreeworks,2
gpsrc,1
gapp,2
undocumented,2
assists,6
interfacing,2
aces,120
afework,2
taneisha,6
boba,2
scholarshipuniverse,13
crouch,2
essie,3
sandel,1
trinidad,1
mizusawa,2
sumalee,2
sumlalee,1
drapkin,1
permeating,1
hallmark,4
conceives,1
invents,1
35m,1
mobilizing,2
munoz,5
digitalized,2
clinicians,13
episodic,7
enablers,2
siloed,4
uncoordinated,2
multicultural,3
tracers,4
rolled,2
wears,2
derserved,2
pregnant,27
moms,11
questionnaires,2
disadvantaged,3
infertility,2
medicare,4
dialysis,5
distressed,2
physicians,8
transcends,4
predictors,9
modifiable,2
asthma,6
inhaler,2
diaper,2
infants,4
operative,4
muscles,2
amstat,10
ghanaian,1
blessing,1
reopening,1
temperament,1
wrongful,2
convictions,2
finlayson,1
pitts,1
moneyball,1
brendan,2
draftkings,2
measurables,2
sabin,8
newscasters,1
ticker,1
villanova,4
statistically,10
rooting,1
replayed,1
buzzer,1
beater,1
ucnet,3
bornn,1
zelus,1
ferris,1
sox,1
reds,1
sportstatisticsuci,1
chronicled,4
modernization,3
sirui,8
unforgettable,1
shyness,1
grasshopper,1
armory,2
magdaleno,1
sorter,1
laubach,1
uddeshya,1
lamented,1
devastation,1
mustered,1
retake,1
doomsday,1
fearless,1
loya,1
rescinded,1
grit,1
pomp,1
flashed,1
jsm,1
tshs,1
ambulance,1
gru,1
rcic,3
miyauchi,4
hatomugi,1
yelpnyc,2
052,76
qingchuan,2
yihan,2
aces2alliance,1
rionel,2
dmello,3
truths,1
covidlies,2
fasttext,1
ruslan,2
manahoran,2
wtawtaw,1
commonalities,1
misinformative,1
dinsdale,15
cobb,10
uscots,4
biennially,2
bestselling,2
heckard,8
testimonials,5
foment,2
nominating,2
contagious,2
parapsychological,27
unexplained,2
meticulous,2
shorthand,2
parapsychology,68
presentiment,2
puthoff,6
psychic,33
stargate,2
californian,1
cadet,6
pelayo,2
jaynes,1
fortin,7
hydrometeorology,1
gentine,1
storm,4
deceived,1
hannan,1
unrolling,1
granny,1
guanyu,1
deconstruct,1
ratify,1
storming,1
ournal,1
karri,1
tsoi,1
gudjonsson,1
lowengrub,1
taufisher,1
pseudobulk,1
agostinelli,1
saraf,1
hippocampal,2
nonspatial,2
ature,1
neurodatascience,1
0623,4
r25ai170491,2
sibs,4
nhlbi,2
schlund,15
montana,1
bri,1
mcwhorter,1
karren,1
pounding,1
smashing,2
gyllenhammer,1
pathik,2
wadhwa,2
melioidosis,1
motifs,1
bioethics,1
plentiful,1
kayaking,2
whale,1
personable,1
2038,14
9862,12
dgillen,7
fda,12
brudac,3
cardio,3
emdac,3
multisite,3
idmc,3
riffenburgh,2
navel,1
biostatistician,6
biostatistical,4
dentistry,1
riffenbu,1
biopsy,2
gallbladder,1
azithromycin,1
theophylline,1
emphysema,1
protease,1
silicone,1
implants,2
femoral,1
fractures,1
assays,1
gags,1
platelet,1
hamstrings,1
quadriceps,1
malarial,1
rats,1
rbcs,1
placebo,1
carinal,1
resection,1
warfarin,1
exhaled,1
bronchoconstriction,1
prolong,1
demented,1
retest,1
neuropsychological,1
hsv2,1
strep,1
pneumonia,2
erectile,1
syphilis,1
vulvar,1
worsen,1
thermometer,2
31long,1
laryngectomy,1
anesthetic,1
120c,1
rctdesign,4
cephalon,1
genentech,2
seqtrial,1
hertel,11
misspecified,1
pmid,54
33105514,1
bivariate,3
4187,5
4200,1
8718,10
32794222,1
vegetabile,1
spotnitz,1
8522,11
32180248,1
lumley,2
1734,13
8067,9
30616298,1
mapgam,1
metron,1
1650003,1
mclaren,1
vascular,1
patency,1
bioscience,1
hormetic,3
characterising,1
culbertson,1
schrandt,1
zirkle,1
hormesis,1
brummel,3
emerson,7
haneuse,2
schildcrout,2
kittelson,4
nonproportional,3
conditionally,2
3504,1
dunson,2
1144,5
1146,3
rudser,1
ostroff,1
harrell,1
trost,1
2248,5
5047,10
logrank,2
zawadzki,13
mikaela,17
nishida,13
yiren,2
navneet,8
hakhu,12
congao,1
conniff,1
zhuoran,20
merck,8
yannan,1
kaizer,1
koko,8
gulesserian,10
sepehr,1
akhavan,1
masouleh,1
cfar,1
intellia,1
methodologic,3
grill,9
maximally,2
tolerable,2
exposures,2
delfino,1
toxin,2
longitudinally,1
sonja,1
entringer,1
cladia,1
buss,1
holsclaw,1
kalantar,1
nephrology,2
gillencv,1
bmrd,1
maryryan,4
netlify,4
confounder,4
bmcmedresmethodol,4
biomedcentral,4
1186,18
s12874,6
01936,4
14283,8
jpad,4
disord,4
0000000000000506,4
35482891,4
pagination,20
unimpaired,4
clin,4
transl,3
neurol,3
1646,5
1655,7
acn3,2
51414,2
34227249,2
pmcid,7
pmc8351390,2
rits,4
orellana,2
methodol,2
01322,3
34238221,2
pmc8265076,2
dyads,4
alzheimers,2
s13195,2
00762,3
33419457,2
pmc7791680,2
elligible,1
dispatching,1
diving,2
chrs,2
solidified,1
alyssandrei,1
parinas,1
ayah,2
halabi,3
myeloproliferative,1
neoplasms,1
mpn,2
diets,1
cystic,1
fibrosis,1
owens,1
socaldata,1
kochen,1
elegantly,1
wenbin,1
disentangle,1
standup,1
gump,1
motivators,1
resonating,1
motivator,1
universitywide,1
grasshopperfund,2
priyanka,1
linzhi,1
sunsheng,1
jianxiong,1
caitlyn,1
jianlin,1
vinnie,1
hsia,1
labview,2
sudhir,1
maharaj,1
trent,2
shuaihua,1
xinnan,1
mugic,2
nahal,1
khalkhali,1
jolts,1
niva,1
nonhuman,1
matiara,1
sianipar,1
jiayi,1
jiahan,1
pilates,2
farnaz,1
fooladi,1
lonnie,1
nooshin,1
etemadinazari,1
taha,1
zia,2
kaiqin,1
ruokun,1
zejin,1
teamx,1
menstruation,1
zicheng,1
yixuan,2
ruiyan,1
tokenatm,1
tianren,1
readmits,2
ductus,2
arteriosus,2
echocardiograms,2
shourya,2
hongzi,1
rijul,1
innopiphany,2
depressive,2
afflicted,1
ambassadorship,1
nears,1
oura,1
sdoh,2
karin,1
malm,1
2042,9
copss,1
niss,1
morgenstein,1
carlteon,1
viterbo,1
seances,2
bayesians,2
cmc,1
milton,1
wnar,1
behaviormetrics,1
stor,1
konferens,1
parapsykologisk,1
forskning,1
gaise,22
amatyc,2
cmccc,1
13v,4
koestler,2
grenzgebiete,1
psychologie,1
psychohygiene,1
igpp,1
paranormal,8
9781285050881,1
9781285463186,1
512250,1
aranormal,1
vidence,1
mplications,1
onsciousness,1
shortened,1
accumulating,1
elicit,3
receiver,2
imagines,1
declassification,1
psychical,13
discredit,1
utilise,1
experimenter,7
artifactual,1
reexamination,2
replicable,9
precognitive,1
honorton,9
favourable,1
debunkers,1
randomisation,1
unpopularity,1
experiencers,1
presuppose,1
subquantum,3
rider,1
purported,1
psychics,1
abhorrence,1
duxbury,1
cavendish,1
esponse,1
yman,1
eport,1
elucidates,1
sybo,1
schouten,1
1882,6
dismissing,1
parapsychologists,38
autoganzfeld,12
ganzfeld,34
maimonides,1
waking,1
rejecting,2
deterministically,1
emfs,2
ncrp,1
warrant,3
emf,36
smokes,1
insuring,2
chouten,1
coly,1
mcmahon,1
pgs,4
mceagle,2
extrasensory,1
psychokinesis,1
clairvoyance,1
precognition,1
allotted,1
subcontracted,1
soundly,3
refuted,3
flukes,2
adequacy,4
handicaps,1
commendable,1
1800s,2
1930s,2
rhine,11
tainted,2
spiritualistic,1
replicability,2
publicized,1
impinge,1
urged,3
parapsychologist,6
elude,1
consistencies,2
cumulativeness,1
ebbinghaus,4
1880s,1
sidgwick,1
creery,1
hardened,1
telepathy,3
defective,3
soal,8
goldney,4
sheep,4
goats,2
declassifying,1
insisting,1
incontestable,2
contemporaries,1
discriminations,1
psychophysicists,1
idealization,1
presumed,3
drawer,1
operationally,1
proffered,1
confessed,1
tricked,2
hansel,2
collusion,1
statesmen,1
markwick,1
scrutiny,3
seized,1
peculiarity,1
shakedown,2
debugged,1
resembled,1
insure,1
newness,2
criticizing,1
aggravates,1
alleviates,1
compounded,1
obtainable,1
hiccups,1
inexplicable,4
nonparapsychologists,1
pooled,1
unwittingly,1
bewildering,1
incline,2
persuaded,1
hesitated,1
extroversion,2
introverts,1
extroverts,1
speculated,1
raison,1
weeding,1
novices,1
mitogenetic,2
soviets,1
polywater,1
lawfulness,2
leverrier,7
sightings,2
laboriously,1
recalculated,1
discrepant,1
galle,1
beloff,1
tame,1
pointless,1
patchwork,1
cynic,1
possessed,1
uncommonly,1
prima,4
facie,4
underrate,1
affirming,1
kamman,1
awakening,1
uncannily,1
questioners,1
gantry,2
unwitting,1
interrogator,1
sophistication,2
reassess,1
problematical,2
methodologically,1
hampered,1
premised,1
rejudged,1
kerr,1
6496,13
jmutts,5
stenzel,1
debunkery,1
noetic,1
spottiswoode,2
tart,1
mcmoneagle,1
gaenir,1
sheldrake,1
wellman,4
crn,1
41265,1
clayton,1
schupp,4
cschupp,1
bloopers,1
cyberstats,2
yndjyq78dq6kj,1
thomsonnow,1
1143,5
1139,11
yolanda,1
hager,1
1222,8
yhagar,1
nervousness,1
minitab,1
videotaped,3
1147,4
jmp,2
udaltsova,2
a01,1
a02,1
1117,6
isudaltsova,1
tues,11
mcassey,2
scatterplot,3
seafood,1
chug,1
hw1,2
hw3,2
24ab,3
hw5,2
hw6,2
hw7,2
28ab,2
29bde,1
8ab,2
17ab,1
idempotent,2
22ab,1
15bc,1
16a,1
sect,3
4abeg,2
16abc,1
25bc,1
iassl,4
jayawardena,2
2032,23
0649,4
jutts,7
jskramer,1
shandonm,1
iclicker,2
clicker,3
ucdavis1,2
oldfaithful,3
42ac,1
50bcde,1
gambling,2
lotteries,1
48a,2
67a,1
16b,1
24ac,1
26bd,1
48b,1
55ab,1
67b,1
85cd,1
datadir,1
usatoday,1
healthindex,1
publicagenda,1
pollingreport,1
causeweb,1
interactivemaths,1
boggs,1
glenmore,1
rockhampton,1
prek,1
fivethirtyeight,1
ncpp,1
dasl,2
csa,1
7502,13
archiveis,1
icpsr,1
umich,2
fedstats,2
govdocs,1
nchs,1
flmnh,1
ufl,1
sharks,1
isaf,2
divers,1
hettmansperger,1
drugabusestatistics,2
samhsa,3
nhsda,1
onlinestatbook,1
rvls,1
statpages,1
listserve,1
jspa,1
forumid,1
keypress,2
x2816,1
x2815,1
ilstu,1
gcramsey,1
multicollinearity,2
partydays,1
29bcde,1
33bc,1
56a,1
57a,1
17a,1
physicaldata,2
nov20hmwk,1
student0405,2
33790,1
37890,1
37800,1
37895,1
rummerfield,4
berman,9
wrummerf,1
bermanb,2
openintro,1
males,1
stat2data,1
hmwk6,1
statesat,1
cdi,1
aov,3
sstr,4
yhe,1
pennstate,2
disputes,1
48bcd,1
intercept,3
14abc,1
60a,1
62a,1
30bc,1
commas,1
54abd,1
60b,1
25ab,1
delmas,1
coverpage,1
gaslamp,1
trolley,1
recommenation,1
ducky,1
1aqaq,1
jf9s,1
wio,1
rji,1
ttjf,1
sqdt,1
q56,1
u5p,1
q54,1
djf,1
reh,1
vmm,1
bej,1
jnf,1
u6m,1
zme,1
fzg,2
eme,1
qdy,1
zemh,1
hk4,1
qdx,1
wqyja,1
6gb3,1
nu6,1
djk,1
snvl,1
4ahb,1
jbr,1
hqq4u,1
yt5,1
mq4,1
gsfu,1
lmfm,1
mt1,1
53syi,1
t9ht,1
ixt,1
tlj,1
nef,1
rgn,1
qyu,1
2t9be,1
rzfh,1
btd,1
bxtu,1
6gi0k,1
kv2j,1
lrf,1
ic67,1
bfx,1
cssa,1
jjhu,1
f2di,1
ub44,1
rn2,1
nnpnpnpm,1
sscca,1
vdv,1
qf1,1
fp3,1
2l2,1
fiae,1
gkv,1
a2j,1
2cg,1
rng,1
5d2,1
ddl3,1
frlm6,1
i9l,1
i8fo,1
qpl,1
cdsy,1
poq,1
mfh,1
i11e,1
yrq,1
jjjj,1
ssq,1
utb,1
c666666,1
eqqt,1
tnj,1
m3q,1
2rc1,1
ilt,1
rult,1
1oi,1
neh,2
gycp,1
fdb7b,1
fmfg,1
jmx,1
li6,1
ahq,1
ocb,1
bmh,1
3bt1c,1
eeez,1
lbi,1
4b3,1
t3ba7b,1
ccehl,1
dbl,3
oun,1
qac,1
jox,1
h1g,1
cfca,1
gd4,1
az4,1
hphk,1
yzu,1
pppk,1
cnor,1
a34,1
qqrq,1
hbg,1
vy1w,1
6wd,1
nuds,1
kjb,2
0rx3,1
3qy,1
hry,1
qcr,1
x21q,1
dti,1
xgx,1
m7k,1
eyv,1
j9e,1
ygv,1
gc2,1
ive0,1
tcwq,1
mtw,1
ddz,1
vxc,1
iyh,1
6tl,1
aru,2
ivfa,1
2z1,1
9gr,1
7zs,1
ox7,1
ylm,1
du3,1
qdu,1
lsf,1
ete,1
66w,1
ybz,1
ndd,1
xm9,1
2dr,1
e2ge,1
gb2re,1
ri5,1
bha,1
bb3,1
zpbz,1
hz3,1
clq,1
jtu,1
ffqe,2
ffr,1
4bz,2
ctd,1
bzn,1
7jqe,1
ejr,1
bzijr,1
qqj,1
4ol,1
4mg,1
tbgi,1
umj,1
kwu,1
ne4,1
wch,1
9sj,1
pw3,1
gtx,1
l66,1
hcm2f,1
wqu,1
oqm4,1
fgak,1
dg56p,1
q2ghc,1
agdo,1
7od,1
86lqq,1
rhkp,1
arak4,1
gvpk,1
xlcd2,1
4xf,1
ct1,1
ytct2,1
a9dna,1
uox4,1
hyd7,1
vco,1
74m,1
v6m,1
3vs,1
axm,1
lyld,1
q7t,1
bkvtp,1
0wlo,1
h4o,1
kvx,1
cbk,2
plm,1
qm8,1
ivo,8
nkz,1
ppi,1
cxin,1
a7vr,1
ybv,1
1ppm,1
do9k,1
yzak,1
fyug,1
2fv,1
bkj,1
88ty,1
8ld,1
zg9,1
fm8,1
j7ol,1
3dq,1
eyj,1
ieg,1
7orm,1
u6g,1
dn8,1
18w,1
ati,1
cnw,1
gbq,1
2rc,1
pnbr,1
eit,1
bsj,1
24v,1
uvam,1
xeam,1
9iu,1
80j,1
oyd,1
zmr,1
ztxi,1
nst,1
lfi,1
j4s,1
zon,1
lny,1
u53,1
yita,1
unr,1
yce,1
iwn,1
ork,1
abe,1
g0lf,1
0x78,1
6iomq,1
9e3,1
f1s,1
ygm,1
yab,1
ljp,1
rib,1
ukze,1
qxb,1
jwct,1
xes,1
3ka,1
c9r,1
wgy,1
fml,1
lwh,1
9cbm,1
deskj,1
ul5,1
hvqxx,1
wfp,1
hhyx,1
5z9,1
4cd,1
1gg,1
frbv,1
n1p,1
nqk,1
08z,1
ac2,2
owd,1
n7uf,1
rp1,1
thln,1
tpk7pn,1
bkr,1
qr1,1
hmh,1
tlns,1
gqub,1
u4u,1
ac5o,1
v7i,1
yfw,1
7la,1
v2s,1
gef,1
ea9,1
2y5e,1
yxcw,1
upb,1
hr9,1
mwto,1
e7w8,1
vjcb,1
hlb6,1
tto,1
w8n,1
tkoe,1
gyk,1
nfk,1
dcfo,1
bdy,1
cviwk,1
bmf,1
nxl,1
70kz,1
xe6,1
2hw,1
bby,1
7da,1
t7b,1
wpdxh,1
ggw,1
0s6,1
ug9e,1
spivs,1
chjt,1
cb7,1
a7g,1
bks,1
cuc,1
fks,1
ypoj,1
hcm,1
itum,1
ovu,1
vgu,1
yfz,1
cdv,1
y7j,1
cjcv,1
hyhv7,1
mtb,1
u7f,1
oy6,1
cvg,1
dwf8,1
oye,1
xbz8,1
u24oj,1
cx0,1
rgs,1
vnm,1
iq6,1
tttta,1
xzke,1
bbbbbbbbbb,1
bbbbbb,1
h2u,1
1bm,1
a1cfr,1
yjr,1
bky,1
bbkb,1
hhhkd,1
4tt,1
qja,1
wqh,1
chlf,1
hhz,1
jta,1
ioj,1
dde,1
efjr,1
4wa1,1
dbz,1
444md,1
bkd,1
4be,1
hbb,1
idbj,1
bbbd,1
bfv,1
hlq,1
hy04,1
4llb,1
bzr,1
44a,1
mhb,1
z1h,1
74cre,1
ndf,1
hy2,1
w26,1
lvg,1
ftm,1
cyg,1
lhb27,1
olz,1
jtocbcbe,1
0b2,1
ffbijw,1
btk,1
czb2,1
1fyb,1
iubk,1
edfj,1
ytz,1
ehny,1
22z,1
20o,1
ul1,1
qzr,1
bja,1
hbk,1
4ma,1
wd6,1
noq,1
4ld,1
jke,1
0t5,1
bdcz,1
blw,1
df4,1
dzw,1
z6n,1
mgap,1
gbnbt,1
zs2z,1
uus,1
kgxn,1
ah8,1
endorses,1
intermix,1
precede,1
critiquing,1
investigative,1
anson,3
amerstat2003,1
statlinks,1
burry,1
garfield,1
holyoke,1
cuff,1
westminster,1
velleman,1
witmer,1
d3b,1
unanimous,1
hpb,1
dib,1
critiques,1
mksapv,1
cgfwgf,1
g8a,1
lz6k,1
w1s,1
cdy,1
t7h,1
bez,1
gto,1
0cq,1
t0h,1
d2403,1
cjr,1
i9s,1
yia,2
b0ki,1
uuu,2
3f3,2
ff3,2
33f,2
f3f,2
3ff,2
tahoma,1
wingdings,1
hlinks,1
ncarai,1
baton,1
botswana,1
fiji,1
greenland,1
multimodality,1
microvesicles,2
ptsd,3
methylation,2
aqu2,1
junxian,1
zihua,1
roulette,1
bingfei,1
yijia,1
xiling,1
macmods,1
seaweed,1
macroalgal,1
soobin,1
guowei,1
helpgram,2
aman,1
bhatia,1
anjana,1
krishnakumar,1
vellore,1
santhiya,1
nagarajan,7
vaishakhi,2
pilankar,2
tianlun,1
spidersense,1
dongxin,1
weihuan,1
andrada,1
surfline,1
team1,1
hamidi,1
thuc,1
chunqi,1
deon,1
unokiwi,1
xiaolue,1
workerdrones,1
cloudstation,1
lindsey,1
jabbar,2
magdum,3
battlecovid,2
platformer,1
pongde,1
ritwick,1
yixing,1
hanying,1
siyi,1
treehole,1
jiaming,1
myfitplanner,1
huanzhi,1
pharmeasy,1
streamlines,1
rushikesh,1
romit,1
ankitesh,1
yuanbo,1
zhanyan,1
bartr,1
amay,1
kadre,1
qingxue,1
dreamcatcher,1
abhay,1
burhanuddin,1
lakdawala,1
secbook,1
shuo,5
investorzen,1
vetted,1
aneri,1
subash,1
kotha,1
sukriti,1
chhabra,1
vindiya,1
wetrading,1
zhexuan,1
heyong,1
morye,1
anuj,1
deshmukh,1
zotbooks,1
connectzen,1
mamta,1
shrishti,1
kunjibettu,1
wunderly,1
gamershub,1
sawant,1
parayil,1
laveena,1
chetan,1
kottwani,1
rubiks,1
treeus,1
wasgo,1
godot,1
webassembly,1
malyala,1
ruilai,1
welink,1
shihan,1
wetrip,1
lijie,2
zuoxi,1
yulin,1
xiangzhe,1
zichun,1
haihan,1
codefactoryci,1
saas,1
peixuan,1
xingyou,1
dpad,1
gladfs,1
monahan,1
daman,1
shubham,2
grouphub,1
luyao,1
yingfei,1
congcong,1
karachewski,1
khaja,1
zuhuruddin,2
dormitory,1
heroku,1
feihong,1
somani,1
jash,1
sohni,1
softflow,1
collates,1
ujeniya,1
chungath,1
shedimbi,1
probuddho,1
alavandar,1
anant,1
simran,1
mehul,1
solidify,1
equalize,1
cellmark,1
catalia,1
pacmpl,1
etad,1
paved,1
180ab,1
prudence,1
teletrac,2
navman,2
turnover,7
ipf,136
maternity,105
potluck,110
dutts,110
dongjoo,164
prabhat,102
caio,122
batista,115
tomo,12
conquering,1
mpsoc,18
sage,8
cpsoc,1
cpsocs,1
ioct,6
dvfs,6
hysical,1
ilience,1
ustainability,1
fujitsu,1
commex,2
conexant,2
islped,94
3069,98
hitmag,97
fdpfs,8
fdp,8
3443205,5
bhattacharjya,9
maity,65
lite,5
ofdm,5
3440208,5
alikhani,29
kanduri,41
liljeberg,74
isss60120,5
00010,5
mdat,16
3469828,8
hamidreza,23
3665314,6
3670840,6
nik,13
zonetrace,37
essc,5
herkersdorf,27
boostiid,15
saehanseul,41
donyanavard,66
lilieberg,3
kdtree,23
glsvlsi,12
biswadip,56
lakes,13
3649476,11
3658708,11
yongsoo,16
hotstorage,17
joo,10
polled,16
3655038,11
3665944,11
sina,87
shahhosseini,30
mingoo,8
changjin,8
dnn,22
proswap,27
hillen,14
milad,18
isqed,12
arnumber,4
9806239,4
khuong,27
wongi,11
baek,5
3370748,5
3406563,5
delaram,44
arman,36
anzanpour,35
azimi,56
3407091,1
ews,14
cryptopim,17
nejatollahi,18
pqc,4
rlwe,3
rlw,3
bavaria,2
saxony,1
braunschweig,1
frees,2
platooning,3
mpsocs,1
v2x,6
failover,1
wirelessly,1
dma,1
dds,2
riscv,3
til,1
intros,1
toolchains,1
verano,1
8466995,1
1543,3
1567,10
8949899,1
rambo,6
3352460,5
3358312,5
52nd,5
mytum,1
kompass,1
datenschutz,1
bewerbung,1
flo,2
lis,1
bacatec,1
imari,13
hessle,8
kasra,43
maeri,1
asplos2018,1
donny,7
jinwoo,7
globecom2018,11
tiago,28
slabbaf,37
iccad,11
chenying,8
underutilized,9
3206,6
mlwin,2
450k,2
bhaskar,2
krishnamachari,2
305k,2
75m,2
300k,4
solmaz,2
wifius,3
epcn,2
260k,2
hackfest,2
burago,2
callegaro,2
anas,2
alsoliman,2
yoshitomo,2
matsubara,2
tazarv,7
bedogni,2
valeria,2
guglielmi,2
pied,2
sanaz,2
moosavi,2
hankyong,2
valentini,2
aquila,2
adrien,2
lagrange,2
yunsheng,2
linnaeus,2
comsoc,2
smartgridcomm,2
wcnc,2
sgc,2
ternational,2
globalsip,2
greens,2
communi,2
greencom,2
ccnc,2
energycon,2
jsac,2
nas55553,5
9925330,11
7110719565159878659,3
utm,6
labbaf,34
huaicheng,11
rling,11
f2fs,63
zns,59
upr,3
moazzemi,32
leacoor,1
mehrabadi,11
asgari,10
jimah,3
narvaez,2
3696425,5
aerobic,2
changhoon,4
jongheum,4
minchul,4
4309,10
3656172,10
zoned,4
ebpf,4
9798400706882,2
informativeness,2
10473866,6
dac58780,4
9819263,6
10546571,2
10546533,1
clearwater,5
9798400706059,4
soms,12
9798400706301,4
ull,16
inefficiency,4
10779575,2
10779970,2
10740731,2
kasaeyan,22
10697219,2
sarhaddi,8
2691,2
3616019,5
photoplethysmography,6
hrv,11
interbeat,2
avnn,2
rmssd,4
sdnn,2
easyr,12
1539,11
9087,13
3570503,10
uniprocessors,4
gangs,8
decoder,4
adders,6
knoxville,2
9798400701252,2
3583781,5
3590314,5
adder,4
tagger,2
sperling,4
bendrick,4
hrmann,4
lenke,4
surhonne,12
walaa,4
karami,4
rachid,4
nikolian,4
rakka,4
minjun,12
10137006,6
23919,28
date56975,6
jafarlou,5
salar,4
medrxiv,7
yang2023,1
23291165,5
statementthe,2
statementthis,2
fundingauthor,2
declarationsi,2
yesthe,2
exemption,2
5153,9
yesi,4
interventional,2
icmje,2
clinicaltrials,3
yesall,2
esterle,4
gruhl,2
marcenaro,2
lucio,2
regazzoni,4
jantsch,16
10137197,3
9798400702242,4
3599691,10
3603409,10
lococat,4
10261979,2
3299217,4
dynafuse,12
1943,6
0671,4
10261977,2
3298738,4
mmml,16
insightfulness,4
ashrafiamiri,4
marzieh,4
assurances,4
10286166,2
3324887,4
9984745,2
rtss55097,4
00033,4
incurring,4
dnns,8
loadings,4
dukyoung,4
reclamation,4
0306,5
4379,7
shahhosseini2022,2
s0306437921000910,4
oidg,4
9806291,10
isqed54688,4
orchestration,25
samplings,4
shahhossein,2
9781450393225,2
shahhossein2022,1
3526241,4
3530373,4
accurac,2
amser,6
ehealth,12
naeini2022,1
9774590,4
date54114,2
1460,1
vishwanath,3
190x,2
vo2022,1
9747783,4
icassp43922,2
1231,6
chimit,2
tecs,7
3520129,10
shihao,6
hanamshet,2
jui,2
balaji,4
adarsha,4
anup,6
kandasamy,6
catthoor,6
francky,6
02038,5
00144,5
11417,14
titirsha,4
twisha,4
shackleford,2
neuroxplorer,2
01795,5
05707,5
naderi,2
jilani,2
p2e,2
wgan,2
sigapp,5
1036,6
vonnjrdc21,1
3412841,4
3441979,4
daegu,4
yikkd21,2
isorc52013,8
00023,8
marwedel,4
donyanavardmmmm21,2
47487,8
pyeda,2
electrodermal,2
edi40,4
aqajarinmldr21,1
procs,7
aicas,3
shahhosseinikmn21,1
aicas51828,4
9458477,4
gaggi,2
ombretta,2
manzoni,2
palazzi,2
goodit,3
tazarvlrdl21,1
3462203,4
3475918,4
seams,8
maitydsrhd21,2
3466875,8
niela,11
hannakaisa,10
axelin,12
2281,7
sarhaddialndalr21,2
s21072281,8
edgecontrol,2
acm2020,2
researchgate,6
342787437,4
optima,4
delity,4
ciency,8
abnormalities,4
recon,4
gurable,4
hea,2
saransh,2
nejatollahi2020,2
tajana,3
cammarota,3
rosario,3
iacr,4
11989,8
9781119551713,12
amiribook2020,2
onlinelibrary,4
ch9,8
leevbkd20,1
octave,2
fetal,10
3757,5
volrdc20,1
s20133757,4
peroni,2
tcad,4
9060871,2
nejatollah,1
carlsim4,9
snns,1
leaky,1
izhikevich,1
compartment,1
60x,1
neurorobotics,1
socsci,3
jkrichma,3
carlsim,5
hirak,5
kashyap,8
jinwei,2
listopad,2
stanislav,2
ijcnn,12
choucarlsim,1
ijcnn2018,2
detorakis,2
primates,2
kashyaprecurrent,1
predicitvepursuit,1
beyeler,3
kristofor,2
neurobiologically,2
killarney,2
beyelerccdk15,1
7280424,4
unborn,3
prenatal,4
postnatal,2
sedation,1
anesthesia,1
ajan,2
1877,9
0509,2
naeini2019551,1
s1877050919305368,2
alarms,2
334849243,2
3351286,2
amiri2018edge,1
glocom,2
8647457,2
impair,2
degrade,2
batteryimposed,2
respiration,2
saturation,3
photoplethysmogram,9
misdetection,2
gotzinger,2
taherinejad,4
1061,6
anzanpouragrtlj17,1
7927146,4
respiratory,11
deterioration,1
mahyar,3
abbasian,4
ipfs,1
00095,5
kirstie,2
landauer,2
platzner,2
kalle,2
tammem,2
bellmanldehjtlp20,1
3375716,2
1562,8
maurerdrdh20,1
date48585,4
9116574,4
ifogsim,2
seosmdlrd20,1
coins49042,4
9191663,4
rinner,2
pieee,1
duttrry20,1
jproc,4
2990784,4
shoushtari,3
maitysrd20,1
2941018,4
moazzemimyrd19,1
3358203,4
sadighi,2
donyanavardmrds19,1
eberle,5
kadeed,6
thawra,6
01578,6
rambokeskdmmmsy19,1
3349567,4
3357391,4
miele,2
dsd,4
8491796,1
00025,2
donvanavard,2
monazzah,3
recosoc,4
8449386,3
spectr,20
4911,8
sfs,1
3173162,4
3173199,4
duttgroup,6
asplos18,6
exynos,4
sagdighi,2
nassar,2
1558,5
8342259,5
1532,8
cmps,8
8342141,5
921,31
jurn,2
gyu,2
memcop,2
dafes,1
hsiehpdl18,1
s10617,4
9201,14
rrobust,2
mimo,2
tmscs,5
muckdmrjd18,1
2808524,4
jantschd17,1
2757445,4
santanu,3
sparta,2
donyanavardmsd16,1
2968456,4
2968459,4
duttresearchgroup,1
systemlsi,1
synapse,1
ecacti,49
retargetability,2
tamoghno,1
neurosymbolic,1
mohamad,1
fakih,1
isquierdo,1
palomino,1
ufpel,1
becton,1
dickinson,1
zoox,1
jurngyu,1
nazarbayev,1
tajik,1
abbas,1
banaiyan,1
mofrad,1
trutouch,1
kazuyuki,1
tanimura,1
bloomreach,1
jayram,1
moorkanikara,1
aseem,1
halambi,4
madl,3
kyoungwoo,1
issenin,7
teradek,1
denali,1
savoiu,1
calypto,1
aviral,9
shrivastava,17
partha,21
mathworks,3
naga,1
mamidipaka,15
preeti,1
callcomm,1
pradip,1
xilinx,1
dushyant,1
bharadwaj,2
tomohisa,1
kawakami,1
dukyong,1
tecnol,3
kenshu,1
seto,1
zatt,1
pelotas,1
myungkeun,1
pucrs,1
hoyoung,1
hansung,1
yukio,1
mitsuyama,1
kochi,1
gonz,1
lez,1
girao,1
sul,1
janmartin,1
jahn,1
intitute,1
yuko,1
azumi,1
ucu,1
pronounce,1
inferential,2
210p,2
demirci,2
medina,2
kazak,1
rosenberg,3
sinem,1
feiyi,1
playlist,1
claremont,1
etinkaya,1
rundel,1
statical,1
talmo,1
bayesrules,1
interviewee,4
srq,1
6296,8
sternh,3
footwear,2
bloodstain,2
gelman,1
carlin,1
vehtari,1
chas,4
faircausesyn,8
causally,5
cdf,8
mtl,1
healthq,8
transecg,8
memorization,6
dietitian,4
zotcare,38
personalizable,8
psychotherapy,2
haulers,8
foodlogging,5
antepartum,5
intrapartum,4
bioelectronics,2
caregiving,6
nutrients,2
menarche,1
moods,2
indisputably,2
gestational,2
miscarriage,2
ptb,7
ptbs,2
tbi,6
impoverished,2
unacceptably,2
phn,1
remotest,1
approches,1
enlivenment,1
deidentified,1
knowingly,1
idu,1
asha,2
multifactorial,1
vilen,6
olugbenga,3
oti,3
pahikkala,1
fgcs,1
intertwining,1
kirsi,1
grym,1
eeva,1
ekholm,1
lotta,1
hamari,1
eliisa,1
yttyniemi,1
wristbands,1
postpartum,10
childbirth,1
juho,2
laitala,2
elise,2
syrj,2
airola,2
entrainment,1
hyesun,2
predrag,2
klasnja,2
almirall,1
biometrika,2
lanza,1
10241,5
hessian,1
biasing,1
scrubbing,1
hypertension,11
sustenance,1
shuqiang,3
linhu,1
kaloric,2
simula,2
fatigue,10
suicidality,2
adulthood,4
immaturity,1
dysregulated,1
predicated,1
attune,1
caregiverstudy,1
winursing,2
kehoe,2
aaic,1
kajung,1
southland,1
chw,1
rns,1
chws,1
mbp,1
09312,2
ruihan,1
herranz,1
xinhang,1
geolocalized,1
1187,5
1199,7
narendra,1
akash,1
kulhalli,1
kushal,1
nishant,1
pratul,1
dinkar,1
sitaram,1
ance,1
bhimaraju,1
clearsense,4
09402,1
phco,1
hannah,2
heredia,2
navarrete,1
perinatal,3
trimester,2
feli,3
100390,2
hauler,2
asal,3
yunusova,3
jmir,4
savoring,3
mhn,5
msavorus,4
qureshi,1
marcotullio,1
elucidated,1
rpii,1
emas,1
newborns,1
perpetuation,1
hallucination,1
shortcoming,1
vicuna,1
medalpaca,1
nutrient,1
tailors,1
pinpoints,1
qrs,1
cot,1
rouge,1
chatdoctor,1
cosinor,1
nighttime,1
bih,1
auc,1
plausibility,1
biosignals,2
generalizability,1
eegnet,1
lamden,1
pcu,7
techcon,2
fkg,4
pratim,2
ashoka,10
mortazavi,2
eans,2
butte,3
dicom,5
n3c,5
facmi,6
zaslavsky,3
icis,4
lakshmipat,3
braid,1
frailty,2
biobehavioral,2
multimorbidity,1
brite,1
perturb,1
obfuscating,1
apnea,1
cript,3
sesame,2
petia,1
radeva,1
collating,1
wfa,1
stratify,1
elucidate,3
bharatanatyam,1
50tb,1
bonhomme,1
zenooz,1
mushtaq,1
rdn,2
alfchen,1
6000,20
i10,1
isoc,11
vehiclesec,9
exibition,1
souvenirs,1
link2,3
ioat,3
meansurement,1
lidar,7
lidars,1
ilr,1
sysadv,1
planfuzz,1
autosec,4
autodriving,3
defcon,2
autodrivingctf,1
drp,1
fusionripper,1
cs134,8
utc,1
usdot,1
et3,1
annouce,1
invitee,1
kanglan,3
prestigous,1
cyberseucrity,2
5st,1
regionals,3
emering,1
shaoyuan,3
grandmaster,1
ningfei,6
ziwen,9
dipalma,1
bartz,1
zeyuan,2
nanze,2
jalen,3
kaidi,2
suzuki,3
yuki,2
hayakawa,2
kazuma,1
ikeda,1
ozora,1
sako,1
rokuto,1
nagata,1
yoshida,1
kentaro,2
yoshioka,2
ruochen,1
lixu,1
thirteenth,1
3689,5
11500,5
cvf,1
2719,5
11532,5
yohsuke,1
shiiki,1
hrushikesh,1
varma,1
bhupathiraju,1
takeshi,1
sugawara,1
rampazzi,1
2160,1
8068,12
doppelganger,1
yuantianyi,1
yulong,1
chaowei,1
dawei,1
yunhan,2
shengtuo,1
jiachen,1
protesters,1
immobilizing,1
erratic,1
dongles,1
afflicated,1
obsure,1
backdoors,1
leaked,1
wpad,5
mitm,1
securityaffairs,1
nakedsecurity,1
technica,1
disclosures,1
ta16,2
144a,2
3898,3
5227,8
hijacking,1
airdroid,1
androidid,2
21669196,1
22541289,1
nsd,1
verisign,1
cpss,1
proquest,1
cs205,5
safethings,1
hacking,5
wisec,1
icra,1
escar,1
tmc,1
tnsm,1
cyberuci,11
secdevops,1
cptc,3
ctfs,2
hivestorm,3
ecitadel,2
hackerlab,2
endorsed,2
teamers,3
pentesters,1
wildcards,1
alamo,6
utsa,3
upcycled,1
nightwing,22
nccdc,18
fortify,3
odit,3
payton,1
rohatgi,5
tenets,1
nationals,2
cara,2
failer,6
edging,1
injects,1
measures0,1
fielded,1
banded,2
schemed,1
fought,1
toughest,1
curveball,2
signify,1
sleuths,1
andriola,1
dulles,2
prnewswire,1
triumphed,1
fending,1
dedicating,1
ramparts,1
cias,1
defeating,1
showings,1
prouder,1
dhruv,1
cyberattack,2
thwart,2
entrants,1
gamification,1
pcmce,1
trackingid,1
pys5h,1
2fb6lixuj3vlsafnvq,1
1rjee,1
2064,9
pharmacists,1
clinician,4
ucipt,2
overdose,1
syoung5,1
calico,2
amplifies,1
externalize,1
fluidity,1
cubicles,1
ideologies,1
patriarchal,1
whiteness,1
misogynist,1
succeeding,1
channeling,1
skyrocketing,1
composer,1
fertilizer,1
watering,1
clair,1
dunedin,1
calarts,1
ecommerce,2
brainchild,1
lodged,1
pleasures,1
complacencies,1
ttanen,1
palynology,1
shafique,5
16972,6
04117,2
dukler,2
achille,7
bowman,2
zancato,3
swaminathan,2
soatto,13
dabeer,2
shoeprints,2
02361,2
shechtman,2
amirghodsi,2
geofill,2
08131,2
wallingford,2
bhotika,5
16708,6
rajendran,3
efimov,2
salama,3
shivkumar,3
sympathetic,2
infarct,2
jci,4
e153913,2
153913,2
polito,2
08039,3
03887,2
maji,4
08482,2
jaramillo,2
oboh,2
ikuenobe,2
apolito,2
202007324,2
2007324117,2
decluttering,2
12114,6
huh,2
abdelaal,2
salinas,2
zeitoun,2
disrupts,2
thalamus,2
1523,9
jneurosci,2
1626,7
06729,2
tewari,2
task2vec,2
03545,2
rathore,3
affordance,2
07718,2
advisees,3
samia,1
liviniuk,2
nuro,1
alina,1
chinmayee,1
athalye,1
shaurya,1
sivoraphonh,1
dongxu,1
bhanushali,1
maharshi,1
borje,1
samreen,1
anjum,1
oclaro,1
nease,1
edmunds,1
nityananda,1
jayadevaprakash,1
sangeeta,1
vicarious,1
mcbs,2
katiana,1
khouri,4
ccbs,1
staistical,1
spaig,1
helmholtz,1
undergarduate,1
f12,1
s14,1
s09,1
w10,1
w11,1
dbi,3
2434867,1
csafe,1
nibib,1
eb022366,1
ot2,2
od024899,1
nia,2
r01ag057748,1
od023848,1
1053036,1
1262547,1
1618806,1
1253538,1
1813785,1
1730158,1
cviu,1
sino,1
vlpr,1
unviersity,1
pocv,10
iasonas,2
kokkinos,2
centrale,2
pocv2012,1
underscored,1
grauman,2
basri,2
interline,1
anchorage,2
partbook,1
kuiyuan,1
reorganization,1
toufiq,1
parag,1
kunsberg,1
bastoderm,1
icsb07,1
configural,1
internalization,1
ecvp,2
arezzo,1
supp,2
sarasota,2
46th,7
tafm,1
haselhorst,1
neotropical,1
2041,9
210x,1
13917,5
abaw,1
00508,1
tighe,1
sscap,1
14158,5
visuomotor,1
02161,1
linearized,1
2102,10
challis,2
tach,1
multicolor,1
enteric,1
capsid,1
neurogastroenterology,1
motility,1
e14014,1
3dpw,1
03143,1
11747,5
tnnls,2
3006467,1
03731,1
pincus,1
celeganser,1
04884,1
yuille,1
resisting,2
neurocomputing,1
01024,2
hayatbini,1
sorooshian,1
nemani,1
cgans,1
percipitation,1
06552,1
cemnet,1
10309,5
modularized,1
03589,1
abiri,1
200953,1
01693,1
tompkins,1
hiyari,1
gabris,1
munzberg,1
ardell,1
optogenetic,1
biorxiv,1
01556,1
01143,1
11482,5
muller,1
abaid,1
boreyko,1
grimm,1
cushing,1
biodiversifying,1
bioinspiration,2
biomemetics,1
053001,1
08273,1
01820,1
honourable,1
05109,1
01689,2
supervized,1
patchnets,1
sunw,1
vqa,1
02413,3
0960,1
1610,5
01394,1
1606,5
01621,1
02264,1
identiifcation,1
00775,1
09439,2
pgen,1
1005985,1
e0148879,1
0148879,1
placid,1
mccusker,1
athippozhy,1
castillo,1
gardiner,1
voss,1
regenerating,1
amybstoma,1
mexicanum,1
s12861,1
015,66
0095,1
s12859,1
0814,1
02407,1
1503,2
01508,4
hierarchicial,1
grosberg,1
pluripotent,1
mander,1
mio,1
ornamentation,1
1770,5
kirchhoff,1
turetken,1
pfister,1
daejeon,1
surrey,1
firenze,1
1208,8
0378v1,1
0026797,1
1731,6
1743,7
freschauf,1
201103463,1
henreiquez,1
erroroneous,1
1204v1,1
skurikhin,1
commerical,1
05877,1
leungo,1
reimannian,1
helmoltz,1
burl,3
roden,3
isas,1
stechert,1
muukhtar,1
neurocognition,1
psychopathology,2
gliomas,1
mems,1
mechanobiology,1
microcirculation,1
geriatrics,1
anticoagulation,2
obstetrics,4
echocardiography,1
gynecology,2
neuromuscular,2
trunk,1
muscular,1
dystrophy,1
electrophysiology,1
healthspan,1
botanical,1
venous,1
thromboembolism,1
eldercare,1
anesthesiology,1
incarcerated,1
midwifery,1
reconsolidation,1
digtal,1
ihealth,8
hypertensive,2
pfizer,2
ssihi,2
underutilize,1
cough,4
faan,1
personalizing,1
drees,1
hospitalized,7
aftereffects,2
sickened,1
putrino,3
gastrointestinal,2
backache,1
aches,1
belluck,1
kiehart,1
mousavi,2
contending,1
stressors,1
souvenir,1
jklu,1
meslia,2
lingering,1
nurse,5
wounded,1
hipaa,1
vaccination,5
2906,7
2908,6
ards,2
embc,1
2140,5
2143,5
azab,2
ramrakhiani,2
barisano,2
esperanca,1
abrahim,2
abrihim,1
nurmi,1
haze,1
esperan,1
mendiola,1
sequelae,1
973,32
transmissibility,1
omicron,1
vaccinated,1
attitudinal,1
fibrotic,1
runners,1
bolstering,1
dietitians,1
glycemic,1
mostafa,1
elturkey,1
champalimaud,1
psychobit,3
interfaced,1
2310,1
02374,1
1831918,10
unitenursing,11
astra,10
everymothercounts,1
acog,1
nami,1
psychhub,1
casa,3
esperanza,3
solamente,1
gynecologists,1
lamaze,1
hotlines,2
chatlines,1
parenthood,1
7526,12
ppnow,1
774636,1
4773,10
9453,14
0294,1
8255,10
828255,2
suicidepreventionlifeline,1
5990,5
talkwithus,1
hablanos,1
7415,9
7233,10
ndvh,2
866,61
9474,12
loveis,1
22522,5
childhelp,2
4453,3
2845,4
victimconnect,1
polaris,1
7888,12
befree,1
233733,1
polarisproject,1
4673,5
rainn,1
sahmsa,1
6883,11
valbuena,1
evaluator,2
cphn,3
gsrs,1
araya,1
shelby,1
apalategui,1
goswick,1
tinjia,1
navarette,1
maritza,1
campo,1
cnm,1
midwife,1
julianne,1
toohey,1
skelton,1
goll,1
maldonado,1
henrika,1
merenlehto,1
lankinen,1
bushra,1
zafar,1
saarikko,1
upled,1
shaded,2
smartness,2
paraprofessionals,1
wiot,1
neurologists,4
neurobiology,2
cence,1
cgvw,1
aboutus,1
joinaces,1
iccd,1
cicc,1
isscc,1
iscas,1
ispd,1
sbcci,1
associativity,6
trimaran,3
mips4k,1
mandal,1
multicycle,1
scopes,1
coprocessors,1
sasimi,1
grun,2
asheesh,2
simpress,3
isual,1
pecification,1
nalysis,1
rts,28
wilton,2
jouppi,1
hereunder,1
affording,1
94301,1
disclaims,1
tortious,1
sextuplet,1
ndwl,4
ndbl,4
nspd,4
ntwl,4
ntbl,4
ntspd,4
nsubbanks,2
paramfile,4
rwp,1
ewp,1
dualvt,3
13u,1
params,4
vdd,2
accesstime,2
0955,4
8738,13
2757,8
49748,3
700554,3
082291,3
010465,3
777677,1
488263,1
10287,5
6118,11
55033,1
4168,8
81488,1
6716,11
6038,15
79672,1
40940,1
620714,1
841453,1
63572,1
86573,1
54673,1
94412,1
791649,1
463368,1
96684,1
44211,1
75304,1
97417,1
lkg,1
wordline,3
0007582,1
bitline,4
8357,13
7294,11
5283,7
001591,1
001606,1
3516,7
01415,1
02931,1
inverter,2
008325,1
836819,1
subbank,3
147709,1
458511,1
134875,1
238861,1
082875,1
165663,1
165914,1
0478887,1
095724,1
741095,1
40176,1
008745,1
predecode,4
000043,2
colmux,4
000010,2
000052,2
001494,2
000015,1
ramcells,2
940943,1
371309,1
687748,1
312252,1
870352,1
subbanked,1
009737,1
spice,1
vth,1
aspdac,25
romdhane,12
parlgran,3
pozzi,7
ienne,7
earlie,7
kejariwal,1
0387261435,1
asap,17
samos,3
tlm,1
floorplan,2
yssp,3
pbexplore,2
foray,2
isegen,5
pp495,1
todaes,4
edaa,2
abadir,3
classy,2
steelhead,3
brewery,3
scrumptious,1
yohei,2
akita,5
jaewon,2
gettogether,1
cecs99,1
circa,2
masonparkparty,1
date05,1
imaivisitjun05,1
jaewonfarewell05,1
fall05,1
dec05lunch,1
cosmeca,3
brockmeyer,1
idap,4
mamdipaka,1
ises,4
mediabench,1
eembc,1
20x,1
aes,1
atasu,1
hyunok,1
ingolf,1
shrivastata,1
predication,1
risa,1
sourceforge,1
abdelwahed,1
gunnar,4
retuning,2
syntesis,2
paek,2
bypasses,2
processesors,2
wiht,2
architectturally,2
ameet,8
hcic,1
phit,1
coauthorship,4
yaweng5,1
songzi,1
intergenerational,3
occupa,1
tions,1
janecek,2
1141,5
ocz095,1
31206159,1
polston,1
pdmp,1
jamiaopen,2
ooy064,1
delucia,2
esquibel,2
randell,3
ooy055,1
shehada,1
eikey,8
flyers,1
medinfo,5
milstein,1
xiankang,1
wenqiang,1
ceedings,1
chenmaking,1
unpacking,1
infras,1
tructuring,1
xiaojuan,1
jiayue,1
mingqian,1
profes,1
sional,1
calvitti,4
nadir,1
weibel,4
gabuzda,4
shazia,1
ashfaq,4
keystrokes,1
gazing,1
s11606,1
mattison,2
handoffs,2
ijmedinf,1
29584896,1
behav,3
30196720,1
humphreys,1
opioids,1
heroin,1
30036853,1
annu,4
magueramane,1
pervasivehealth,5
ladaw,1
reneccal,1
2916,6
2925,7
3274385,1
3134671,1
chci,1
summits,1
pmc5961796,1
kvasny,1
underweight,1
uhealth,1
e150,1
6683,9
152886,1
eletriby,4
icicis,1
ciemins,1
lanham,1
ambulatory,1
mcgregor,1
longhurst,1
rudkin,2
ayobi,1
werun,1
vidauri,1
randriambelonoro,2
geissbuhler,2
waikoloa,3
censorship,1
serwer,1
hirsch,1
romano,1
pasquali,1
cardiol,1
27680300,1
brannon,1
okullo,1
ehars,1
psychol,2
ehrlich,1
michelotti,1
blachley,1
kileny,2
branford,2
weizer,1
ophthalmologists,1
27730248,1
hiner,1
gendler,1
27318066,1
forbat,1
stokols,1
drifters,1
homegrown,1
ocw077,1
27375291,1
kolars,1
woolliscroft,1
27119322,1
27318067,1
6256,9
mentis,1
blandford,1
vichich,1
ocw121,1
27539198,1
proulxe,1
vydiswaran,5
vgv,2
26269536,1
novak,1
gettinger,1
yearb,1
27830227,1
diabetic,1
ichi,1
dicot,1
canvasser,1
ramo,1
hollenbeck,1
ghani,2
endourology,2
endourol,1
25026076,1
pavlin,2
shigematsu,1
streichert,4
suda,5
corley,2
e0139701,1
lending,2
microfinance,1
zuest,3
fam,1
pract,4
mores,1
emerse,1
biomed,2
25979153,1
czyz,1
horwitz,1
chermack,1
25688811,1
emr,4
soper,1
syndromic,1
akkina,2
halasz,1
burkom,3
biosurveillance,4
strategizing,1
26568605,1
stubbs,1
uzuner,1
gururaj,1
rumshisky,1
pakhomov,1
suppl,1
s189,1
26210361,1
gaithersburg,1
totnes,1
enviroinfo,2
ict4s,2
migraine,2
koloa,1
dorea,1
dupuy,1
ecol,1
epidemiol,1
prikladnicki,2
audy,2
1233,9
urologists,1
urol,1
25123321,1
preib,1
992,37
24863430,3
shedden,1
aronson,1
metamap,1
24928177,1
gebremariam,2
24549555,1
e966,1
25246629,1
padman,1
longitudinality,1
decis,1
skolarus,1
textit,1
fneur,1
00050,1
sittig,1
24246272,1
pohl,2
kaleba,1
rachman,2
24243832,1
vilas,1
couns,1
24882086,1
percontrep,1
supercomput,1
1051,9
25954426,1
hfes,1
1541931214581262,1
ubicomm,1
sobh,1
eldin,1
fahmy,1
sere,1
redwood,1
cerezo,1
empatheticons,1
icwsm,1
06498,2
wisniewski,1
2556288,1
2557363,1
healthytogether,1
23364851,1
lammers,1
lemak,1
banaszak,1
holl,1
deviance,1
baldrige,1
healthc,1
manag,1
23821898,1
wellner,1
hirschman,1
23643147,1
commiskey,1
blayney,1
prescriber,1
hematology,1
inpatient,2
oncol,1
e103,1
23942926,1
hilligoss,2
22962194,1
mirza,1
coletta,1
soyiri,1
markle,1
leopold,1
lenert,1
samoff,1
siniscalchi,1
ozkaynak,1
brennan,1
aarts,1
haque,2
e14,1
23538724,1
24170637,1
reeder,1
ozonoff,1
malin,1
24551358,1
proulx,1
treitler,1
23920636,1
rosenbloom,1
giuse,1
23920639,1
2470654,1
2470660,1
2441776,3
2441789,1
2441837,1
2441786,1
bhavnani,1
athey,1
e75,1
mamykina,1
vawdrey,1
stetson,1
hripcsak,1
22813762,1
22217802,1
manion,1
balins,1
hedging,1
23304302,1
fashionable,1
wimob,1
amcis,1
handbag,1
trustcom,1
2207676,1
2208361,1
2145204,3
2145297,1
2145334,1
2145340,1
salib,1
wsdm,1
burdened,1
undue,1
burnout,1
apolitical,1
ipads,1
receded,1
5088,12
crooksr,1
transnational,1
istc,1
jpd,1
dieter,1
borrows,1
2442,6
7003,10
icsa,19
cri,13
jgarcia,88
woohoo,4
48th,4
yirui,10
yongbo,5
yecheng,4
qiran,5
hercules,5
droidot,5
jni,5
hexhive,4
jye,8
yuntianyi,21
shilong,11
changnam,11
maintainersreview,3
bounty,5
darcy,6
negar,21
misconfiguration,5
scenorita,7
mutable,5
xiafa,6
farslayer,5
turnkey,5
esmerald,5
deltadroid,6
reyhan,4
arda,6
ghorbani,13
obfuscations,19
nemo,2
codesafe,2
eleonora,2
joshug4,1
alias,1
csci,2
csci578,2
csci499,1
csci588,1
csci101,1
unal,2
sarnesh,1
arulnathan,1
kien,1
canyang,1
dazhi,1
ucinspire,8
zhengyuan,1
hongyu,1
muxi,1
siyun,1
zhaoxu,1
liangze,1
sadhegi,2
mirzaei,3
gmu,5
ehsan,2
kouroshfar,2
youn,2
gholamreza,2
safi,2
shahbazian,3
pooyan,3
behnamghader,3
bassel,1
haddad,1
rini,1
dagli,1
berber,1
purav,1
erel,1
ozen,1
aviles,1
janav,1
jagdeep,1
sidhu,1
ecrf,1
ecase,2
ecsa,4
reengineering,2
saner,1
isec,1
smew,1
cbse,2
isarcs,1
quovadis,1
icac,1
foclasa,1
bartolomeo,1
celada,1
doria,1
losiouk,1
ipojuca,1
pernambuco,1
aliaj,1
mirakhorli,1
mujhid,1
khoi,1
okutan,1
yuanfang,3
bagheri,8
thibaud,2
lutellier,2
chollack,1
rayside,2
kroeger,2
ivkovic,1
halfond,1
krka,7
mattmann,4
bierhoff,1
isela,2
macia,2
bertran,1
arndt,2
staa,2
aosd,1
sbcars,1
tajalli,4
qosa,1
tarandeep,1
salehnamadi,1
chollak,1
jss,1
covert,21
marija,1
mikic,1
rakic,1
sukhatme,2
schmitt,2
archipelagos,1
techdebt,1
workbench,2
ecodroid,1
wicsa,2
nier,1
ecsa09,1
csmr,1
petrus,1
scen,1
esting,1
maneuvers,1
8231346,1
doppeltest,2
adses,1
7575582,1
sain,1
revealdroid,10
letterbomb,11
trimdroid,12
ducmle,1
dlink,1
architecturally,1
bourne,1
oodt,2
chromium,1
exercised,2
atm,2
dynodroid,1
unequivocally,2
3501,5
testified,1
litigation,1
deldroid,7
rq1,3
rq2,3
rq3,4
rq4,3
installable,7
runnable,7
idr,4
evading,2
apktool,3
jarsigner,3
dasho,3
obfuscated,12
gothenburg,1
increasin,1
meteoric,1
piggybacked,1
mutated,1
evaded,1
vikinghorde,1
falseguide,1
dresscode,1
obfuscators,1
allatori,1
proguard,1
droidchameleon,3
whisker,5
extractor,3
droid,1
malgenome,1
granting,1
revoking,4
reanalyzes,1
revoke,3
revoked,1
exploitability,3
intents,2
aeg,1
sklearn,1
540mb,1
pvd,2
20160309,1
162935,1
virustotal,1
ivory,1
heartbreaking,1
keyed,1
mizukoi,1
needles,2
haystack,2
awry,1
malfunctions,2
labyrinthine,1
jajones,1
opener,1
miscategorization,1
infirmity,1
premiums,1
inflecting,1
eclipsing,1
bookshops,1
bookseller,1
cyberinfrastructures,1
metascience,1
effecting,1
5072,12
rwblack,1
berd,1
sop,1
feeback,1
120a,3
statistics112,1
105b,1
130b,1
130c,1
132b,1
132c,1
udsa,2
acording,1
bdg,1
cashcall,1
cathedral,1
comscore,1
fiserv,2
sdac,1
neomedix,3
qbe,1
samsi,1
clorox,1
toa,1
reinsurance,1
yamibuy,1
biomet,1
innov,1
neuroscientist,1
modele,1
ndsegfellowships,1
brusco,1
xiaoke,1
drai,1
minlin,1
gaona,1
zhengtao,1
hwanggwan,1
gwon,1
junchao,1
rasul,1
ibragimov,1
lain,1
yuanpeng,1
monsserat,1
moslemi,1
samahriti,1
cadence,1
pinkerton,1
alexandria,1
rizo,2
schetzsle,1
jessalyn,1
seong,2
keylin,1
serrano,1
hanpu,1
yiyao,2
ziyi,1
tyo,1
zhuodong,1
jiyang,1
kuancheng,1
jizhi,1
lijinghua,1
lizzie,1
ayle,1
freedberg,1
zihao,1
ezra,1
renxiang,1
kermani,1
levaux,1
zichen,1
yiyun,1
harsha,2
sangam,1
schiermeier,1
syrym,1
suranshiyev,1
yizhi,1
yukang,1
ruoyu,1
zhishun,1
chenghao,1
yining,1
liqi,1
minal,1
walvekar,1
incarceration,2
financing,4
accordion,1
titlewhat,1
mooc,1
edex,1
substitutes,1
repayment,5
forgiveness,2
lenders,3
studentaid,2
borrower,3
signer,1
lender,3
graduateentering,1
collegenet,1
fastweb,1
finaid,1
sallie,1
mae,1
owl,1
unigo,1
refunded,3
disbursed,1
disburse,1
deft,1
001314,3
transitioners,1
3180,1
gradtranscripts,1
conferral,1
duenas,5
gduenas,2
lombard,5
lombara1,2
morales,5
ingriam1,2
sossman,2
traxler,5
traxlerc,2
uncensored,1
1321,8
1350,5
saran,1
hirth,1
koeppe,1
210b,1
220a,1
racialized,1
dispute,1
circumvented,1
whims,1
hengrc1,4
2224,6
2226,6
2390,3
vminin,4
9795,17
weinings,4
200ap,1
200bp,1
211p,1
200p,1
205p,1
121a,1
140a,1
astrostatistics,2
immunology,2
arkajyoti,4
wenzhuo,7
wanrong,3
brigitte,7
kucera,9
morrow,2
akenney1,1
tiancq1,1
2216,8
wenzhuz3,3
2058,6
wjohnson,5
sbartell,1
5919,11
airb,1
buttsc,1
8591,10
harding1,1
1511,2
sspb,1
1581,10
3175,11
4072,2
5958,7
sbsg,1
2324,2
dsarmstr,2
2241,8
baldib,3
sgulesse,3
2056,11
lkucera,3
morrows,1
3276,6
viejo,1
desirability,1
epidemiological,2
exacerbating,1
nonethical,1
nonfeasible,1
motorized,1
methodically,2
honed,1
symbiotic,1
econometric,1
jeeyoung,1
econometricians,1
avian,2
multicenter,1
menopausal,1
epidemiologic,2
hormone,1
200abc,1
sta205,1
analsysis,1
220ab,1
bida,2
bidabook,1
winters,1
pals,1
thira,1
winbugs,40
pancreatic,1
fev,170
larynx,5
ovarian,1
grille,1
fmd,9
armadillo,9
diasorin,47
dugong,6
logodds,2
oring,6
toenail,3
lindley,1
jeffreys,1
zinc,4
cdoo,20
stddocumentdesc,20
documentdesc,20
viewdesc,64
storedesc,20
modeldesc,82
elemdesc,20
textviews,40
stdviewdesc,20
textmodels,60
stdmodeldesc,20
attributesdesc,39
stdfolds,18
folddesc,18
oleclient,4
excelml12,7
9pw,103
sw0,6
hok,3
8t9,7
myd,7
rels,63
4mox,7
theme1,14
9fe,7
xx8,7
lkm2,7
q7c,7
4pdz,7
26psfnj,7
r2f,7
l17,7
jpsa,7
utvad,7
8fi,7
4lz,7
mn1,7
qbo,7
4vja,7
m2k,14
sheet1,29
cs7,7
nnj,7
sheet2,14
mwy,14
usyq,14
f4e,14
nzrv,14
0xl,14
aqgmy,14
sheet3,14
wr7yu,1
p6s,1
clbzmvs,1
hh8z,1
bqq,1
mxo,1
0ng8,1
iul,1
sharedstrings,14
gaj,7
szc,7
zmf,7
jzf,7
z6b,7
printersettings,14
printersettings1,14
fhe,7
docprops,28
uqk,2
ndtf,2
r2v,2
5en,2
1vo,7
nkw,7
ulz,7
xmlpk,70
relspk,21
binpk,7
wmfc,12
calibri,7
meano,1
thetae,2
09035e,1
005729,2
32e,2
079445,1
090245,1
100009,1
defectives,2
dbin,23
dbeta,51
ulq,3
gtf,2
8cc,1
5bvs,1
p5s,1
q7n,1
auk,1
enh,1
mj4,1
7cbm,1
p7x,1
xc0,1
dd7tv,1
q5n,1
r2r,1
0jj,1
j1w,1
ohq,1
node9,1
mean9,1
691e,2
72e,1
3287,10
062554,1
16e,1
3299,6
4501,7
200001,10
sigma1,2
1533,3
001187,2
4463,6
0313,2
200003,1
5643,11
008517,1
9414,13
0214,3
200004,1
y13,3
6884,7
6939,7
004901,1
3219,5
6799,13
200009,1
dnorm,256
prec,13
dgamma,131
0163,3
mfrow,16
qqnorm,9
qqline,9
vw6ua,1
j8j,1
7dq,1
n4il,1
ndv,1
4pc,1
usfb,1
k8t,1
7m8,1
wd8,1
mryn,1
node7,1
mean7,1
2803,5
084574,1
97e,1
1402,5
2717,5
4697,8
100007,1
dpois,18
itn,1
pt2,1
d70,1
vms2,1
jvyh,1
cadiv,1
fe4,1
31f,1
yva,1
frdt5d,1
x59,1
z9e,1
mean0,2
deltae,1
54e,2
013333,1
6873,7
999000,7
med1,23
009933,1
029,82
med2,23
3110,3
008615,1
mu1,65
6350,5
58e,2
838,47
mu2,65
1095,3
14e,2
tau1,15
5980,5
8640,5
5629,10
3899,7
8019,11
tau2,15
4910,1
9880,5
001033,1
8330,5
3970,1
6760,5
cows,6
uninfected,2
dlnorm,52
pow,61
logfact,5
00001,6
dunif,37
1883,7
967,33
1645,10
1133,6
1843,8
1433,10
1008,8
938,27
1225,8
1315,9
916,55
1820,7
1232,11
1457,11
1120,7
rhxu,1
7c8,1
3uss,1
gy6,1
k1f,1
0hp,1
n18,1
j4gb,1
fwl,1
ae2,1
1h2,1
4gh,1
zssf,1
7ap,1
s4tt,1
ghr,2
xzb,1
ldcnrnf,1
6wa,1
nfcj,1
zs3,1
w6x,1
gemc,1
cikg,1
xru,1
6221,14
014879,1
6228,11
6558,10
100018,2
110000,8
01714,1
008396,1
39e,5
03367,3
01717,1
84e,2
04s,1
100017,1
40547,2
57e,1
40554,1
12264,5
100012,3
5571,10
1018,5
10001,613
3862,7
1361,6
002383,2
3863,4
100013,1
45e,2
1256,9
002088,1
7330,5
2260,1
100010,1
7370,5
2642,3
001269,2
7242,12
2942,4
monospace,1
firstlast,5
vbq,1
gaut,1
xv0,1
yqw,1
ybn,1
zqw,1
fbd,1
hgx6,1
rms,3
lipn,1
qii,1
0ln,1
uas,1
uuo,1
6ws,1
epao,1
bge,1
qg4a,1
agp,1
bjc,1
d8y,1
3yrb,1
mrzb,1
693k0,1
6yua,1
0wd,1
mk3,1
f2i1,1
xsp,1
iym,1
no2a,1
cikl,1
tdr0a,1
eym,1
noded,1
meand,1
preds,1
878e,1
4167,5
002826,1
0658,2
8678,10
500008,2
8768,8
1548,7
002152,1
5891,16
100011,1
500001,1
2851,8
098212,1
001291,1
4952,8
500002,1
3714,3
1065,3
1872,5
3628,5
6044,11
100014,1
500004,3
318d,1
66d,1
10001d,1
50000d,1
14159,19
dairy,1
cattle,7
textcontrollers,40
stdctrldesc,20
controllerdesc,80
textrulers,95
stdrulerdesc,19
rulerdesc,19
stdstyledesc,19
styledesc,19
cmtt10,41
samplesdensity,2
densitydesc,1
plotsviews,1
tib,1
xu2,1
ak8,1
2pj,1
evw,1
4ch,1
3dx,1
ci3,1
zl9,1
a27,1
fb7,1
i44,1
ruz,1
ms4,1
qlh,1
v80,1
u2m,1
gpm,1
dm3,1
gjc,1
qdt,1
w7x,1
yid,1
y7s,1
zex,1
x3j,1
oio,1
s0g,1
5dt,1
gq0,1
9ml,1
a4p,1
sbo,1
k7q,1
vo0,1
al9,1
vm5,1
2x0,1
x17,1
4eg,1
jnz,1
ala,1
kcs,1
q2x,1
jlv,1
zfp,1
shg,1
7cb,1
n12,1
to9,1
uho,1
rd9,1
iu6,1
4l6,1
pa8,1
l55,1
el7,1
agk,1
uld,1
z38,1
w0d,1
m9h,1
2ir,1
loj,1
n4d,1
y3e,1
lp9,1
opm,1
y0p,1
4my,1
3vi,1
dgj,1
3fo,1
pje,1
3du,1
2qr,1
bba,1
fc4,1
5hp,1
4vb,1
jk8,1
qaw,1
cqc,1
a17,1
zqa,1
eph,1
zqv,1
8xw,1
3n9,1
9dy,1
lhb,1
cbq,1
hm3,1
twj,1
urv,1
1m3,1
ff4,1
upw,1
wmd,1
va0,1
qj0,1
l3p,1
dh9,1
wqf,1
23g,1
ny0,1
x1f,1
j8h,1
zfc,1
qib,1
7ec,1
m2n,1
b60,1
rfe,1
xce,1
b5g,1
cf3,1
j2u,1
pgl,1
q4q,1
xri,1
v37,1
r7l,1
wyl,1
h98,1
f6w,1
s6x,1
sy4,1
obb,1
m0y,1
0d6,1
3zx,1
5d5,1
xjq,1
k7v,1
ntc,1
ytilde,3
theta1,105
theta2,90
prob1,1
y1tilde,3
y2tilde,3
prob2,1
posta,9
postb,8
posterioriterates,6
rbeta,3
postmean,8
postsd,2
postmed,3
postpi,2
025,98
postmean1,2
postsd1,2
postmed1,2
qbeta,4
postpi1,2
dbern,11
theta0,15
dexp,14
ttheta,3
thetas,1
loggam,1
loggamma,1
05129329,1
10536052,1
16251893,1
22314355,1
28768207,1
35667494,1
43078292,1
51082562,1
59783700,1
69314718,1
79850770,1
91629073,1
04982212,1
20397280,1
38629436,1
60943791,1
89711998,1
30258509,1
99573227,1
dflat,4
825,31
801,26
alpha1,3
alpha2,3
prevalences,1
lwd,144
btilde,5
b1tilde,3
sigma0,5
qgamma,9
tau0,4
004096,1
008359,1
rgamma,2
lty,102
tildegamma,4
tildeu,2
zalpha,6
qnorm,2
tildesigmabeta,4
trialq,5
tildel,2
tildetaubeta,2
r2winbugs,22
samplesizeproportions,12
theta1t,6
theta2t,6
truerr,10
power1,13
coverage1,6
length1,6
rbinom,4
binomialdata,4
inits,79
samplesize,13
mydocuments,37
oneandtwosample,4
burnin,23
averagepower,4
predprob,4
averagelength,4
averagecoverage,4
sims,1
nullvalue,1
1281,28
group1,4
boxplot,9
hmisc,3
diasorindata,3
taul,27
taun,27
medianl,14
mediann,14
relmedian,19
lowf,27
normalf,27
relprec,2
diasorinmodel,1
parameters1,4
mul1,6
mun1,6
taul1,5
taun1,5
medianl1,4
mediann1,4
relmedian1,2
test1,2
lowf1,4
normalf1,4
inits1,4
fit1,19
diasorinmodel1,1
xlim,13
ylim,31
mtext,52
cex,90
006,71
000593,1
0055,2
elicited,1
selow,2
senormal,2
seloglow,2
selognormal,2
x8l,1
wouzz,1
j6o,1
sgro4,1
zlx,1
m9v,1
t0m,1
azb,1
abik,1
qg4c,1
bxssf,1
8xd,1
4et,1
lvx,1
96c,1
q49,1
h9n,1
b9q,1
z3obe,1
r6qf,1
czv,1
qdz,1
9cpd,1
gs0,1
oih,1
xmk,1
kk5,1
56x,1
vn7,1
bfp,1
node4,1
mean4,1
915e,3
3929,4
001712,1
2667,4
8737,8
8027,9
500007,2
048712,1
11e,2
058834,1
2498,2
3988,6
1615,5
50000,148
odds1,3
1212,3
21e,2
4795,5
6787,11
9507,16
odds27,1
2787,7
1288,8
08e,1
030654,1
29e,1
4047,4
041954,1
80e,1
3241,8
4043,4
4874,3
5596,10
024734,1
5107,11
5598,13
odds2,2
1160004,20
0228,1
06138,1
2157,8
983e,3
8724,8
1747,7
3963,12
795e,1
6039,9
4323,2
229e,2
diffmu,4
5358,12
07324,1
3925,7
6794,9
2588,9
006184,1
01083,1
05198,1
786e,1
905e,2
1415,5
ratiotau,4
5532,10
211e,3
3873,8
1257,3
185e,2
3945,7
638e,1
6269,6
083e,3
642e,2
04653,6
5356,13
07314,1
407e,3
6792,15
loglowf,12
9257,9
003869,1
lognormalf,12
9333,9
004272,1
05213,1
346e,2
05141,1
383e,3
5547,9
002562,2
3944,9
001796,2
6245,8
4389,9
00195,1
5757,12
loglow,15
lognormal,16
02604,1
50001,266
05308,1
05167,1
027e,3
401e,1
1252,14
693e,2
3971,4
001763,3
6266,9
4405,9
001885,1
5737,7
472e,5
3409,3
2274,5
254e,1
2703,5
001317,1
8609,8
004054,1
3778,7
001702,1
5157,13
083,100
064,67
4018,3
001971,1
4295,5
9861,11
1169,10
meandiff,3
sdratio,3
rmed,1
dmu,1
rtau,1
08457,2
967e,1
rateratio,26
585e,1
076,71
2387,3
893e,4
9958,9
06459,2
191e,1
002654,2
387e,1
002208,1
002647,1
003144,1
001987,1
172e,3
001765,1
001984,1
002225,1
lambda1,2
lambda2,2
46524,1
145159,1
medfly,1
reye,1
rcodediasorinexample,2
dweib,7
082,111
086,110
887,81
756,51
078,100
058,101
035,66
831,56
884,39
065,80
993,44
081,71
974,42
812,44
937,45
094,86
038,80
smokers,20
nonsmokers,14
thetadiff,3
junk1,2
2217,6
001093,1
6666,9
09948,2
415e,1
3601,10
1651,5
03024,1
1741,8
01845,2
984e,4
1681,9
812e,1
9511,11
307e,1
dbar,56
2logl,56
dhat,56
dic,37
fev20ns,18
003126,3
fev20s,18
7094,13
002973,4
md1,2
1897,9
951e,3
1796,6
1898,7
5601,12
md2,2
1426,7
715e,3
1434,5
4054,4
md3,2
7167,18
1901,13
628e,2
7169,8
07402,3
376e,3
6727,10
2519,6
001117,3
1792,10
02106,5
471e,3
1691,7
2511,7
5655,9
002416,3
6095,8
04233,4
832e,3
2256,6
05966,3
02049,2
609e,2
meanfevns,67
05496,3
397e,4
982,30
04308,3
924e,3
066,85
858e,3
0468,4
235e,4
06073,4
887e,4
07793,3
67e,6
09668,3
516e,4
396e,3
295e,4
1565,5
207e,3
meanfevs,67
1563,10
772e,3
432e,4
337e,6
08637,3
713e,3
08486,3
798e,4
09821,3
553e,3
719e,3
1505,5
096e,5
1822,8
582e,3
001013,3
084,67
1744,8
091e,3
nonsmoker,16
mu20s,8
mu20ns,8
expiratory,2
acova,1
x21,12
y11,8
y12,8
y21,8
y22,8
bty,17
fevdata,6
linearregression,16
codeanddata,16
fevdataage10to19,2
contr,12
lowess,15
bottomright,14
bayessmoker,4
bayesnonsmoker,4
age1,9
logit,42
845e,5
3578,4
001833,2
7103,13
446e,1
6979,12
9834,12
5509,9
002412,1
08084,2
7038,10
036e,1
4398,6
6926,10
03614,6
884e,1
4999,5
08678,2
3295,9
5002,7
6677,8
7202,14
468e,2
5485,8
7255,10
8625,15
tildetheta,39
iss,27
2979,6
8408,836
9304,23
3126,4
2173,10
917,27
2828,8
1082,41
1568,11
2867,17
1790,4
1895,10
2580,4
1192,6
2333,7
2298,7
1789,9
6132,12
2529,11
2377,10
1441,7
3856,13
1865,10
3111,8
9672,43
2209,12
2646,9
1059,12
2779,7
2725,10
1692,12
2760,4
4652,14
1327,5
3059,6
1515,6
2970,4
1663,6
2560,4
2251,6
2213,8
2734,11
2546,9
2830,4
2860,4
2482,8
1153,11
3031,5
1552,7
1346,6
8174,23
2491,9
2466,8
2116,5
1491,7
1621,9
2735,10
8672,23
0304,8
2605,9
1863,10
1844,8
0936,9
2572,9
1318,8
2178,9
2795,12
2163,6
2051,5
1761,7
2995,6
2031,6
2346,7
2706,8
1723,6
1746,10
6764,11
3002,7
2282,8
8806,20
1055,13
2514,8
1397,6
1458,11
878,32
2771,8
4488,8
2823,9
1924,5
1654,8
2080,4
6776,16
2159,6
2577,8
1196,15
3003,5
1421,8
2167,9
2425,12
2071,12
3077,9
1758,8
2477,6
2290,4
7408,13
2987,10
947,31
2884,8
936,36
2789,15
2052,7
0848,5
830,6
1413,9
3010,4
2548,7
2712,14
2790,4
1813,7
1668,12
2992,7
2536,6
1730,4
2061,6
2314,5
2962,7
sdtemp,10
probs,2
cloglog,7
thetastar,8
tildethetastar,3
ttemp,4
tttildetheta,3
wstar1,2
wstar2,2
56522,1
05708,3
2717391,1
7282609,1
3528540,2
ztinv,15
057,71
7283,12
3528,3
9997,18
5026,10
002184,1
9762,9
07456,1
4972,8
003094,1
7743,16
255e,1
8034,13
9741,11
08176,2
563e,1
03055,1
3394,4
inprod,7
063,49
091,65
8571428571,38
5357142857,32
035714286,34
071428571,28
9642857143,174
0357142857,158
1071428571,118
0714285714,80
5714285714,12
8214285714,28
9285714286,106
928571429,26
1785714286,64
178571429,12
6428571429,18
8928571429,62
142857143,22
3571428571,48
357142857,4
535714286,20
3928571429,24
4285714286,20
1428571429,58
571428571,8
392857143,14
821428571,8
2142857143,44
7142857143,22
107142857,16
964285714,22
2857142857,42
785714286,14
214285714,10
642857143,10
3214285714,22
6071428571,18
714285714,10
285714286,12
857142857,24
607142857,10
892857143,10
7857142857,22
4642857143,28
428571429,6
464285714,4
321428571,6
678571429,6
6785714286,10
meangr,2
meando,2
stdgr,2
stddo,2
13145,6
grstd,3
dostd,3
000867,1
2093,6
000215,1
fungus,1
gravidity,1
pregnancies,1
traumadata,6
logisticregression,5
trauma300,1
boxplots,4
boxwex,5
barplot,1
lordata,3
logoddsdata,1
topleft,7
beta2,11
prioriterates,1
beta2post,2
20001,6
40000,2
beta2prior,2
priorits,2
topright,8
lordata1,3
logoddstrauma,1
apen,2
bbl,2
bpen,2
cbl,2
cpen,2
dpen,2
ztilde,11
xtilde,29
nrow,2
ncol,2
byrow,6
xtinv,1
variate,1
lesaffre,1
spiessens,1
novoartis,1
idnr,1
id2,1
5001,142
3186,6
5003,7
5004,12
9193,9
5005,13
2269,5
5006,7
5179,14
5007,9
5008,12
5009,8
5010,4
1406,4
5011,9
5012,10
5013,10
883,33
5014,8
5015,10
6265,10
5016,5
5017,9
4464,4
5018,6
5021,6
851,41
5022,9
5237,13
5023,7
3897,6
5024,9
5025,7
3905,2
5027,8
5028,5
5676,11
5029,10
5030,4
8721,14
5031,11
2767,4
5032,11
6325,8
5033,9
5034,10
6046,13
5035,10
5036,7
3765,7
5037,9
5038,12
5039,8
2645,7
5040,5
7182,11
5041,8
6282,12
5043,5
5045,6
5046,9
3067,10
5048,7
5049,14
6982,12
5051,10
9496,9
5052,8
8616,8
5054,8
5055,9
09353,1
3834,8
5057,9
5060,4
9822,11
5061,11
5063,9
5064,12
5065,6
5066,6
8006,9
5067,10
9714,10
5069,11
5070,4
02267,2
5071,5
4042,2
7035,12
5073,9
5937,10
5076,7
5077,11
8279,9
5078,14
6782,8
5079,15
5080,4
5081,8
5083,7
7875,14
5085,14
5087,7
9107,14
8909,10
5089,9
1686,6
5090,4
9458,9
5091,8
6408,12
5093,11
5094,12
2714,7
5095,9
5269,8
5096,10
5097,9
5098,6
5099,8
3061,4
5100,12
5101,12
527,43
5102,6
5103,11
5104,13
4384,8
5105,7
4778,3
5106,9
8762,15
3631,8
5108,6
5109,14
6528,11
5110,4
04412,1
5111,7
5112,11
6336,10
5113,9
5114,10
9438,10
7921,12
5116,8
5117,12
5118,5
4813,6
5119,14
5120,4
5121,8
3089,5
5122,8
5123,13
9275,6
5124,13
8395,12
5125,12
6149,10
5126,9
5127,6
6155,7
5128,11
5129,12
5130,4
03161,1
5131,10
5132,8
02485,1
9885,11
5134,9
5135,5
5136,9
002478,1
5137,7
5138,9
5139,9
5140,4
7868,13
5141,11
2937,4
5142,8
5143,6
5228,11
5144,6
5145,8
9012,8
5146,9
5147,11
6973,10
5148,12
01634,1
5149,5
1618,4
5150,4
5587,12
5151,8
5404,9
5152,7
09316,1
427,62
5154,10
5155,8
5855,6
5159,8
4749,6
5160,5
5161,9
5163,7
5165,5
02973,1
5166,9
5167,12
5168,8
5169,7
3124,6
5170,4
3094,8
5171,13
5172,8
5173,7
5174,7
2749,2
5175,7
7118,12
5176,7
5177,8
7013,8
5178,12
0107,2
5180,4
5181,8
5182,11
7478,7
5183,8
9299,11
5184,8
5185,8
5186,5
3619,6
5187,6
1566,5
5188,8
5189,10
2698,6
5191,9
5192,8
5812,8
9491,11
5196,9
5197,7
4445,5
5198,10
5199,7
6825,9
5200,4
5201,9
5203,9
5204,9
5206,9
01971,2
5207,7
5209,9
5210,4
5212,9
5213,12
5214,8
5215,8
5216,7
5217,6
2147,9
051,77
5219,6
7936,5
06253,1
5221,15
5222,8
5934,9
5223,10
5224,6
2955,5
5225,9
088,62
5226,12
7988,12
9442,14
5229,8
1424,5
5230,4
5231,9
5232,7
5233,7
4229,3
5235,10
4313,6
5236,7
4716,6
5238,9
5239,6
3334,5
5240,4
5242,12
4014,7
5243,10
5502,10
5245,10
5246,10
5247,9
0455,1
5249,7
02583,2
5250,4
8266,10
5251,13
6784,12
5252,9
0892,1
5253,6
2994,17
5254,7
8439,9
5255,7
6425,13
5256,7
3827,8
5257,6
04422,1
5258,7
5259,9
4068,8
5260,4
8952,14
4744,6
5262,11
5263,13
5264,6
5266,4
5616,10
5267,7
5268,12
6762,14
5270,4
1312,4
5271,7
5272,10
5273,9
5274,13
5526,9
5275,10
05343,1
5276,8
8281,8
5277,9
059,74
5278,13
5279,8
1793,4
5280,7
5282,7
8361,9
5284,9
5285,6
5286,13
8552,8
5287,11
5288,9
5289,10
5290,4
9684,12
5291,8
7443,12
5292,9
5293,11
6096,8
5294,10
4593,7
5295,8
5296,9
5297,10
5298,10
5299,7
1228,2
5300,4
5301,11
05349,3
5302,9
5303,7
5892,9
5305,12
3365,3
5306,6
5307,10
6549,14
5308,10
5309,11
5310,4
5311,10
3073,2
5312,9
5314,9
5315,8
6145,10
5316,7
5717,12
5317,12
5319,7
04181,1
5320,4
08211,2
5321,9
5322,7
7827,8
5324,10
7466,6
5325,10
5326,9
5327,6
5328,6
04479,1
5329,9
5330,4
5331,10
3768,5
6718,13
5333,7
04681,2
5334,12
6377,10
5335,10
05737,1
5336,10
8834,10
5338,11
5339,11
5340,4
5341,10
5539,10
5342,6
5343,10
5344,14
5641,12
5345,5
5346,12
6742,8
5347,9
5348,8
5349,11
5350,4
6362,11
5351,9
5352,11
6092,6
5353,5
5354,8
9602,9
5355,11
3429,5
5357,10
7335,14
4007,7
5362,11
5363,6
5364,10
01911,1
5365,9
5366,9
5367,5
6295,12
5368,9
5369,5
8223,11
5370,4
07424,1
026,72
5373,5
9083,5
5374,7
5375,12
5376,6
1445,9
5377,9
04552,1
5378,12
5379,6
4561,3
5380,4
5381,7
5382,7
4664,5
5383,6
04493,1
5384,11
5546,15
5385,9
5386,8
5387,10
5388,10
3324,3
5389,7
02336,1
5391,10
5392,12
9696,15
5393,5
2918,8
5394,10
5395,8
4134,3
5396,9
6231,10
5397,10
2561,2
2977,4
5399,8
5400,21
5401,12
5402,6
5403,8
5405,15
5406,9
5407,8
5408,12
5409,14
07828,1
5410,4
1575,4
5411,10
6168,8
5412,8
5413,6
5415,10
4009,7
5416,8
6471,12
5418,11
5419,8
5420,4
9258,10
5421,11
5422,10
5423,9
6233,8
5424,9
5425,13
5426,7
3097,4
5427,9
09249,1
5428,8
5429,13
4865,8
5430,4
5431,7
8441,11
9455,13
5434,15
6439,7
5435,8
5437,9
5439,12
5675,10
2378,6
8555,8
5442,9
5443,9
6509,8
5444,13
5445,8
8197,12
5446,14
5447,7
5448,9
5449,10
5450,4
9597,9
5451,12
6912,10
5452,5
5453,7
5454,7
5455,8
5457,9
5458,5
5459,5
6928,10
5460,4
5461,7
5462,8
5463,13
5464,11
5465,10
5466,8
9622,9
5467,10
5468,6
5469,9
5470,4
04286,2
5472,10
5995,10
5473,11
1116,3
5475,4
5476,9
6455,11
5477,11
5479,11
8494,9
5480,4
5481,11
9039,9
5483,12
5689,7
09484,1
5486,5
5487,8
5488,10
5729,7
5489,8
9329,11
5490,4
5563,10
5491,7
5493,7
5494,9
5495,11
8569,12
5496,12
5497,10
5498,13
9504,7
5499,9
9482,9
5500,4
8763,11
5501,6
8106,12
03473,1
5503,11
3851,4
5504,12
5505,8
5506,11
068,77
5507,5
5508,8
7293,10
5510,4
1913,6
5511,6
5512,8
9538,7
5513,11
5515,13
6241,7
5517,8
5518,8
5519,6
5520,6
5521,5
5522,5
5523,8
5524,11
6572,7
5525,10
5527,7
3738,5
5528,12
5529,7
1068,6
5530,4
5531,12
061,61
5533,6
03395,1
5534,6
8498,8
5535,9
5984,7
5536,8
5537,12
5538,7
4175,3
5540,4
01594,2
5541,7
5542,10
7063,10
5543,9
8994,7
5544,6
5545,7
04783,1
4235,9
5549,12
06075,1
5550,4
7012,10
5551,7
5552,10
3674,4
5553,8
5554,7
02418,1
5556,9
5557,7
5558,7
5559,6
9282,11
5560,4
6129,10
5561,11
098,60
5564,12
5565,15
5566,13
5567,8
5568,8
2431,6
5569,10
3794,5
5570,4
5572,9
01128,1
5573,16
1351,11
5574,6
08875,1
5575,10
5576,7
7532,9
5578,7
5579,7
5581,7
5582,9
5583,9
06704,2
5584,9
5585,9
5586,12
3523,5
5588,6
5589,9
5590,4
5914,8
5592,8
5593,6
5944,12
5594,8
5595,8
5597,10
3825,5
5599,6
5600,4
5602,9
5603,12
4806,3
5604,8
5605,9
5606,10
2566,5
5607,6
5854,8
5608,8
09856,1
5609,11
5610,4
3472,6
9359,7
5612,4
2418,8
5613,10
04529,1
5614,8
5615,8
6636,8
07353,1
5617,9
5618,7
06273,1
5619,8
5620,4
5621,14
5622,9
1106,10
5623,8
7482,8
5624,8
5625,10
5626,9
5627,8
5628,10
3562,3
5630,4
5632,10
5634,8
5635,7
1476,4
5637,8
5638,9
5639,10
5640,5
4971,8
5642,9
4454,7
5644,9
4308,5
5645,9
5646,5
5647,5
5648,12
5649,7
5650,4
3399,6
5651,8
5652,8
5653,14
3314,4
5654,10
5656,9
6094,11
5657,11
6815,10
5659,10
4916,3
5660,4
5661,10
2151,3
5662,11
9305,12
5663,7
8696,11
5665,11
4665,5
5667,10
9005,9
5668,7
5669,6
5670,4
5671,8
5672,10
9979,7
5673,7
8972,12
5674,7
5677,12
5678,8
9273,12
5679,6
7929,12
5680,4
8857,8
5681,8
5682,5
8183,12
5683,7
2794,7
5684,12
5685,8
5686,5
5687,10
5688,12
8341,13
5690,4
5691,7
05975,1
5692,10
3653,5
5693,5
5694,12
5695,12
5696,7
6813,9
5697,6
5698,14
5699,7
5700,10
9357,12
5702,7
5703,5
5704,9
5705,12
3721,4
5707,6
09283,2
5708,9
4094,10
5709,8
5710,8
5711,7
4598,5
5712,7
4195,4
5713,8
07267,1
5715,9
5716,7
1282,4
9779,8
5718,5
5719,6
0596,1
5720,4
5721,10
5722,11
5723,10
5725,10
4303,7
5726,6
5727,11
5728,7
4824,9
2673,5
5730,4
5731,10
5732,6
5733,9
4298,9
5734,12
08954,1
5736,10
3496,5
5738,7
7376,9
5739,7
05514,1
5740,4
3934,7
5742,7
5743,9
6797,8
5744,9
7046,15
5745,11
5746,6
2931,4
5747,9
9308,9
5749,13
3134,7
5750,4
5751,7
5752,4
5753,6
5754,6
5756,11
067,76
5758,10
5759,13
5761,10
8118,8
5763,7
5764,10
5765,6
02699,1
5767,12
4558,7
5768,8
5769,9
5770,4
8422,8
5771,11
7508,10
5772,6
5773,10
04658,1
5774,8
5775,7
09899,2
5776,8
5777,9
5778,8
5779,11
5780,4
05734,2
5782,12
5783,9
5784,9
5786,9
1072,7
3848,5
5788,14
5789,9
5790,4
3883,5
5792,7
4819,6
5794,14
7566,11
5795,11
8207,13
5796,9
5797,7
5798,7
5799,9
5800,4
5801,10
3546,4
5802,7
5803,8
5804,9
5805,8
5806,8
5807,11
4411,6
5808,11
2435,7
5810,4
5811,7
8053,7
09147,1
5813,5
5814,11
2796,5
5815,14
5816,8
7533,9
5817,10
5818,9
5819,8
5820,4
5821,7
8694,9
5822,5
5823,7
7569,13
5824,9
5825,6
5826,12
9663,13
5827,9
5828,7
02991,1
5829,8
3772,2
5830,4
6272,8
5831,10
5832,8
5833,8
5834,6
004609,1
5835,8
5836,12
07247,2
5837,6
9248,8
5838,9
5839,4
5840,4
5841,9
5842,9
5843,11
5844,11
4871,7
5845,6
5846,10
5848,6
08631,2
5849,7
5850,4
5851,9
5852,12
945,34
5853,8
4081,7
6991,8
5856,8
9241,9
5857,7
5858,6
5859,7
5860,4
8507,12
5861,8
4401,8
5863,7
5864,14
4209,5
5865,8
7586,10
5867,15
01325,3
5868,8
2997,3
5869,6
5870,4
3569,8
5871,13
5872,9
5873,9
5874,11
5875,6
3876,4
5876,8
5877,7
06697,1
5878,11
7982,11
5879,5
6192,10
5880,4
5881,5
5882,11
5883,10
5884,7
05959,2
5885,9
3903,5
5886,9
8506,10
5887,8
5888,10
7126,9
5889,6
5890,4
5893,10
6273,10
5894,11
5895,9
9561,14
5896,6
5897,5
09073,1
5899,7
8541,13
5900,4
5901,6
5902,10
9017,7
5903,5
7672,12
5904,8
5905,8
5906,9
5907,11
5908,7
5909,12
6462,7
5910,4
3456,5
5912,7
6494,8
5913,6
00842,1
7246,7
5916,8
4148,7
5917,6
5918,7
06296,1
5920,4
5921,9
01868,2
5922,7
4336,4
5923,6
5924,13
5925,10
5926,10
5927,8
5928,8
5929,9
5930,4
02946,2
5931,13
5932,12
5933,14
2809,4
5935,10
5936,7
7879,8
5938,8
6905,12
5940,4
06827,1
5941,6
4375,6
5942,7
5943,7
5945,10
5946,11
3695,4
5947,10
5948,9
5949,12
5950,4
5951,7
04407,1
5952,10
6798,12
5953,10
5954,11
4282,2
5955,11
5956,8
5957,10
3302,4
5959,11
7803,9
5961,8
06426,1
5962,11
5963,9
5964,8
5965,11
5966,10
5968,8
008241,1
5969,7
5970,4
5971,6
5972,9
5973,8
5974,9
5976,10
5977,6
4165,8
5978,7
5979,9
6569,10
5981,7
8525,10
5982,8
09987,3
5983,12
4752,4
8049,14
4531,6
5986,9
6102,9
5987,7
1871,4
5988,10
9748,15
5989,8
9065,6
1054,6
5991,8
5992,9
5993,7
5994,7
3481,5
5996,6
5997,9
8041,9
5998,7
5999,4
2272,7
6001,14
4326,4
6002,6
6004,5
6005,4
08907,1
6006,11
6007,12
4159,6
2732,7
3776,4
6010,4
6012,7
6013,11
7357,9
6014,9
6015,9
6016,9
6017,15
6019,9
6020,4
6021,8
6022,8
6023,10
6024,12
4617,3
4786,6
06268,1
6027,9
6028,9
832,46
6029,8
6030,4
6031,9
6032,11
6033,10
6035,10
6037,8
4648,5
8863,12
6040,4
7558,12
6041,8
7366,9
6042,9
6043,7
6045,12
6047,10
2146,4
6049,8
6050,4
6051,8
6052,7
6054,6
8168,11
6055,10
6056,10
6057,5
6058,13
6059,8
6060,4
2907,5
6061,8
0309,2
6062,8
4476,10
6063,7
6064,10
8969,12
6065,7
6066,8
9654,6
6067,13
6068,8
004599,1
6069,6
6070,4
6071,7
6072,11
6073,14
02496,1
6076,6
6077,6
6079,9
3264,5
6080,4
6081,8
7077,9
6082,4
6083,10
6084,8
6085,6
4147,7
6086,9
6535,6
6087,9
6088,14
2988,6
6089,12
3583,5
6090,4
1828,8
6091,15
8468,12
9798,9
7225,9
6098,10
6100,4
9406,8
8432,12
6103,7
3813,3
6104,6
6105,8
6312,9
6106,7
3683,5
6107,10
6108,12
6109,7
2824,5
4923,3
6111,8
8651,13
6112,9
6113,11
6476,11
6114,7
6115,8
8656,12
6116,8
6472,10
6117,6
9216,12
6119,7
3095,4
6120,5
6121,8
6122,7
6123,6
6124,12
6125,10
6126,7
6127,14
4252,7
6128,9
6308,10
6130,4
6702,10
6133,5
01428,1
6134,6
9973,12
6135,4
6136,12
6137,8
6138,12
4606,6
6139,7
6140,4
3199,7
6141,12
6143,10
8758,10
6144,10
6146,9
4192,3
6147,10
6148,7
6150,4
9252,11
6151,11
6987,8
6152,10
6153,7
6154,12
8508,8
6156,10
6157,12
3908,5
6158,8
6159,5
4261,5
6160,4
3377,8
6161,11
06695,1
6162,10
0358,2
6163,9
3764,7
6164,5
6165,9
6166,10
6167,8
6169,7
6170,4
6172,9
04158,1
6173,6
06043,1
6174,6
6291,11
6175,7
6176,8
6177,8
6178,11
01395,1
6179,12
9074,7
6180,4
6181,8
7817,14
6182,12
4714,4
6183,12
6184,5
7599,12
6185,11
4198,6
6186,10
6187,5
7615,11
6189,8
4451,6
6190,4
6191,9
3719,3
6193,7
7251,10
6194,6
6195,5
6197,10
2964,5
6198,10
8713,11
6199,10
6200,4
1049,5
6201,11
1889,5
6202,9
6203,9
8626,9
6204,13
9718,9
6205,7
7775,15
6206,11
8194,12
6207,9
6208,15
6209,10
6211,13
7885,8
6213,7
6215,12
6216,9
6217,10
7439,10
6218,6
6219,8
6220,4
05315,2
6222,8
6223,13
9185,10
6224,12
7592,8
6225,8
6226,9
4853,7
6227,9
6229,10
6369,10
6230,4
6916,9
04885,1
03844,1
6235,13
01341,2
6237,8
9793,9
2349,5
6239,9
8075,10
6240,4
9113,11
6242,7
6243,9
4547,5
6244,7
6246,8
6247,9
7506,8
1757,4
6249,7
3822,4
6250,4
7647,12
6251,7
7859,11
6252,12
6253,12
6254,8
2137,3
6255,5
1667,4
6257,9
6259,10
6260,4
3749,7
6261,7
6262,9
6263,11
6264,12
8872,5
03151,2
6267,12
4797,2
6268,16
7008,8
6270,4
3505,3
6271,11
8524,13
6274,10
6275,9
6612,9
6277,9
6278,8
004236,1
6279,10
6280,4
6281,6
6941,9
6283,7
6284,8
6285,6
6286,9
6287,9
6598,7
6288,9
6289,8
6290,4
6292,5
6293,9
03074,2
6294,5
02166,1
6297,10
06108,2
6298,11
1923,5
6299,9
6300,7
4684,4
6301,9
6302,7
6303,10
6304,9
6305,12
6306,6
4237,4
6307,8
9846,16
6309,10
3537,4
6310,4
9765,10
6311,7
8098,9
087,67
6313,7
6314,6
6315,12
4272,3
6316,12
06384,2
6317,6
6318,12
6319,13
8701,11
6320,4
9875,9
6322,10
07731,1
6323,7
05333,1
6324,9
1276,3
6327,8
6328,9
09341,1
6329,6
3507,3
6330,4
6331,8
04362,1
6332,10
2517,3
6333,10
00731,1
6334,7
4638,6
9363,9
6337,9
4741,4
6338,9
6339,5
7727,9
6340,4
4875,2
6341,6
6342,8
6344,11
6345,9
7379,10
8031,12
6347,7
8745,10
6348,9
6349,10
6351,11
6352,7
6353,8
6354,12
6355,9
9615,8
6356,7
6357,6
6358,14
6359,10
03796,1
6360,4
2219,7
6361,8
01113,2
6363,7
6365,8
6366,11
8798,8
6368,6
7153,9
8903,13
6370,4
6372,13
6374,12
1783,4
6375,7
1707,7
6376,11
05914,1
6379,9
6381,9
6382,8
04816,1
6383,9
4626,2
6385,9
6386,6
3526,4
6387,9
6388,5
6389,9
6390,4
6391,10
6619,9
6392,12
6393,10
6394,4
6395,9
6396,11
2318,4
6397,11
4435,7
6398,8
6399,11
6400,4
7669,9
6401,10
6402,8
3017,7
6403,12
6404,13
6405,8
7069,11
6406,12
6407,8
7473,10
3352,5
6409,12
6410,4
6411,7
6412,8
6413,8
1775,4
6414,7
6415,8
6416,10
6417,9
6418,9
6419,7
3432,6
6420,4
1748,9
6421,10
6422,7
6423,13
6424,9
6426,11
6427,9
8309,9
6428,14
6430,4
6431,8
2423,7
6432,6
6433,7
06306,2
6434,13
6436,7
6437,10
6438,8
6440,4
6441,8
6642,9
6442,6
077,59
6445,10
6446,10
6448,10
6449,14
6450,4
6451,10
9456,9
6452,8
2486,7
6453,12
6454,9
6456,10
6458,9
6459,9
6460,4
6461,9
6463,4
03016,3
6464,7
6465,10
6466,5
7403,11
6467,5
6468,7
6469,11
6470,4
1821,3
6473,10
6475,8
2871,7
6477,5
6478,8
3538,6
6479,5
6482,9
8033,11
6483,8
4507,5
6484,6
6576,9
6486,8
8074,8
6487,9
6613,8
6488,7
6489,6
6490,4
07917,1
6491,8
3881,9
6492,8
2077,3
6493,8
2738,3
6495,8
2351,6
2602,10
6497,9
6498,8
6499,6
6500,4
4208,5
6501,8
2894,3
3731,4
6503,10
6504,9
8091,8
6505,8
7254,7
6510,4
3005,5
6511,9
6512,8
02217,1
6513,9
6514,13
4036,5
6515,10
6516,8
6517,11
6518,12
7999,16
6519,12
6520,4
6521,16
6522,10
6523,11
6524,10
6525,11
6526,9
6527,8
3655,6
6530,4
6531,12
6532,10
6533,8
008211,1
6534,8
6536,11
6537,11
8478,10
6538,9
6539,10
6540,4
6541,9
8291,7
6542,8
6544,7
02672,2
6545,6
3753,7
6546,6
8436,6
6547,10
6548,9
4294,9
6550,4
6551,12
4284,1
6552,14
2865,2
6553,11
6554,7
1679,4
6555,8
6557,7
009513,1
6559,8
6560,4
6562,13
6563,11
6564,11
6565,10
2299,7
6566,8
6567,7
6568,6
6570,4
6571,9
3586,1
6573,7
6574,9
4511,5
6575,9
9253,11
6577,7
6578,6
6579,9
8449,10
6580,4
6581,9
6582,6
6583,10
6584,14
1364,5
6585,9
6586,7
3663,9
6587,11
6588,8
6589,14
6590,4
005153,1
6591,13
8653,11
6593,10
2799,7
4661,7
6595,8
6596,7
6597,9
8495,11
6599,8
6600,7
9142,9
6601,10
6602,9
05669,2
6603,9
04028,1
6604,10
7911,10
6605,8
9517,8
6606,10
6607,7
4994,3
6609,8
6610,4
1582,3
6611,11
3217,6
6614,10
2555,6
6615,7
6616,14
6617,13
6618,6
2629,6
6620,4
2469,3
6621,6
4515,8
6622,6
6623,6
6624,9
4804,9
6626,9
3931,5
6627,11
6628,10
3725,6
6629,10
6631,10
7922,12
6632,8
6633,5
6685,10
6635,13
3926,4
6637,13
6638,6
8839,7
6639,9
6640,4
6641,10
6644,9
6645,4
6646,10
2131,5
6647,7
6648,5
6649,12
6650,4
6651,4
6652,10
6653,9
6655,7
6656,5
8673,11
6657,6
6658,8
2428,2
6659,7
6660,4
6661,9
6662,11
6663,7
6664,7
6665,11
2317,5
6667,6
7892,8
6668,10
6669,9
9593,10
6670,4
6672,11
6673,5
6674,11
6675,11
6676,7
6678,7
6679,8
6680,4
6681,8
6682,9
6684,11
005495,1
6686,5
6687,10
099,67
6688,10
1379,5
6689,12
6690,4
6691,12
6692,11
6693,10
3063,10
6694,13
6695,11
6696,11
6697,12
6698,14
6699,12
6700,4
7074,7
6701,11
7536,10
6703,9
6704,12
6705,6
6706,10
6707,7
6708,11
8062,9
6709,7
3174,4
6711,7
6712,7
6713,8
06886,3
6714,8
6715,12
7316,9
6717,11
6719,7
6720,4
8496,14
6722,8
2049,10
6723,6
01204,1
6725,11
6726,7
6728,9
006898,1
6729,8
3192,7
6730,4
6731,6
9325,10
6732,7
6733,6
6734,5
6735,10
6736,10
6737,7
6738,11
7522,14
6739,11
2247,5
6740,4
6741,8
6743,8
3793,2
6744,13
7561,12
6745,9
6746,9
7221,8
6747,9
6748,10
05864,1
6749,9
6750,4
6751,9
6752,8
2927,6
6754,13
6755,10
02741,1
6756,7
2601,6
6757,14
09366,1
9164,9
6761,6
6763,9
8076,12
6765,16
6766,10
6989,8
6767,10
2117,4
6768,8
8551,10
6769,9
6773,6
9326,12
6774,9
4765,7
6775,10
6777,7
6778,10
6779,7
6780,4
6781,7
6783,5
6785,11
6786,9
6788,11
6789,12
6790,4
6791,6
3708,6
6793,9
097,64
6796,11
03427,1
2427,1
6800,4
6802,9
6803,16
6804,10
6805,11
6806,6
6807,6
6808,11
6809,7
6810,4
6811,5
6812,12
6814,10
6816,9
6817,11
4678,9
6818,10
6819,5
6820,4
6821,6
6822,9
4613,4
6823,5
6826,9
6827,4
036,62
6828,6
6829,7
6830,4
6831,5
8486,16
6832,10
6833,7
6834,11
7496,6
6835,10
8601,10
6836,9
6838,9
6839,11
6840,5
6841,7
4601,3
6842,15
6843,10
6845,9
6846,8
6847,7
6848,8
6849,9
6850,4
6851,10
4136,10
6852,10
6853,11
0268,1
6854,8
6855,6
6856,9
6857,10
6858,9
6859,8
2364,9
6860,4
6861,10
6862,9
3503,1
6863,9
6864,10
6865,6
6866,12
6867,7
9867,14
6868,7
7029,7
6869,7
6870,4
6871,6
6872,10
6874,11
6875,10
7838,11
6877,7
6878,7
6879,11
6880,4
6881,11
2926,6
9392,8
6885,11
0895,1
6886,6
9449,14
6887,12
3145,7
6888,8
6889,12
9182,11
6890,4
6891,6
6892,10
6894,8
6895,7
6896,13
00484,2
6898,7
6899,6
6900,6
6901,10
6902,7
6903,6
8477,9
6904,11
6906,9
7765,12
6907,10
6908,11
6909,7
039,81
6910,4
009968,1
6913,12
6914,10
6915,10
6917,10
7399,7
6918,9
6919,9
6920,4
7631,9
6921,6
009294,1
6922,12
9218,9
6923,12
6924,10
6925,11
6927,6
2348,4
6929,7
6930,4
2277,5
6931,10
6932,9
05589,3
6933,10
6935,10
2769,2
6937,8
6938,9
6940,4
6942,9
4945,1
6943,12
05481,2
6944,6
05756,1
6946,11
6947,8
05048,1
6948,7
4016,13
6949,9
6950,4
6951,13
6952,8
05956,1
6953,9
6954,9
3556,4
6955,8
6956,8
6957,12
6958,9
9419,9
6959,9
6960,4
3489,6
6961,7
6962,10
6963,8
6964,8
6965,8
6967,6
2859,6
6968,8
6969,8
6970,4
1352,6
6971,9
6972,8
05618,1
6974,6
6975,7
4215,7
6976,10
6977,7
8036,9
6978,12
3582,3
6980,4
6981,8
1592,6
3658,2
6983,7
6993,13
6984,9
6985,9
4226,3
7975,7
03575,1
6988,10
6992,8
6994,9
8637,10
6995,10
6996,10
4035,3
6997,9
6998,8
6999,8
0971,2
7001,9
4458,7
7002,6
075,79
7004,7
08959,1
7005,11
041,69
7006,8
7007,11
7009,9
7010,4
2943,6
7011,8
005865,1
7014,7
7015,6
7016,8
7017,5
8572,12
7018,5
7019,13
941,22
7020,4
7022,7
7023,7
4238,5
7024,7
7025,9
7026,7
7027,9
7028,8
7030,4
7032,12
7033,14
7036,7
8451,15
7039,10
7759,12
7040,4
7041,10
7042,7
7043,7
7044,9
8949,13
7045,13
7047,6
7048,7
7049,11
2981,6
7051,8
7052,9
7053,5
7054,10
2618,13
7056,10
7057,10
7058,7
7059,8
7060,4
7061,7
7062,9
7064,12
7065,10
2692,7
7066,12
7067,9
7068,8
7070,4
7071,7
7072,6
8447,10
7073,9
3769,3
7075,13
4242,5
7076,5
4908,5
1517,6
7079,5
7080,4
7081,8
1699,10
7083,9
7084,7
7085,8
7086,8
7087,9
8469,12
8011,13
7089,10
07317,2
7090,4
7091,11
7092,9
4498,3
7095,8
7096,11
7097,10
7098,11
7099,11
7100,4
7101,14
9437,15
7102,10
7104,7
7105,7
7106,9
7107,11
7108,11
7109,10
7110,4
008025,1
7112,8
02712,1
7113,10
908,31
7114,12
7115,9
7116,8
7117,7
4973,6
3051,2
7119,9
7120,4
977e,2
7121,9
09178,1
7122,7
7123,10
07082,2
7124,7
7125,9
0327,1
7127,11
3585,6
7128,14
7129,5
7130,4
7131,11
9351,10
7133,7
7134,9
05806,1
7135,7
7136,8
8438,9
7137,8
08162,1
7138,10
8567,12
7139,11
1079,8
7140,4
1536,3
7141,10
7142,10
7143,10
7144,11
7145,9
1695,4
7146,5
7147,7
4842,7
7148,14
1472,3
7149,11
7150,4
7151,8
7152,12
7154,9
7155,9
7156,11
9628,8
7157,6
7158,14
7159,15
7161,10
7162,8
7163,7
2255,5
7164,10
7165,11
0741,2
7166,8
9808,8
7168,7
4956,3
4321,5
7170,4
2332,10
7171,9
7172,9
7173,11
7174,9
7175,7
7176,10
2326,5
7177,7
1329,6
7178,8
7179,7
1499,5
7180,4
7181,8
7183,9
7184,11
7185,9
7186,10
7187,7
7188,9
7189,14
7190,4
8071,10
7191,12
7192,6
4268,7
7193,8
7194,11
03357,3
7195,5
9166,12
7196,12
7197,6
01146,2
7198,7
7199,8
7200,4
7201,11
09123,1
7203,7
7732,10
7204,7
7205,6
7693,9
7206,6
7207,9
7208,11
7209,11
8299,9
7210,4
3373,3
7211,5
7212,8
08158,3
7213,11
7214,11
7215,8
7216,7
7217,9
7218,6
4253,2
7220,4
07694,1
7222,9
4657,4
7223,14
7224,7
01797,2
7226,8
7227,10
04122,1
7228,11
7229,8
7230,4
7231,10
7232,8
7234,8
2869,7
9746,8
7236,13
7237,11
4933,4
7239,9
7240,4
08306,1
7241,11
3799,2
7244,10
4149,6
7245,12
8316,11
7247,11
7248,8
7249,10
7250,4
7252,10
7253,12
09204,4
7257,8
7258,8
7260,4
7261,9
7262,8
7263,9
7264,6
04828,2
7265,9
9062,8
7266,11
7839,9
7267,12
7268,12
7882,8
7270,4
7271,7
7272,9
05991,1
7275,9
7276,8
8344,7
7277,13
7278,12
7279,15
009266,1
7281,9
7282,7
7284,8
7285,10
7286,12
7287,8
2615,8
7289,11
7290,4
7291,6
7292,8
1815,12
7295,11
7296,10
7297,9
7298,10
7299,11
7300,4
7301,10
08834,1
7303,8
2889,5
7304,10
1456,6
7305,10
7306,8
7307,7
7308,7
7309,7
7310,4
7311,11
7312,7
7313,10
7314,9
1873,3
7315,12
4051,5
7317,6
7318,6
3443,6
7319,12
7320,4
7321,9
07054,2
7322,10
7323,8
4821,6
7324,9
7325,9
7326,7
7327,10
9658,14
7328,10
7329,8
4471,4
7331,8
9595,12
7332,7
7333,7
7334,10
7336,11
7337,6
7338,7
7339,10
9307,8
7340,4
7341,10
7342,13
7343,10
7344,10
7345,7
7346,11
2874,3
7347,8
7348,12
9417,9
7349,8
3344,6
7350,4
7351,11
7352,11
7353,7
7354,8
1788,10
7355,11
9006,13
7356,10
7358,10
7359,7
4809,5
7360,4
7361,7
7362,5
3774,8
7363,10
7364,9
1922,3
7365,6
4563,5
7367,7
7369,10
8935,11
7371,8
7372,8
7373,14
7374,10
7375,6
7377,9
3884,5
7378,8
07866,2
7380,4
7381,13
7382,5
2644,3
7383,8
7384,9
7385,9
7386,9
7387,9
7388,8
7389,11
7390,4
7391,9
7392,9
7932,11
7393,9
7394,11
7395,9
7396,12
7397,9
1839,7
7398,10
02092,1
06485,1
7400,4
7401,7
7402,8
7404,8
7406,10
7407,10
7409,6
7412,7
7413,12
2073,4
0809,1
7416,12
7417,7
7418,8
7419,10
7420,4
7421,11
7422,8
7423,10
3549,5
7424,7
7425,7
07003,1
7426,9
4734,2
7428,10
7429,7
7430,4
7431,11
7432,11
006052,1
7434,11
7967,12
7435,11
7436,6
4044,4
7437,6
7438,10
7440,4
7441,14
7442,9
9612,11
7444,7
7445,6
03446,1
7446,9
7447,8
7448,15
4434,5
7449,10
7450,4
7451,14
03207,1
7452,13
1179,7
7453,9
7454,7
7455,6
2986,1
7456,10
7457,11
7459,9
7460,4
7461,9
7462,11
4771,5
7463,9
7464,8
7465,6
01537,2
7467,10
7470,4
7471,8
8157,8
7474,9
05842,1
7475,5
3632,5
7476,6
7477,9
7480,4
005059,1
7481,7
7483,9
7484,13
8883,7
7485,12
7487,6
7488,13
7489,7
7490,4
7491,7
7492,8
8334,11
7493,11
4395,6
7494,8
7495,9
1265,7
7497,9
3878,8
7498,11
053,71
7499,9
7500,4
7501,10
7503,12
7504,11
7505,10
7584,10
7507,7
1246,5
7509,7
7511,5
1931,6
7512,9
7513,11
7514,11
4655,2
7515,11
7516,11
7517,9
001277,3
7518,11
7519,10
01429,1
7520,4
7521,9
7523,8
7524,10
7525,7
9996,12
7527,11
7528,7
4568,6
7529,7
7530,4
8547,9
7531,11
8359,14
7534,6
9617,13
7535,6
7537,7
7538,8
7539,7
7540,4
7541,11
7542,8
7543,9
7544,10
7545,11
3823,1
7546,5
7547,7
7548,8
7549,10
7550,4
7551,9
7552,10
07257,3
7553,7
3817,8
7554,12
8526,11
7555,8
3336,5
9705,9
7557,7
7559,13
7560,4
7903,12
7938,8
7562,10
7563,8
7564,9
03049,1
7565,9
3468,3
2966,2
7567,9
7568,10
7570,4
7571,9
8662,8
7572,8
2849,2
7573,8
7574,9
7575,9
7576,5
7577,7
4449,9
7578,10
2223,9
7579,13
7580,4
8709,14
7581,10
7582,9
7583,9
9874,9
7585,8
3229,7
7587,11
7589,10
7590,4
7591,10
7593,8
1089,4
7594,6
7595,7
7596,9
7597,10
3672,8
7598,10
7601,5
7602,8
2903,8
7603,9
7604,9
7605,9
4502,6
7606,10
7607,8
7608,8
7609,11
02053,1
7610,4
4276,6
7611,9
7612,14
7613,10
7614,7
04602,1
02197,3
7617,8
7618,7
7619,6
7620,4
8712,12
7622,11
7623,5
1899,5
7624,13
7625,11
3986,8
7626,10
7627,6
7628,10
3397,5
7630,4
7632,9
7633,6
7634,12
7635,8
7636,6
7637,9
1614,3
7639,7
7640,4
7641,8
7642,7
7644,10
8009,9
7648,5
3447,5
7649,6
7650,4
7652,9
7653,9
7654,12
7655,7
08969,1
7656,9
7657,9
7658,7
04845,2
7659,8
7660,4
9101,12
7664,10
09751,1
7665,9
7666,9
7668,9
01768,1
7670,4
9167,9
09889,2
7673,11
7674,7
7675,8
9413,11
7676,10
7677,7
7678,12
7679,4
9823,8
7680,4
7681,9
1292,7
7682,6
7683,6
7684,6
4521,3
7685,10
7686,11
7687,8
7689,9
7690,4
7691,10
8072,12
7692,7
7725,9
7694,12
7695,8
7696,9
7697,14
7698,11
7699,9
01382,1
7701,9
2325,4
7703,11
2194,4
7705,11
0931,1
09608,1
7707,8
7708,10
7709,9
7710,4
803,36
7711,11
9108,13
7712,9
7713,6
7714,10
7715,11
4092,4
7716,10
7717,10
9272,7
7718,9
09054,1
7719,7
7720,4
7884,8
7722,9
7723,8
7724,14
7726,9
3956,6
7728,8
7729,10
7730,4
7731,8
4065,5
7733,12
7734,8
7735,8
7736,6
7737,6
7739,10
7741,9
7742,11
7744,9
7745,8
7746,8
8023,8
7749,8
7751,9
008571,1
7752,7
2433,10
7753,8
7754,7
7755,13
7756,10
7757,8
7760,4
7761,8
3172,13
7762,7
7764,9
7766,10
7767,12
7768,7
7769,12
7770,4
7771,10
2866,4
7772,8
3483,3
7774,6
7776,7
3146,11
7777,8
2832,6
7778,10
00437,1
7779,13
7780,4
0189,1
7781,11
3616,9
7782,10
7783,8
7784,9
9606,12
7785,7
7786,13
7787,7
7788,14
7789,8
7790,4
7791,6
05973,1
7792,6
7793,8
7794,9
7795,4
3543,6
7796,9
3043,11
7797,10
7798,11
963,33
7799,9
7800,4
7801,6
7802,4
3113,4
7804,8
7805,14
7944,17
7806,7
7807,10
8797,11
7808,9
7809,4
2579,5
7810,4
7811,8
2524,3
7812,8
8816,9
7813,10
7814,7
7815,6
7816,10
7818,12
7819,5
7821,8
9434,9
7822,10
7823,6
3812,2
7824,7
7825,11
7826,11
08619,1
06751,1
7828,13
7829,7
7830,4
7831,11
7832,7
7833,11
7834,12
7835,8
7836,8
3833,6
7840,4
7841,14
964,35
7842,10
7843,15
7844,10
8865,10
7846,10
7847,10
7849,11
7851,12
7853,11
7854,12
7855,8
7856,10
7857,6
7858,14
8635,8
7860,4
8882,10
7861,13
7862,7
7863,6
8482,9
7865,9
7866,12
7867,12
9237,11
7869,12
7870,4
7871,9
7872,5
4365,3
7873,12
7874,8
7876,14
9557,12
7877,9
7878,9
7880,4
7881,8
7883,11
2788,7
7886,10
05951,1
7887,10
3614,3
9626,14
9723,7
7891,9
00381,1
7893,6
7894,11
7895,12
7896,11
7897,10
7898,11
7918,8
7899,11
7900,4
3678,4
7901,16
7902,9
7904,7
7905,5
8381,11
7906,7
2636,3
7907,8
7909,8
3706,4
7910,4
7912,7
7913,9
7914,9
7915,10
3665,3
7917,9
7919,8
7920,4
7923,11
9292,10
7924,9
7925,8
4653,2
7926,8
7927,11
7928,12
7930,4
09998,1
7931,10
9685,8
7933,8
7934,9
7935,9
02003,2
7937,12
7939,5
7940,4
7941,9
7942,8
05911,1
7943,8
7945,12
7946,10
7947,6
2935,6
7948,11
7949,11
7950,4
01623,2
7951,9
7952,8
7953,7
7954,12
7955,5
9683,14
7956,6
7957,10
7958,10
4577,4
7959,9
7960,4
7961,7
3471,4
7962,6
7964,10
7965,11
7966,8
7968,10
4431,3
7970,4
7971,13
7972,12
7973,12
04675,1
7974,14
7976,10
7977,11
7978,6
7979,9
2355,4
7980,4
7981,12
2118,10
9633,10
7983,12
9777,7
7984,12
7985,9
7986,7
7987,9
7989,13
7990,4
7991,7
7992,12
7993,9
7994,9
3022,5
7995,7
7996,9
7997,14
04476,1
4756,7
8001,11
08174,1
8002,9
8004,9
09842,2
4845,5
8008,8
8010,4
09437,1
8012,5
1759,3
8013,6
8015,11
8016,11
8017,10
8773,7
8018,5
8021,9
4666,5
8022,8
8024,7
8025,13
2928,2
8026,11
8387,7
8028,10
8029,9
1215,5
8030,4
8032,6
09412,1
8035,17
03617,1
8038,13
8039,10
8040,4
8042,6
8043,14
8044,10
8045,4
8046,7
4428,7
8047,13
8048,9
8050,4
8051,12
06563,3
0686,1
1064,9
9537,11
8055,9
4991,6
8057,11
2922,8
8058,10
8060,4
3329,4
05032,1
8063,12
8064,10
8065,7
1098,4
8069,9
8070,4
8244,8
08296,1
8073,6
8077,6
05473,1
8078,9
4271,5
3463,8
8081,6
8083,5
8084,9
8085,11
8086,7
8087,9
8088,10
02097,3
8089,10
3173,6
8090,4
04262,1
8092,9
8093,5
8094,10
8218,10
8095,9
05658,2
8096,4
3981,3
8099,13
8100,5
8101,11
8102,10
8103,7
09825,1
8104,7
003286,1
8105,8
2872,6
8109,12
8110,4
4787,4
8112,7
8113,11
8114,10
2672,7
8115,10
8116,6
8117,6
8119,10
1492,1
8120,4
8121,9
8122,9
818,31
8123,9
8125,6
4589,6
8127,9
8128,9
028,68
8129,7
8130,4
1195,3
8131,11
8132,10
8337,5
8133,6
4328,5
8135,8
8136,9
8137,10
8138,12
8139,9
8140,4
8141,8
8142,11
8143,9
4008,5
0754,2
8145,12
8146,10
9405,10
8148,10
8149,9
8150,4
8151,11
8152,7
8153,9
8154,5
8155,11
8156,15
0498,1
8158,7
8159,7
8160,4
8161,12
8162,9
8163,11
3943,6
8164,8
8165,8
4662,6
8166,9
8167,8
8170,4
4022,5
8171,9
8172,11
8173,10
8175,8
8176,5
8177,8
04134,1
8179,10
1389,9
8180,4
8181,9
8182,8
06804,1
3006,6
8184,6
8185,12
8186,10
8187,9
8188,8
8190,4
8191,11
8193,7
4554,9
8195,13
8196,8
8198,7
8199,10
04326,1
8200,4
8201,9
04062,1
8203,10
8204,8
8205,9
9499,10
8206,7
9028,9
8209,7
8210,4
8212,9
8213,9
8214,8
8215,9
8216,14
8217,10
8219,6
08533,2
8221,12
8222,7
2557,7
3449,5
8224,6
8225,6
8226,10
8227,10
8228,8
1285,8
8229,15
8230,4
8231,7
8232,13
8305,14
8233,8
8234,9
4374,2
8235,11
8236,8
8237,8
8238,10
8239,8
8687,10
8243,6
08434,1
8245,10
8246,10
8961,8
8247,11
8248,12
8249,8
8250,4
8251,5
8252,7
9103,11
8253,9
8254,7
05456,3
8256,9
8258,9
8259,12
8260,4
8559,13
8261,7
8262,11
8582,8
8263,8
4031,6
8264,12
8265,4
1277,2
8267,7
2464,3
8268,7
1926,5
8269,6
8270,4
8271,12
8272,10
09064,2
8273,13
8274,6
8276,9
8277,12
8278,6
8280,4
9324,8
8283,8
009605,1
8284,14
8607,14
8285,13
8286,8
8292,9
8287,10
8288,6
8289,8
9737,11
8293,11
8294,10
8295,8
8296,9
8297,12
8298,10
9747,11
8300,4
8301,7
8302,9
1516,8
8303,9
3787,6
8304,8
02613,3
8306,13
2336,4
8308,11
8310,4
8312,10
8313,10
8314,8
9783,7
8315,8
2707,6
8317,9
03277,1
8318,7
8435,9
8319,11
4331,3
9344,11
8321,12
8323,11
8324,5
3589,6
8325,5
2909,7
8326,7
3465,4
8327,15
8328,13
8329,10
8331,8
9552,12
8332,9
8333,11
8335,10
8336,7
4682,5
8338,9
8339,7
8340,4
8342,10
08726,1
8343,12
9099,8
8345,9
8347,9
8348,6
8349,13
8350,4
8351,14
8352,9
8353,6
8354,10
8355,10
8356,6
1786,16
8358,7
4404,4
8360,4
2278,7
8362,11
8363,9
8364,8
8365,11
8366,8
8367,10
8368,9
8369,4
8370,4
8371,10
8372,7
09231,1
8373,6
8374,10
8375,8
01161,4
8376,9
8377,6
8378,10
8379,5
8380,4
003973,1
8382,11
8383,8
8384,9
8385,11
8386,10
8388,11
8917,10
8390,4
9384,7
8391,12
8392,10
8393,10
07915,1
8396,10
8397,6
8398,8
0417,1
8399,6
8400,4
08705,2
8401,10
8402,11
8403,11
8404,5
8405,7
3519,6
8406,11
8407,10
8409,5
8410,4
8411,6
8412,9
8413,11
919,23
8414,9
8415,11
8416,10
8417,11
8785,12
8418,10
8974,14
8419,12
8420,4
8421,12
9097,11
8423,12
8424,10
8425,4
8426,6
8427,14
8428,10
8429,8
8430,4
01755,1
8431,8
1718,8
8433,9
8434,12
3084,10
3256,2
8437,11
8440,4
8442,10
2965,3
8443,10
8444,9
8445,11
8446,4
8448,8
8450,4
8452,7
8453,8
8454,8
8455,10
8456,16
02589,2
8457,6
8459,7
8460,4
8461,6
8462,8
8463,9
8464,11
8465,7
8466,15
8467,11
8470,4
2562,5
8471,11
3821,5
8472,7
8676,9
8473,8
2266,6
8474,8
8475,7
8476,13
2523,9
4885,7
8480,4
8481,17
07191,2
8483,8
8484,7
8621,9
8487,8
8488,7
8489,7
8490,4
4876,2
8491,13
8493,9
8497,7
8499,10
8500,4
8501,8
8502,8
8503,7
03278,2
8505,8
8509,8
8510,4
8511,6
8512,10
2775,5
8629,6
8514,15
8515,7
3894,2
8516,9
8517,5
8519,10
8520,4
8523,10
1193,8
8527,13
8528,12
8529,5
8530,4
8531,10
8532,9
06491,3
8533,10
8534,7
8535,8
2437,6
8536,9
8537,7
8538,9
8539,7
8540,4
8542,10
0437,1
8543,11
8544,13
8545,10
8546,9
2184,5
8548,11
2839,2
8549,10
8945,10
8550,4
857,33
8553,10
8554,6
3904,4
8556,10
03559,1
8557,13
8558,10
1591,3
3676,4
8560,4
8561,8
8562,9
8563,10
3598,7
8564,13
8565,8
8566,13
8568,5
002963,1
8570,4
8571,10
8573,9
9157,6
8574,14
8575,9
8576,7
2877,9
8577,7
8578,11
8579,10
8580,4
3545,5
8581,8
8583,11
8584,6
8586,10
8587,11
8588,6
8589,10
8590,4
8592,13
8593,9
1325,3
8594,8
8595,9
8596,10
8597,8
3828,8
8598,9
8599,7
09262,2
8600,4
8602,6
8603,13
8604,9
8605,11
8606,11
8610,4
8611,12
8614,6
8615,16
04547,1
8617,8
8618,6
8619,9
8620,4
9445,11
8622,7
8623,9
8624,9
01094,1
8627,12
9176,8
8628,11
9341,12
8630,4
9649,9
8631,9
8632,13
8633,9
8634,5
8636,15
4364,5
8638,12
1078,4
8639,6
8641,8
8642,9
8644,7
3203,1
8646,11
8647,5
8648,12
3592,8
8649,9
8650,4
02277,1
9549,11
8652,15
2339,5
8654,7
8655,19
9011,8
8657,13
8658,13
8659,9
8660,4
1862,4
8661,11
08571,1
8663,8
8664,7
8665,13
9178,9
8666,10
8667,14
8668,8
8670,4
8671,7
8674,12
8794,8
8675,9
8677,7
2883,5
8679,6
8680,4
8681,11
8682,6
8683,13
8684,11
8686,10
926,25
8688,7
8689,8
8690,4
8691,9
8692,10
8693,6
1279,4
8695,13
8698,7
8699,8
8700,4
1677,7
2772,5
8702,8
8703,7
8704,8
1488,2
8705,7
8706,10
8707,8
8708,11
8710,4
8711,15
8714,11
2422,8
8715,8
8716,7
8717,10
8719,8
8720,4
8732,13
8722,10
8723,8
8725,10
8828,11
8726,7
8727,8
8728,11
8730,4
2675,5
8731,9
8733,13
8734,8
8735,11
4736,2
8736,9
8739,7
8740,4
8741,10
8742,8
2744,4
8743,10
3221,4
8744,8
2054,4
8746,8
01776,1
8747,7
8748,12
8749,6
09319,2
8750,4
8751,12
8752,8
1154,10
3961,4
8754,8
8755,9
8756,10
8757,17
2898,6
8760,4
8761,10
4004,8
8764,6
8765,7
8767,8
02428,1
8769,9
8770,4
8771,11
8772,9
3728,7
8774,9
8776,6
8778,10
8779,6
8780,4
8781,9
8783,7
06664,1
8784,11
05851,2
1335,4
8786,8
8787,8
3654,6
8788,11
8789,15
8790,4
8791,17
8792,6
8793,8
8795,10
8796,9
9624,10
4186,6
06547,1
8800,4
8801,9
8802,11
2532,5
8803,10
8804,10
4289,6
8805,9
2885,6
8807,10
3366,7
8808,8
8809,9
8810,4
2836,5
8811,10
8812,7
8836,11
8813,7
8814,9
4997,3
8815,9
4243,4
8817,7
8818,15
1348,6
2458,6
8820,4
8821,9
8822,9
8823,5
8824,11
04157,1
8825,15
8826,8
09374,1
8827,15
03973,1
2126,2
8829,13
1096,3
8830,4
8831,11
8833,6
8835,14
2982,1
8838,11
03817,2
8840,4
8841,8
09636,1
8843,9
8844,5
1625,1
8845,7
8846,9
8847,9
8848,9
2197,5
8849,8
8850,4
8851,9
8852,9
3369,6
8853,8
8854,8
3949,9
8855,6
8856,9
8858,12
8859,10
3622,3
8861,12
8862,8
01439,1
8864,10
8866,13
8867,12
8868,10
784,43
8869,8
4477,8
8870,4
8873,9
8874,9
8875,9
8876,11
8878,8
8879,7
8880,4
8881,9
8884,11
8885,12
8886,9
8887,8
8890,4
04966,3
8891,9
8892,10
3868,6
8893,12
8894,11
8895,8
8896,8
3584,2
8897,5
8898,6
3857,9
8899,9
8900,4
8901,8
8902,7
8905,8
8906,5
05933,5
8907,12
8908,13
02961,1
9426,9
8910,4
8911,6
8912,8
8913,8
1595,5
8914,8
8915,16
1854,5
8916,10
8918,9
8919,7
1599,5
8920,4
2483,4
8921,14
8922,11
4519,4
8923,8
8924,9
3233,5
8926,9
8927,14
8928,12
3103,8
8929,9
8930,4
8932,10
8933,9
8934,8
8936,9
8937,11
8938,8
8939,5
8940,4
4594,8
8941,7
8942,8
8944,12
8946,10
8948,8
1768,5
07115,1
8950,4
8951,7
8953,10
8954,9
8955,14
8956,10
8957,9
2782,6
8958,6
8959,11
8960,4
8963,8
8964,7
8965,9
8966,10
1012,6
8967,9
8968,9
8970,4
9206,7
8971,8
9889,9
9888,9
8975,8
8976,12
8977,9
8978,7
8979,10
8980,4
8981,8
8982,10
09799,1
8983,6
2669,4
8985,7
8986,5
8987,9
8988,12
4687,7
8989,9
8990,4
8991,7
2476,4
8992,8
2363,3
8993,9
8995,6
0978,1
8996,10
8997,15
2419,7
8998,7
8999,7
3431,3
9002,6
9004,7
1267,4
9007,7
3702,1
9008,9
9009,8
04021,1
9010,4
9013,9
9014,7
9015,10
9016,5
9018,11
9019,9
04548,2
9020,4
9021,9
9022,7
9023,10
9024,14
9025,10
9026,11
4892,10
9027,11
9029,7
9030,4
9031,8
9032,11
9033,7
9034,7
9035,9
9036,10
9037,9
9038,12
1367,6
9040,4
9041,8
1689,6
9042,10
9539,11
9043,8
9044,7
9045,9
4552,4
9046,9
9047,10
9048,7
9050,4
9051,8
9052,8
4549,4
9053,9
9054,8
9055,11
9056,8
9057,10
2267,8
9058,8
3786,2
9059,8
01643,1
9060,4
2858,6
9061,7
9063,9
9064,12
9066,9
9067,8
9068,10
9069,6
08264,1
9071,8
9072,9
9073,10
9075,11
9859,12
9076,7
3338,3
9078,13
9079,5
9080,4
9081,11
9082,8
9084,9
9086,10
9090,4
2857,6
0778,1
9092,5
9093,7
9094,9
04431,1
9096,9
9098,11
09269,1
9100,4
9102,12
888e,1
04098,1
9105,14
4376,4
9106,6
9109,9
9110,4
0515,1
9111,13
9112,13
05507,1
9114,10
1632,4
9115,10
9116,10
9117,8
2781,9
9118,8
9120,4
9121,11
9122,6
9123,9
9125,13
9126,10
9128,11
09749,1
9129,7
9131,10
2293,3
9132,6
9133,8
9134,12
03348,1
9135,10
9136,7
9137,9
9138,7
9139,10
9140,4
1443,4
9143,6
9144,5
9145,8
9146,11
4492,13
9148,11
9149,7
9150,4
9151,11
9152,8
9153,13
9154,7
9816,8
9155,10
9156,8
9158,10
9159,13
01646,1
9160,4
9161,7
9162,13
9163,9
4269,5
9165,11
07736,1
3849,10
9168,8
9169,10
9170,4
2554,4
9171,6
9172,6
9857,12
9173,6
9174,12
1653,2
9175,8
9627,9
9177,9
9572,9
9179,12
9180,4
9181,8
1368,13
9183,8
9184,8
9186,11
9187,9
9188,7
9189,9
9190,4
9191,13
9192,11
4784,6
9194,10
9195,8
9196,10
4417,5
9197,9
9198,7
9199,9
1465,6
9203,10
9204,9
9205,8
9207,10
9208,11
9209,12
03488,1
9210,4
9211,8
9212,9
9213,10
9215,10
9217,6
2934,3
01974,3
9219,8
3869,8
9220,4
9221,8
9222,8
9223,9
3349,2
9224,7
9225,9
9227,7
9228,12
02474,1
9229,8
4392,4
9230,4
4485,4
9232,11
05971,1
9233,7
9234,11
9235,7
9236,9
9239,5
09485,2
9240,4
1142,3
9242,14
9243,7
1407,4
9244,9
4302,5
9245,8
9246,8
9249,10
9250,4
9251,7
09708,1
009329,1
01525,2
9255,10
9256,8
02912,2
9259,8
9260,4
9261,4
9262,6
9263,6
9264,10
9265,10
9266,7
9267,7
9268,6
9269,10
9270,4
9271,8
9274,6
03121,1
9276,5
003361,1
9277,8
9278,12
9280,4
9281,8
9283,7
9285,8
9286,8
9287,8
9288,6
3087,3
9290,4
9291,14
9293,6
0725,1
9294,7
9296,12
9297,11
9298,11
9300,4
9301,7
9302,14
9303,13
9306,6
9309,7
9310,4
9311,13
3666,6
9312,7
9313,8
9314,10
05635,1
9315,9
9316,9
9317,9
9320,4
9321,12
9322,9
03009,1
9323,10
4127,9
9327,6
9330,4
9331,9
07543,1
9332,9
9334,7
9335,8
9336,11
9337,6
2294,6
9338,11
1034,5
9339,8
9340,4
9342,10
9343,6
9345,7
9346,10
9347,9
9348,8
9349,8
9350,4
9352,6
9353,10
9354,12
9355,12
9356,6
9358,10
9360,4
2821,5
9361,7
4557,7
9362,8
9364,10
9365,10
2543,5
9366,10
9367,11
4604,10
9368,7
9369,12
9371,8
9372,10
4647,3
9373,6
9374,11
9375,7
9376,12
9377,13
9378,8
9379,13
9380,4
9381,8
9382,6
9383,11
9385,12
9386,5
9387,9
9388,10
9389,10
1358,5
9390,4
9391,10
3428,4
9393,9
03391,2
9394,11
9395,8
4256,5
9396,11
9397,13
9398,12
1665,6
9399,12
9400,4
9401,12
9402,12
9403,11
9404,5
9407,8
9408,9
02655,1
9409,9
9410,4
9412,10
2819,2
9415,11
9416,10
9418,13
08247,1
9420,4
9421,10
9422,6
2371,4
9423,9
9424,10
9425,11
9427,13
9428,12
9429,8
9430,4
9431,7
9432,8
9433,5
9435,9
08361,1
9436,10
2713,5
9439,11
9440,4
9441,12
9443,13
9444,10
4939,7
9446,11
9447,9
9450,4
9451,8
9452,10
9454,13
1772,2
9457,4
2373,3
9459,10
9460,4
9461,10
9462,9
9463,12
9464,9
9465,13
9466,10
9467,7
9468,8
9469,12
9471,11
9472,14
9473,12
9475,11
9476,9
9477,6
9613,10
9478,8
9479,10
9480,4
9481,8
3995,9
9483,9
9484,10
3985,2
9485,9
9486,9
9487,6
04498,2
9488,10
3559,3
9489,10
9490,4
9492,10
9493,12
9494,9
9495,10
9497,6
4093,5
9501,12
9502,12
9503,9
9917,12
9505,8
07208,1
9506,9
9508,9
3293,2
9509,9
9510,4
9512,11
2191,4
9513,5
4122,5
9514,5
9516,6
9519,11
9520,4
3437,3
9521,9
9522,6
2724,6
9523,8
07236,2
9524,8
9525,5
9526,10
09286,1
9527,11
2578,6
9528,9
9529,5
3727,4
9530,4
03595,1
9531,9
9532,12
9533,10
9534,8
9535,14
9536,9
1593,4
9540,4
9541,9
9542,12
9543,7
9544,10
9545,13
9546,7
9547,12
9806,15
9548,6
3294,2
9550,4
9551,14
9553,7
3974,3
9555,6
4922,7
9558,10
9559,5
9560,4
9562,11
9563,6
9564,7
9565,9
9566,14
9567,10
3724,7
9568,10
2711,7
9569,8
9570,4
9769,11
9571,10
09731,1
9573,7
07794,2
9574,5
9575,13
9576,9
9577,11
9578,9
9579,6
9580,4
9581,11
9582,6
9583,12
01638,2
9584,9
1464,9
9585,6
9586,8
9587,9
9588,9
9589,7
06203,2
9590,4
9591,8
9592,12
3977,5
0321,2
9594,7
9596,9
9598,6
9599,7
9600,4
9601,10
9603,7
9604,10
9605,7
9607,8
9608,8
9609,11
9610,4
9611,10
9614,9
9616,10
2864,2
1519,5
9619,11
9620,4
4588,3
9621,9
3946,4
9625,8
9629,6
9630,4
9631,10
9632,9
9634,10
4317,6
9635,8
9636,12
02966,1
9637,9
9638,9
9639,11
9641,9
4455,3
9642,7
9643,8
4903,6
9645,7
9646,6
4912,8
9647,8
9785,11
9648,11
3594,4
9650,4
9651,12
9652,9
9653,8
9655,9
9656,7
1855,2
9657,10
008247,1
9659,9
9660,4
9661,9
9662,12
9664,14
9665,7
9666,7
9667,8
9668,10
9669,8
9709,7
9671,9
9673,14
9674,9
9675,10
003595,1
9676,4
9933,10
9677,8
9911,10
9678,17
9679,10
3891,5
9680,4
9681,9
06949,1
9682,9
06722,1
9686,6
4046,5
9687,6
9688,9
9689,12
2366,3
9690,4
9691,7
9692,8
9693,8
9694,10
9695,8
3788,12
9697,12
9698,8
9699,9
9700,4
9701,9
9702,7
9703,9
9704,10
2808,3
9706,6
004324,1
9707,10
9708,8
1513,4
9710,4
05425,2
9711,11
9712,10
9713,7
9715,10
9716,7
9717,6
03652,1
9719,8
9720,4
9721,9
9722,7
9725,12
9726,10
9727,6
1767,4
9728,10
9729,9
9730,4
9731,9
9732,10
9733,13
9734,11
9735,9
03371,2
4668,5
9738,9
006102,1
9739,8
9740,4
9742,7
9743,11
3553,5
9749,11
9750,4
9751,8
2852,6
9752,8
9753,8
9754,8
991,22
9755,14
9756,7
9757,13
9819,8
9758,9
9759,10
9760,4
0669,1
9761,7
9763,9
9764,10
9766,9
9767,10
06592,2
9768,9
9770,4
9771,6
9772,5
06388,2
9774,7
9775,10
9776,11
06728,2
9780,4
9781,11
9782,7
3025,5
9784,14
03707,2
4836,2
9786,9
9787,9
9788,6
9789,7
9790,4
9791,13
9792,6
9794,5
9796,9
3116,8
9799,9
02783,1
9802,14
9803,5
9804,12
9805,6
9807,7
9809,9
2171,10
9810,4
9811,11
9812,8
9813,16
9814,11
9815,11
9817,8
4535,6
9818,6
9820,4
9821,9
9824,16
4681,5
9825,11
9826,9
9827,10
09658,1
9828,12
9829,7
9830,4
9831,11
9832,9
2237,7
9835,7
9836,9
9837,11
9838,7
9839,5
9840,4
9841,8
9842,11
9843,10
9844,9
9845,8
03015,1
9847,11
9848,8
9849,12
9850,4
9851,7
9852,9
9854,9
9855,14
9858,6
9864,7
9865,7
1666,7
9868,6
9869,8
9870,4
9871,9
09477,1
9872,10
9873,8
9876,10
9877,10
9878,7
9879,10
9881,4
4409,4
9882,8
9883,12
001365,2
9884,7
9886,12
9887,9
9890,4
9891,9
9892,11
9893,10
9894,11
05612,2
9895,7
04491,2
9896,8
3104,4
3016,9
9909,10
9910,4
2141,7
9912,8
9913,7
9914,9
08351,3
9915,10
0749,2
9916,14
1286,3
9919,8
01174,1
9922,8
0476,1
06439,3
05519,2
04599,1
4241,6
9944,10
2715,8
9946,7
2179,6
9955,10
9956,8
9957,8
09135,1
9959,9
9960,4
9961,8
9962,11
9963,7
9964,8
9965,9
9966,10
9967,8
2802,5
9968,9
9969,9
1261,3
9970,4
9971,14
9972,9
9974,10
9975,10
9976,12
9977,10
4027,8
9978,8
9980,4
09453,1
9988,6
2043,8
2727,2
9998,13
9999,8
10002,4
2516,7
10003,4
10004,4
10006,4
10007,4
10008,4
10009,4
10010,4
3912,3
10011,4
3932,8
10012,4
10013,4
10014,4
002517,1
10015,4
10016,4
10017,4
10018,4
10019,4
10020,4
10021,4
10022,4
03899,1
10023,4
10024,4
10025,4
10026,4
10028,4
10029,4
10030,4
10031,4
10032,4
3384,3
10033,4
10034,4
10035,4
10036,4
10037,4
10038,4
10039,4
2559,4
10040,4
10041,5
10042,4
10043,4
10044,4
10045,4
10046,4
10047,4
10048,4
10049,4
10050,4
4758,9
10051,4
10052,4
10053,5
10054,5
10055,4
4646,4
10056,4
10057,4
10058,4
3427,10
10059,4
10060,4
10062,4
10063,4
07929,2
10064,4
10065,4
10066,4
10067,4
10068,4
10069,4
10071,4
10072,4
10073,4
10074,4
10075,4
10076,4
10077,4
10078,4
10079,4
10080,4
10081,4
10082,4
10083,4
10084,4
10085,4
10086,4
10087,4
07177,2
10088,4
10089,4
10090,4
10091,4
10092,4
3649,3
10093,4
10094,4
10096,4
10097,4
10099,4
10100,4
10101,4
10102,4
10103,4
10104,4
10105,4
4772,7
10106,4
10107,4
10108,4
10109,4
10110,4
10111,4
10112,4
10113,4
3587,5
10114,4
10115,4
10116,4
10117,4
10118,4
2694,4
10119,4
10120,4
10121,4
10122,4
10123,4
10124,4
10125,4
10126,4
10127,4
3198,3
10128,4
10130,4
10131,4
08171,1
10132,4
4671,3
10133,4
10134,4
10135,4
10136,4
10137,4
10138,4
10139,4
10140,4
10141,4
10142,4
10143,4
10144,4
02395,1
10145,4
10146,4
10147,4
4581,6
10148,4
10149,4
10150,4
10151,4
04973,2
10152,4
10153,4
0738,1
10154,4
02085,1
10155,4
10156,4
10157,4
10158,4
10159,4
10160,4
10161,4
10162,4
10163,4
10164,4
10165,4
10166,4
10167,4
10168,4
4877,8
10169,4
3308,11
10170,4
10171,4
10172,4
08888,1
10173,4
10174,4
10175,4
10176,4
10177,4
10178,4
10179,4
10180,4
10181,4
10182,4
10183,4
1336,9
10184,4
10185,4
10186,4
10187,4
10188,4
10189,4
10190,4
10191,4
10192,4
10193,4
07262,1
10194,4
10195,4
2651,5
10196,4
10197,4
10198,4
10199,4
10200,4
10201,4
10202,4
10203,4
10204,4
10205,4
10206,4
10207,4
10208,4
10209,4
001446,1
10210,4
10211,4
10212,4
4071,2
10213,4
10214,4
10215,4
10216,4
1598,3
10217,4
10218,4
4259,3
10219,4
10220,4
4377,4
10221,4
10222,4
10223,4
10224,4
1824,7
10225,4
4783,3
10226,4
3112,4
10227,4
01172,1
10228,4
10229,4
10230,4
10231,4
10232,4
10233,4
10234,4
10235,4
10236,4
10237,4
2676,5
10238,4
3955,4
10239,4
10240,4
4225,4
04169,1
10242,4
10243,4
10244,4
10245,4
10246,4
10247,4
10248,4
10249,4
10250,4
3417,7
10251,4
10252,4
10253,4
10254,4
04292,2
10255,4
10257,4
4884,8
10258,4
10259,4
10260,4
003261,2
10261,4
10262,4
01849,1
10263,4
10264,4
10265,4
10266,4
10267,4
10268,4
10269,4
4493,5
10270,4
10271,4
10272,4
10273,4
10274,4
07404,1
10275,4
10276,4
10277,4
10278,4
10279,4
10280,4
10281,4
10282,4
10283,4
10284,4
10285,4
10286,4
007608,1
10288,4
10289,4
1238,7
10290,4
10291,4
1085,5
10292,4
10293,4
10294,4
10295,4
10296,4
965,24
10297,4
0424,1
10298,4
10299,4
10300,4
10301,4
10302,4
10303,4
10304,4
10305,4
10306,4
07417,1
10307,4
004283,2
10308,4
10311,4
10312,4
10313,4
10314,4
10315,4
10316,4
10317,4
10318,4
10319,4
10320,4
10321,4
10322,4
10323,4
10324,4
10325,4
2035,5
10326,4
10327,4
10328,4
4779,7
10329,4
10331,4
10332,4
10333,4
10335,4
10336,4
10337,4
10338,4
10339,4
10340,4
10341,4
04071,1
10342,4
10343,4
10344,4
10345,4
10346,4
10347,4
10348,4
08442,1
10349,4
07556,1
10350,4
10351,4
10352,4
10353,4
10354,4
10355,4
02654,1
10356,4
10357,4
10358,4
10359,4
10360,4
10361,4
10362,4
07294,2
10363,4
10364,4
10365,4
10366,4
2671,4
10367,4
10368,4
10369,4
10371,4
10372,4
05818,2
10373,4
3391,3
10374,4
2127,5
10375,4
10376,4
10377,4
1559,3
10378,4
10379,4
10380,4
10381,4
1765,2
10382,4
10383,4
10384,4
10385,4
10386,4
04957,3
10387,4
2257,9
10388,4
10389,4
10390,4
10391,4
1514,6
10392,4
0536,1
10393,4
4334,3
10394,4
10395,4
10396,4
10397,4
10398,4
10399,4
10400,4
10401,5
10402,4
10404,4
10405,4
10406,4
10407,4
10408,4
10409,4
10410,4
10411,4
1174,3
10412,4
10413,4
10414,4
10415,4
10416,4
10417,4
4612,4
10418,4
10419,4
10421,4
10422,4
10423,4
10424,4
1451,4
10425,4
10426,4
10427,4
10428,4
10429,4
10430,4
10431,4
10432,4
10433,4
10434,4
10435,4
10436,4
10437,4
10438,4
10439,4
10440,4
10441,4
10442,4
3832,4
10443,4
10444,4
10446,4
10447,4
10448,4
04112,1
10449,4
10450,4
10451,5
10452,4
4262,4
10453,4
10454,4
10455,4
10456,4
10457,4
10458,4
10459,4
10460,4
4412,4
10461,4
10462,4
10463,4
10464,4
3298,5
10465,4
10466,4
10467,4
10468,4
10469,4
10470,4
10471,4
2807,5
10473,4
10474,4
10475,4
10476,4
10477,4
10478,4
10479,4
10480,4
10481,4
4034,5
10482,4
08519,4
10483,4
10484,4
10485,4
10486,4
10487,4
10488,4
10489,4
10490,4
10491,4
003882,2
10492,4
10493,4
10494,4
10495,4
10496,4
10497,4
08754,1
10498,4
3039,2
10499,4
05504,2
10500,4
10501,5
10502,4
10503,4
10504,4
10505,4
10506,4
10507,4
10508,4
10509,4
10510,4
10511,4
10512,4
10513,4
10514,4
2653,2
10515,4
10516,4
10517,4
10518,4
10519,4
10520,4
3954,7
10521,4
10522,4
10523,4
10524,4
0257,1
10525,4
10526,4
01507,3
10528,4
10529,4
10530,4
10531,4
10532,4
10533,4
2541,4
10534,4
4963,3
10535,4
10536,4
10537,4
10538,4
08537,1
10539,4
10540,4
10541,4
10542,4
10543,4
10544,4
10545,4
10546,4
10547,4
4573,8
10548,4
10549,4
10550,4
10551,4
10552,4
4947,8
10553,4
06099,1
10554,4
10555,4
06322,2
10556,4
10557,4
10558,4
10559,4
10560,4
2407,5
10561,4
2958,6
10562,4
2723,4
10563,4
10564,4
10565,4
10566,4
10567,4
10568,4
10569,4
10570,4
10571,4
10572,4
10573,4
10574,4
10575,4
10576,4
10577,4
10578,4
1825,4
10579,4
10580,4
10581,4
10582,4
10583,4
10584,4
10585,4
10586,4
10587,4
10588,4
10589,4
10590,4
02942,3
10591,4
10592,4
02804,2
10593,4
10594,4
10595,4
10596,4
10597,4
2768,6
10599,4
10600,4
10601,5
10602,4
3669,4
10603,4
10604,4
10605,4
10606,4
10607,4
10608,4
10609,4
10610,4
10611,4
10612,4
10613,4
10614,4
3743,4
10615,4
10616,4
10617,4
10618,4
1347,5
10619,4
06712,1
10620,4
10621,4
4155,8
10622,4
10623,4
10624,4
10625,4
10626,4
10627,4
10628,4
10629,4
10630,4
10631,4
10632,4
10633,4
10634,4
2362,6
10635,4
10636,4
2352,2
10637,4
09414,1
10638,4
10639,4
10640,4
10641,4
10642,5
10643,4
10644,4
10645,4
08773,1
10646,4
10647,4
10648,4
10649,4
3696,9
10650,4
10651,4
10652,4
10653,4
1819,5
10654,4
10655,4
10656,4
10657,4
10658,4
4932,6
10659,4
10660,4
10661,4
10662,4
10663,4
4633,4
10664,4
3993,4
10665,4
10666,4
10667,4
10668,4
10669,4
10670,4
10671,4
10672,4
3001,6
10673,8
10674,4
10676,4
10677,4
10678,4
10679,4
10680,4
10681,4
10682,4
10683,4
10684,4
10685,4
10686,4
10687,4
10688,4
10689,4
0951,2
10690,4
10691,4
10693,4
10694,4
10695,4
10696,4
10697,4
10698,4
10699,4
10700,4
10701,5
10702,4
10703,4
10704,4
10705,4
10706,4
10707,4
10708,4
10709,4
10710,4
10711,4
10712,4
10713,4
10715,4
10716,4
10717,4
4429,7
10718,4
07727,1
10719,4
10720,4
10721,4
10722,4
10723,4
10724,4
10725,4
10726,4
10727,4
03752,1
10728,4
1935,2
10729,4
10730,4
10731,4
10732,4
10733,4
10734,4
10735,4
07781,2
10736,4
10737,4
10738,4
10739,4
10740,4
10741,4
10742,4
10743,4
10744,4
10745,4
10747,4
10748,4
10749,4
10750,4
10751,5
10752,4
10753,4
10754,4
10755,4
10756,4
10757,4
10758,4
10759,4
10760,4
10761,4
10762,4
003699,1
10763,4
10764,4
10765,4
10766,4
2897,4
10767,4
10768,4
10770,4
3387,5
10771,4
002781,1
10772,4
10773,4
10774,4
04637,1
10775,4
10776,4
10777,4
10778,4
2591,5
10779,4
10781,4
10782,4
10783,4
10784,4
2454,4
10785,4
1189,3
10786,4
10787,4
00483,1
10788,4
10790,4
3667,2
10791,4
10792,4
07761,1
10793,4
10794,4
3952,5
10795,4
10796,4
10797,4
10798,4
10799,4
4074,7
10800,4
10801,5
10802,4
10803,4
10804,4
10805,4
10806,4
2361,3
10808,4
10809,4
10810,4
10811,4
1226,8
10812,4
4144,3
10813,4
3861,9
10814,4
10815,4
10816,4
10817,4
1437,3
10818,4
3852,3
10819,4
10820,4
10821,4
10822,4
10823,4
10824,4
10825,4
10826,4
10827,4
10828,4
4814,4
10829,4
10830,4
10831,4
10832,4
10833,4
10834,4
10835,4
10836,4
10837,4
10838,4
10839,4
10840,4
3845,5
10842,4
10843,4
10844,4
3033,9
10845,4
10846,4
10847,4
10848,4
10849,4
10850,4
10851,4
10852,4
10853,4
10854,4
10855,4
10856,4
10857,4
10858,4
10859,4
10860,4
10861,4
10862,4
10863,4
10864,4
10865,4
10866,4
2696,5
10867,4
10868,4
10869,4
10870,4
10871,4
10872,4
10873,4
10874,4
10875,4
10876,4
10877,4
0233,1
10878,4
10879,4
0532,1
10880,4
10881,4
10882,4
10883,4
10884,4
10885,4
10886,4
1359,9
10887,4
10888,4
10889,4
10890,4
10891,4
10892,4
10893,4
10894,4
10895,4
10896,4
10897,4
4257,5
10898,4
10899,4
10900,4
01518,1
10901,5
10902,4
2893,7
10903,4
2253,9
10904,4
10905,4
10906,4
10907,4
10908,4
10909,4
2761,9
10910,4
10911,4
10912,4
10913,4
4854,2
10914,4
10915,4
10916,4
10917,4
3664,6
10918,4
09857,2
10919,4
10920,4
10921,4
08669,1
10922,4
10923,4
10924,4
1864,5
10925,4
10926,4
10927,4
1183,4
10928,4
10929,4
10930,4
2273,5
10931,4
10932,4
10933,4
10934,4
10935,4
10936,4
10937,4
10938,4
10939,4
10940,4
10942,5
10943,4
10944,4
10945,4
10946,4
10948,4
10949,4
4586,6
10950,4
10951,4
005837,1
10953,4
10954,4
05816,2
10955,4
10956,4
10957,4
4255,4
10958,4
10959,4
10960,4
10961,4
10962,4
10963,4
10964,4
10965,4
10966,4
3748,8
10968,4
10969,4
10970,4
10971,4
10972,4
10973,4
10974,4
10975,4
10977,4
10978,4
10979,4
10980,4
10981,4
10982,4
10983,4
3989,8
10984,4
10985,4
10986,4
10987,4
10988,4
10989,4
10990,4
10991,4
10992,4
10993,4
10994,4
4927,5
10995,4
10996,4
10997,4
10998,4
10999,4
11000,4
11001,4
11002,4
4544,4
11003,4
11004,4
11005,4
11007,4
11008,4
3717,1
11009,4
11010,4
11011,4
11013,4
11014,4
11015,4
11016,4
11017,4
11018,4
11019,4
11020,4
11021,4
11022,4
05622,1
11023,4
11024,4
11025,4
11026,4
2394,3
11027,4
11028,4
11029,4
06421,2
11030,4
04002,1
11031,4
11032,4
11034,4
11035,4
11036,4
11037,4
11038,4
11039,4
11040,4
11041,4
11042,4
11043,4
11045,4
11046,4
11047,4
11048,4
11049,4
11050,4
11051,4
11052,4
11053,4
11054,4
11055,4
11056,4
11057,4
11058,4
11059,4
11060,4
11062,4
11063,4
11064,4
11065,4
4629,6
11066,4
11067,4
4769,3
11068,4
11069,4
11070,4
11071,4
11073,4
4106,6
11074,4
11075,4
11076,4
11077,4
11078,4
11079,4
3967,5
11080,4
11081,4
11082,4
11083,4
11084,4
11085,4
11086,4
11087,4
11088,4
11089,4
11090,4
11091,4
11092,4
11093,4
11094,4
11095,4
11096,4
11097,4
11098,4
2574,6
11099,4
11100,4
11101,5
11102,4
11103,4
11104,4
11105,4
11106,4
11107,4
11108,4
2489,8
11109,4
11110,4
11111,8
11112,4
2512,2
11113,4
11114,4
11115,4
11116,4
11117,4
11118,4
07835,1
11119,4
11120,4
11121,4
11122,4
11123,4
11124,4
1888,4
11125,4
11126,4
11127,4
11128,4
11129,4
11130,4
11131,4
11132,4
11133,4
11134,4
11135,4
11136,4
08905,1
11137,4
11138,4
11139,4
11140,4
11141,4
11142,4
11143,4
11144,4
11145,4
11146,4
11147,4
11148,4
4142,5
11149,4
2399,5
11150,4
3107,5
11151,5
11152,4
11153,4
11154,4
11155,4
11156,4
4437,4
11157,4
11158,4
11160,4
11161,4
11162,4
11163,4
11164,4
11165,4
11166,4
11167,4
11168,4
11169,4
11170,4
11171,4
3892,3
11172,4
2975,5
11173,4
11174,4
11175,4
11176,4
3479,4
11177,4
11178,4
11179,4
11180,4
11181,4
11182,4
11183,4
11184,4
11186,4
11187,4
11188,4
11189,4
11190,4
11191,4
11192,4
11193,4
11194,4
11195,4
11196,4
11197,4
11198,4
11199,4
11200,4
11201,5
11202,4
11203,4
11204,4
11205,4
11206,4
11207,4
11208,4
11209,4
11210,4
11211,4
11213,4
11214,4
11215,4
11216,4
11217,4
11218,4
04534,1
11219,4
11220,4
11221,4
11222,4
11223,4
11224,4
11225,4
11226,4
04048,1
11227,4
11228,4
2382,6
11229,4
01987,2
11230,4
11231,4
11232,4
11233,4
11234,4
11235,4
11236,4
11237,4
11238,4
11239,4
11240,4
11241,5
11242,4
11243,4
09289,1
11244,4
11245,4
11246,4
11247,4
11248,4
11249,4
11250,4
11251,4
11252,4
4393,7
11253,4
11254,4
07063,1
11255,4
11256,4
11257,4
11259,4
302e,1
11260,4
11261,4
11262,4
3604,3
11263,4
11264,4
11265,4
11266,4
09599,1
11267,4
11268,4
3382,7
11269,4
11270,4
11271,4
11272,4
11273,4
11274,4
2773,9
11275,4
11276,4
11277,4
11278,4
11279,4
11280,4
11281,4
11283,4
11284,4
1444,7
11285,4
11286,4
11287,4
11288,4
11289,4
11290,4
4499,3
11291,4
11292,4
11293,4
11294,4
11295,4
11296,4
11297,4
11298,4
11299,4
11300,4
11301,5
11302,4
11303,4
11304,4
11305,4
11306,4
11307,4
11308,4
11309,4
11310,4
11311,4
11312,4
11313,4
09712,2
11314,4
11315,4
11316,4
11317,4
989,34
11318,4
07758,1
11319,4
3913,5
11320,4
11321,4
11322,4
11323,4
11324,4
4245,4
11325,4
11326,4
11327,4
11328,4
11329,4
11330,4
11331,4
11332,4
11333,4
11334,4
11336,4
11337,4
4913,3
11338,4
11339,4
11340,4
3994,5
11341,5
11342,4
11343,4
11344,4
11345,4
11346,4
11347,4
1074,8
11348,4
11349,4
11350,4
3618,4
11351,4
07525,1
11352,4
11353,4
11354,4
11355,4
11356,4
11357,4
11358,4
11359,4
03877,1
11360,4
11361,4
02133,2
11362,4
11363,4
11364,4
11365,4
11366,4
11367,4
11368,4
11369,4
11370,4
11372,4
11373,4
11374,4
11376,4
0776,3
11377,4
11378,4
4698,2
11379,4
11380,4
07158,1
11381,4
11382,4
11383,4
11384,4
11385,4
11386,4
11387,4
11388,4
11389,4
02063,1
11390,4
2843,5
11391,4
11392,4
11393,4
3564,8
11394,4
11395,4
11396,4
11397,4
3839,3
11398,4
11399,4
11400,4
11401,4
11402,4
11403,4
11404,4
11405,4
11406,4
11407,4
11408,4
3309,4
11409,4
11410,4
11411,4
04883,1
11412,4
11414,4
4183,4
11415,4
4686,2
11416,4
11418,4
11419,4
11420,4
11421,4
11422,4
11423,4
11424,4
01029,2
11425,4
11426,4
02955,1
11427,4
11428,4
11429,4
11430,4
11431,4
11432,4
1781,5
11433,4
01209,2
11435,4
11436,4
11437,4
11438,4
11439,4
11440,4
11441,4
11442,4
11443,4
11444,4
11445,4
11446,4
11447,4
11448,4
11449,4
3396,1
11450,4
11451,4
11452,4
11453,4
11454,4
11456,4
11457,4
11458,4
11459,4
11460,4
2154,5
11461,4
11462,4
11463,4
11464,4
11465,4
02501,1
11466,4
11467,4
11468,4
1912,4
11469,4
3841,4
11470,4
11471,4
006192,1
11472,4
11473,4
11474,4
11475,4
11476,4
11477,4
11478,4
11479,4
11480,4
11481,4
11483,4
3679,7
11484,4
11485,4
09645,2
11486,4
3266,4
11487,4
03335,3
11488,4
11490,4
11491,4
11492,4
11493,4
11494,4
11495,4
11496,4
02246,1
11497,4
11498,4
11499,4
11501,5
11502,4
01045,1
11503,4
11504,4
11505,4
11506,4
3178,2
11507,4
11508,4
11509,4
11510,4
0697,3
11511,4
11512,4
11513,4
11514,4
07118,1
11515,4
11516,4
11517,4
11518,4
11519,4
11521,4
11522,4
11523,4
11524,4
03149,1
11525,4
11526,4
11527,4
4747,8
11528,4
11529,4
11530,4
11531,4
11533,4
11534,4
11535,4
11536,4
2887,6
11537,4
11538,4
11539,4
11540,4
11541,4
11542,4
11543,4
1164,9
11544,4
11545,4
11546,4
11547,4
11548,4
11549,4
11550,4
11551,4
11552,4
11553,4
01219,1
11554,4
11555,4
11556,4
11557,4
05263,1
11558,4
11559,4
11560,4
06523,1
11561,4
11562,4
11563,4
3168,3
11564,4
11565,4
11566,4
11567,4
11568,4
11569,4
11570,4
4936,6
11571,4
11572,4
11573,4
11574,4
11575,4
11576,4
11577,4
11578,4
11579,4
11580,4
11581,4
3588,7
11582,4
11583,4
11584,4
443e,1
11585,4
11586,4
01804,1
11587,4
11588,4
11589,4
11590,4
11591,4
11592,4
11593,4
11594,4
11595,4
11596,4
11597,4
11598,4
11599,4
11600,4
11601,5
4637,3
11602,4
11603,4
11604,4
11605,4
11606,4
4351,5
11608,4
11609,4
11610,4
11611,4
3218,5
11612,4
11613,4
005006,1
11614,4
11615,4
08249,1
11616,4
11617,4
11618,4
11619,4
11620,4
11621,4
11622,4
11623,4
11624,4
11625,4
11626,4
11627,4
11628,4
11629,4
11630,4
11631,4
11632,4
11633,4
11634,4
11635,4
11636,4
11637,4
11638,4
11639,4
11640,4
11641,4
11642,5
11643,4
02717,1
11644,4
06041,1
11645,4
03842,1
11647,4
11648,4
11649,4
11650,4
11651,4
11652,4
05798,1
11653,4
11654,4
11655,4
11656,4
11657,4
0949,2
11658,4
3959,7
11659,4
11660,4
11661,4
3783,3
11662,4
3119,5
11663,4
11664,4
11665,4
3144,8
11666,4
11667,4
11668,4
11669,4
11670,4
11671,4
11672,4
11673,4
11674,4
11675,4
11676,4
11677,4
11678,4
11679,4
11680,4
11681,4
11682,4
11683,4
11684,4
11685,4
11686,4
11687,4
11688,4
11689,4
11690,4
4448,6
11691,4
03565,1
11692,4
11693,4
11694,4
11695,4
11696,4
04774,1
11697,4
11698,4
11699,4
11700,4
11701,4
11702,4
11703,4
11704,4
3101,4
11705,4
11706,4
11707,4
2413,4
11708,4
11709,4
11710,4
11711,4
0756,1
11712,4
07344,2
11713,4
1833,4
11714,4
11715,4
11716,4
11717,4
11718,4
11719,4
11720,4
11721,4
11722,4
06236,1
11723,4
11724,4
11725,4
3513,4
11726,4
11727,4
11728,4
11729,4
11730,4
11731,4
11732,4
11733,4
03089,2
11734,4
11735,4
11736,4
11737,4
11738,4
11739,4
11740,4
11741,4
11742,4
11743,4
11744,4
11745,4
11746,4
11748,4
11749,4
11750,4
11751,4
11752,4
11753,4
11754,4
11755,4
11756,4
3414,7
11757,4
11758,4
11759,4
11760,4
11761,4
11762,4
11763,4
11764,4
11765,4
11766,4
11767,4
009529,1
11768,4
11769,4
876,34
11770,4
11771,4
11772,4
03857,2
11773,4
11774,4
11775,4
4615,1
11776,4
11777,4
11778,4
11779,4
11780,4
4297,7
11781,4
11782,4
3541,5
11783,4
11784,4
2666,3
11785,4
11786,4
11787,4
11788,4
09301,2
11789,4
11790,4
11791,4
11792,4
11793,4
11794,4
11795,4
2895,5
11796,4
11797,4
11798,4
11799,4
11800,4
11801,4
11802,4
4818,5
11803,4
11804,4
2044,2
11805,4
3486,6
11806,4
11807,4
11808,4
11809,4
11810,4
11811,4
11812,4
11813,4
11814,4
11815,4
11816,4
11817,4
11818,4
006888,1
11819,4
11820,4
2829,3
11821,4
11822,4
11823,4
11824,4
11825,4
11826,4
11827,4
11828,4
11829,4
11830,4
11831,4
11832,4
11833,4
11834,4
11835,4
11836,4
11837,4
11838,4
3332,1
11839,4
11840,4
11841,4
11842,4
11843,4
007357,1
11844,4
11845,4
11846,4
3351,3
11847,4
11848,4
11849,4
3424,8
11850,4
11851,4
11852,4
11853,4
11854,4
11855,4
11856,4
11857,4
11858,4
3143,7
11859,4
11860,4
11861,4
11862,4
11863,4
11864,4
11865,4
11866,4
3659,7
11867,4
11868,4
11869,4
11870,4
11871,4
1927,3
11872,4
11873,4
11874,4
4618,3
11875,4
11876,4
05298,1
11877,4
11878,4
11879,4
11880,4
11881,4
11882,4
11883,4
11884,4
11885,4
11886,4
11887,4
11888,4
11889,4
11890,4
11891,4
11892,4
11893,4
11894,4
11895,4
11896,4
07107,3
11897,4
1405,8
11898,4
11899,4
11900,5
11901,5
11902,4
11903,4
11905,4
11906,4
11907,4
002515,1
11908,4
11909,4
11910,4
11911,4
11912,4
3291,8
11913,4
2149,9
11914,4
11915,4
4931,5
11916,4
0503,1
11917,4
11918,4
11919,4
2595,3
11920,4
11921,4
11922,4
11923,4
11924,4
11925,4
11926,4
11927,4
11928,4
11929,4
11930,4
11931,4
11932,4
11933,4
11934,4
0432,1
11935,4
11936,4
11937,4
11938,4
11940,4
11941,4
11942,5
11943,4
11944,4
11945,4
11946,4
11947,4
11948,4
11949,4
2415,2
11950,4
3746,2
11951,4
11952,4
11953,4
11954,4
008067,1
11955,4
11956,4
11957,4
11958,4
11959,4
11960,4
11961,4
11962,4
005095,1
11963,4
11964,4
11965,4
11966,4
11967,4
11968,4
11969,4
11970,4
11971,4
11972,4
11973,4
11974,4
11975,4
11976,4
11977,4
11978,4
11979,4
11980,4
11981,4
11982,4
11983,4
11984,4
11985,4
11986,4
11987,4
11988,4
11990,4
11991,4
11992,4
11993,4
11994,4
11995,4
11996,4
11997,4
11998,4
06422,1
11999,4
12001,5
12002,4
0547,1
12003,4
12004,4
04063,1
12006,4
12007,4
12008,4
12009,4
12010,4
12011,4
12012,4
12013,4
12014,4
12015,4
12016,4
12017,4
12018,4
12019,4
12020,4
12021,4
12022,4
12023,4
12024,4
12025,4
12026,4
12027,4
12028,4
12029,4
12030,4
12031,4
12032,4
12034,4
12035,4
12036,4
12037,4
12038,4
12039,4
12040,4
12041,4
12042,4
12043,4
12044,4
12045,4
12046,4
4974,6
12047,4
12048,4
12049,4
12050,4
12051,4
12052,4
12053,4
12054,4
12055,4
12056,4
12057,4
12058,4
12059,4
12060,4
12061,4
12062,4
12063,4
12064,4
02603,1
12065,4
4085,4
12066,4
12067,4
12068,4
12069,4
4958,8
12070,4
12071,4
12072,4
12073,4
12074,4
12075,4
12076,4
12077,4
12078,4
12079,4
12080,4
12081,4
12082,4
12084,4
12085,4
4156,6
12086,4
12087,4
4704,5
12088,4
12089,4
03342,1
12090,4
12091,4
12092,4
12093,4
12094,4
12095,4
12096,4
12097,4
2239,1
12098,4
12099,4
12100,4
12101,4
12102,4
12103,4
12104,4
1356,3
12105,4
12106,4
04397,1
12107,4
12108,4
12109,4
12110,4
12111,4
12112,4
06158,1
12113,4
12115,4
12116,4
12117,4
01815,1
12118,4
0357,1
12119,4
12120,4
12121,4
08651,2
12122,4
12123,4
12124,4
12125,4
12126,4
12127,4
12128,4
2479,6
12129,4
12130,4
12131,4
12132,4
12133,4
12134,4
12135,4
12136,4
12137,4
12138,4
12139,4
09128,1
12140,4
12141,4
12143,4
4888,5
12144,4
3499,6
12145,4
12146,4
12147,4
4325,5
12148,4
07627,2
12149,4
008609,1
12150,4
1159,4
12151,4
12152,4
05016,1
12153,4
12154,4
03169,1
12155,4
12156,4
12157,4
12158,4
005969,1
12159,4
12160,4
12161,4
12162,4
12163,4
12164,4
12165,4
03663,2
12166,4
4984,7
12167,4
3004,5
12168,4
12169,4
05059,1
12170,4
12171,4
0729,1
12173,4
12174,4
12175,4
12176,4
12177,4
4572,5
12178,4
12179,4
12180,4
12181,4
12182,4
12183,4
12184,4
12185,4
12186,4
12187,4
12188,4
12189,4
12190,4
12191,4
12192,4
12193,4
12194,4
12195,4
12196,4
12197,4
12198,4
12199,4
12200,4
12201,5
12202,4
4422,4
12203,4
12204,4
12205,4
12206,4
12207,4
12208,4
12209,4
12210,4
3093,4
12211,4
12212,4
12213,4
12214,4
12215,4
12216,4
12218,4
12219,4
12220,4
12221,4
12222,4
12223,4
12224,4
12225,4
12226,4
12227,4
12228,4
12229,4
12230,4
12231,4
0279,1
12232,4
12233,4
12234,4
12235,4
12236,4
12237,4
12238,4
3388,6
12239,4
12240,4
12241,5
12242,4
12243,4
12244,4
12245,4
12246,4
12247,4
12248,4
12249,4
12250,4
12251,4
4583,3
12252,4
12254,4
12255,4
12256,4
2946,4
12257,4
12258,4
0292,2
12259,4
12260,4
12261,4
12262,4
12263,4
12265,4
12266,4
1522,9
12267,4
12268,4
12269,4
12270,4
1293,3
12271,4
12272,4
12273,4
12274,4
12275,4
1313,7
12276,4
12277,4
12278,4
12279,4
12280,4
12281,4
4258,6
12282,4
12283,4
12284,4
12285,4
12286,4
12287,4
12288,4
12289,4
12290,4
12291,4
12292,4
12293,4
4102,3
12294,4
12295,4
12296,4
12297,4
12298,4
12299,4
12300,4
12301,4
12302,4
12303,4
12304,4
12305,4
12306,4
12307,4
12308,4
12309,4
4174,3
12310,4
12311,4
1869,3
12313,4
01622,1
12314,4
12315,4
12316,4
12317,4
02873,1
12318,4
12319,4
12320,4
12321,4
4634,8
12322,4
12323,4
1296,9
12324,4
09044,1
12325,4
3914,5
12326,4
12327,4
12328,4
12329,4
12330,4
12331,4
12332,4
12333,4
08413,1
12334,4
12335,4
05007,1
12336,4
05803,2
12337,4
12338,4
001583,1
12339,4
12340,4
12341,4
2234,3
12342,4
12343,4
12344,4
2718,2
12346,4
12347,4
12348,4
12349,4
12350,4
12351,4
12352,4
12353,4
12354,4
07777,2
12355,4
12356,4
12357,4
12358,4
12359,4
12360,4
12361,4
12362,4
12363,4
01629,1
12364,4
01959,1
12365,4
12366,4
12367,4
12368,4
2288,5
12369,4
12370,4
12371,4
12372,4
12373,4
12374,4
12375,4
12376,4
12377,4
12378,4
12379,4
12380,4
12381,4
4918,3
12382,4
12383,4
12384,4
0451,2
12385,4
12386,4
06231,1
12387,4
12388,4
12389,4
12390,4
12391,4
12392,4
12393,4
12394,4
12395,4
12396,4
12397,4
12398,4
12399,4
04866,1
12400,4
12401,4
12402,5
12403,4
12404,4
4457,7
12405,4
12406,4
12407,4
12408,4
12409,4
12410,4
12411,4
12412,4
12413,4
12414,4
12415,4
12416,4
12417,4
12418,4
12419,4
12420,4
04156,4
12421,4
03647,2
12422,4
12423,4
12424,4
02788,2
12426,4
12427,4
1075,3
12428,4
12429,4
12430,4
2806,7
12431,4
12432,4
07364,2
12433,4
12434,4
12435,4
12436,4
1163,3
12437,4
4693,5
12438,4
12439,4
12440,4
12441,4
12442,4
12443,4
12444,4
12445,4
12446,4
12447,4
12448,4
12449,4
12450,4
12451,4
12452,4
06913,2
12453,4
12454,4
12455,4
12456,4
03578,1
12457,4
4721,4
12458,4
12459,4
3106,6
12460,4
4064,4
12461,4
12462,4
12463,4
1274,9
12464,4
12465,4
12466,4
4863,1
12467,4
02476,1
12468,4
12469,4
3442,4
12470,4
12471,4
12472,4
12473,4
12474,4
12475,4
12476,4
12477,4
12478,4
12479,4
09574,1
12480,4
12481,4
12482,4
07474,1
12483,4
12484,4
12485,4
2762,6
12486,4
12487,4
12488,4
12489,4
12490,4
12491,4
12492,4
12493,4
12494,4
12495,4
12496,4
12497,4
12498,4
12499,4
12500,4
12501,5
12502,4
12503,4
3235,6
12504,4
12505,4
12506,4
12507,4
12508,4
12509,4
12510,4
12511,4
1249,2
12512,4
04029,1
12513,4
12514,4
1852,4
12515,4
12516,4
08326,2
12517,4
12518,4
12519,4
12520,4
12521,4
12522,4
12523,4
12524,4
12525,4
12526,4
12527,4
12528,4
2138,3
12529,4
12530,4
12531,4
2854,5
12532,4
12533,4
12534,4
3246,4
12535,4
12536,4
12537,4
12538,4
12539,4
4133,5
12540,4
12541,4
12542,4
2826,3
12543,4
12544,4
12545,4
12546,4
12547,4
12548,4
02222,1
12549,4
12550,4
12551,4
3114,2
12552,4
12553,4
12554,4
12555,4
12556,4
12557,4
4798,5
12558,4
2283,4
12559,4
12560,4
12561,4
07053,2
12562,4
12563,4
4456,3
12564,4
12565,4
12566,4
12567,4
12568,4
12569,4
2083,7
12570,4
12571,4
12572,4
12573,4
12574,4
12575,4
12576,4
12577,4
12578,4
12579,4
12580,4
12581,4
12582,4
12583,4
12584,4
12585,4
12586,4
12587,4
12588,4
12589,4
12590,4
12591,4
12592,4
05079,1
12593,4
12594,4
12595,4
12596,4
12597,4
12598,4
0557,2
12599,4
12600,4
12601,4
12602,4
12603,4
08717,1
12604,4
12605,4
12606,4
12607,4
08435,2
12608,4
12609,4
12610,4
2956,8
12612,4
12613,4
12614,4
12615,4
00158,1
12616,4
12617,4
1587,4
12618,4
12619,4
12620,4
12621,4
12622,4
12623,4
12624,4
12625,4
12626,4
3128,5
12627,4
12628,4
12629,4
12630,4
12631,4
07495,1
12632,4
12633,4
12634,4
4872,4
12635,4
12636,4
12637,4
12638,4
12639,4
12640,4
12641,4
12642,4
12643,4
12644,4
12645,4
4834,2
12646,4
3083,2
12647,4
12648,4
12649,4
12650,4
3853,7
12651,4
12652,4
12653,4
12654,4
12655,4
12656,4
2096,8
12657,4
12658,4
12659,4
12660,4
12661,4
12662,4
12663,8
12664,4
04419,1
12665,4
3232,7
12666,4
12667,4
12668,4
12669,4
12670,4
12671,4
12672,4
12673,4
12674,4
12675,4
12676,4
12677,4
12678,4
12679,4
12680,4
2947,5
12681,4
12682,4
12683,4
12684,4
12685,4
12686,4
12687,4
12688,4
3058,6
12689,4
12690,4
12691,4
12692,4
009276,1
12693,4
12694,4
12695,4
12696,4
12697,4
12698,4
12699,4
12700,4
12701,4
12702,4
12703,4
12704,4
12705,4
12706,4
12707,4
4788,5
12708,4
12709,4
12710,4
12711,4
12712,4
3607,4
12713,4
12714,4
12715,4
12716,4
12717,4
06071,1
12718,4
12719,4
12720,4
12721,4
01649,1
12722,4
12723,4
12724,4
12725,4
12726,4
12727,4
12728,4
12729,4
12730,4
12731,4
12732,4
12733,4
12734,4
04958,1
12735,4
12736,4
12737,4
12738,4
1782,4
12739,4
12740,4
12741,4
12742,4
12743,4
12744,4
12745,4
0777,1
12746,4
0774,1
12747,4
12748,4
12749,4
12750,4
12751,4
12752,4
12753,4
2356,9
12754,4
12755,4
4625,3
12756,4
12759,4
12760,4
2896,6
12761,4
12762,4
12763,4
12764,4
12765,4
4712,6
12766,4
3457,4
12767,4
12768,4
4287,5
12769,4
12770,4
12771,4
4203,5
12772,4
12773,4
12774,4
12775,4
12776,4
12777,4
12778,4
12779,4
12780,4
12781,4
12782,4
12783,4
07152,1
12784,4
12785,4
12786,4
4909,5
12787,4
12788,4
1307,1
12789,4
12790,4
12791,4
12792,4
12793,4
12794,4
12795,4
12796,4
12797,4
4658,9
12798,4
02432,1
12799,4
12800,4
12801,4
12802,4
12803,4
2129,10
12804,4
12805,4
12806,4
12807,4
12809,4
12810,4
12811,4
12812,4
12813,4
12814,4
07244,1
12815,4
12816,4
12817,4
04673,1
12818,4
12819,4
12820,4
12821,4
12822,4
05362,2
12823,4
12824,4
08506,1
12825,4
12827,4
12828,4
12829,4
12830,4
12831,4
12832,4
12833,4
12834,4
12835,4
12836,4
12837,4
12838,4
12839,4
12840,4
12841,4
12842,4
12843,4
12844,4
12845,4
12846,4
12847,4
12848,4
12849,4
07822,2
12850,4
12851,4
12852,4
12853,4
12854,4
12855,4
12856,4
12857,4
12858,4
12859,4
1244,5
12860,4
4905,7
12861,4
12862,4
12863,4
12864,4
3792,6
12865,4
12866,4
12869,4
12870,4
3498,6
12871,4
05001,1
12872,4
2684,3
12873,4
08583,1
12874,4
12875,4
12876,4
12877,4
02913,1
12878,4
12879,4
12880,4
12881,4
12882,4
12883,4
12884,4
12886,4
2716,11
12887,4
12888,4
12889,4
12890,4
12891,4
12892,4
12893,4
08565,1
12894,4
12895,4
12896,4
12897,4
12898,4
4274,3
12899,4
1384,6
12900,4
12901,4
12902,4
12903,4
12904,4
12905,4
2148,5
12906,4
12907,4
12908,4
12909,4
12910,4
12912,4
12913,4
12914,4
04426,2
12915,4
12916,4
12917,4
2929,4
12918,4
12919,4
12920,4
12921,4
12922,4
007789,1
12923,4
12924,4
12925,4
12926,4
3871,5
12927,4
4172,6
12928,4
12929,4
12930,4
12931,4
3182,5
12932,4
12933,4
12934,4
12935,4
12936,4
12937,4
12938,4
4191,9
12939,4
12940,4
12941,4
12942,4
1643,9
12943,4
12944,4
12945,4
12946,4
4759,3
12947,4
12948,4
12949,4
12950,4
12951,4
12952,4
12953,4
12954,4
12955,4
12956,4
12957,4
12958,4
12959,4
12961,4
12962,4
12963,4
3421,5
12964,4
12966,4
2834,1
12967,4
12968,4
12969,4
12970,4
12971,4
2737,5
12972,4
12973,4
12974,4
12975,4
09716,1
12976,4
12977,4
12978,4
12979,4
3709,5
12980,4
12981,4
12982,4
12983,4
12984,4
12985,4
798,30
12986,4
12987,4
4353,9
12988,4
12990,5
12991,4
12992,4
12993,4
12994,4
12995,4
12996,4
12997,4
12998,4
12999,4
13000,4
13001,4
13002,4
13003,4
13004,4
13005,4
13006,4
13007,4
13008,4
1468,3
13009,4
13010,4
13011,4
13013,4
13014,4
13015,4
13016,4
13017,4
13018,4
13019,4
13020,4
13021,4
13022,4
4817,6
13023,4
13025,4
13026,4
13027,4
1198,4
13028,4
13030,4
0963,2
13031,4
13032,4
13033,4
13034,4
13035,4
13036,4
13037,4
13038,4
13039,4
2343,8
13040,4
13041,4
13042,4
4097,6
13043,4
13044,4
13045,4
13046,4
13047,4
13048,4
09076,2
13049,4
13051,4
13052,4
13053,4
13054,4
4938,4
13055,4
13056,4
13057,4
13058,4
13059,4
13061,4
08445,2
13062,4
13063,4
09999,1
13064,4
13065,4
13066,4
13067,4
13068,4
13069,4
13070,4
13071,4
13072,4
04998,1
13074,4
13075,4
13076,4
05892,3
13077,4
13078,4
2497,5
13080,4
13081,4
09591,2
13082,4
13083,4
13084,4
4487,5
13085,4
13086,4
13087,4
13088,4
13089,4
2354,6
13090,4
13091,4
13092,4
13093,4
13094,4
13095,4
13096,4
13097,4
13098,4
13099,4
13100,4
13101,4
13102,4
13103,4
13104,4
13105,4
3328,6
13106,4
13107,4
13108,4
13109,4
13110,4
13111,4
008082,1
13112,4
13113,4
13114,4
13115,4
13116,4
13117,4
13118,4
13119,4
13120,4
13121,4
13122,4
13123,4
13124,4
13125,4
13126,4
13127,4
13128,4
13129,4
13130,4
13131,4
13132,4
13133,4
13134,4
13136,4
06561,2
13137,4
13138,4
13139,4
13140,4
13141,4
13142,4
13143,4
4823,4
13144,4
13146,4
04772,2
13147,4
13148,4
01051,1
13149,4
13150,4
4383,2
13152,4
13153,4
13154,4
13155,4
13156,4
13157,4
13158,4
13159,4
13160,4
08022,2
13161,4
13162,4
13163,4
13164,4
4012,9
13165,4
13166,4
13167,4
4266,5
13168,4
13169,4
13171,4
13172,4
05643,1
13173,4
13174,4
13175,4
4605,3
13176,4
4442,5
13177,4
13178,4
13179,4
13180,4
13181,4
13182,4
13183,4
13184,4
13185,4
13186,4
13187,4
13188,4
13189,4
4307,5
13190,4
13191,4
04119,1
13192,4
13193,4
13194,4
13195,4
13196,4
13197,4
13198,4
07584,1
13199,4
13200,4
4283,2
13201,4
13202,4
13203,4
4107,7
13204,4
13205,4
13206,4
4285,6
13207,4
13208,4
13209,4
13210,4
13211,4
13212,4
13213,4
4045,6
09543,2
13215,4
13216,4
13217,4
13218,4
13219,4
02585,2
13220,4
13221,4
003467,1
13222,4
13223,4
13224,4
08856,1
13225,4
13226,4
13227,4
13228,4
13229,4
13230,4
3346,4
13231,4
13232,4
13233,4
13234,4
13235,4
13236,4
13237,4
13238,4
13239,4
13240,4
13241,4
13242,4
13243,4
13244,4
13245,4
4003,5
13246,4
2344,3
13247,4
13248,4
13249,4
13250,4
13251,4
4363,3
13252,4
13253,4
3729,4
13254,4
13255,4
13256,4
13257,4
13258,4
13259,4
13260,4
13261,4
13262,4
4402,7
13263,4
4367,7
13264,4
05331,1
13265,4
05771,2
13266,4
13267,4
13268,4
13269,4
13270,4
13271,4
13272,4
13273,4
13274,4
04451,1
13275,4
13276,4
2862,2
13277,4
13278,4
3055,3
13279,4
13280,4
13281,4
13282,4
4161,4
13283,4
13284,4
13285,4
13286,4
13287,4
13288,4
13289,4
0611,1
13290,4
004665,1
13291,4
13292,4
13293,4
13294,4
3972,5
13295,4
13296,4
13297,4
003717,1
13298,4
13299,4
13300,4
13301,5
13302,4
13303,4
13304,4
13305,4
13306,4
13307,4
13308,4
13309,4
13310,4
13311,4
1713,6
13313,4
13314,4
13315,4
13316,4
13317,4
13318,4
13319,4
4406,9
13320,4
13321,4
13322,4
13323,4
13324,4
13325,4
13326,4
0835,2
13327,4
13328,4
13329,4
06872,1
13330,4
13331,4
03094,2
13332,4
13333,4
13334,4
13335,4
13336,4
2459,6
13337,4
13338,4
4832,3
13339,4
13340,4
13341,4
13342,4
13343,4
13344,4
1791,3
13345,4
13346,4
13347,4
3215,7
13348,4
13349,4
3326,4
13350,4
13351,5
13352,4
13353,4
13354,4
13355,4
13356,4
13357,4
13358,4
13359,4
07027,1
13360,4
13361,4
13362,4
13363,4
2998,4
13364,4
13365,4
13366,4
13367,4
13368,4
0891,3
13369,4
13370,4
13371,4
13372,4
13373,4
13374,4
13375,4
13376,4
13377,4
13378,4
13379,4
13380,4
13381,4
13382,4
13383,4
13384,4
0198,1
13385,4
13386,4
13387,4
13388,4
13389,4
13390,4
13391,4
13392,4
13393,4
13394,4
1801,8
13395,4
13396,4
08362,1
13397,4
13398,4
13399,4
13400,4
4706,4
13401,4
13402,4
13403,4
13404,4
13405,4
13406,4
13407,4
13408,4
13409,4
13410,4
13411,4
1715,2
13412,4
13413,4
13414,4
13415,4
13416,4
13417,4
13418,4
13419,4
13420,4
13421,4
921e,2
13422,4
2342,4
13423,4
13424,4
13425,4
13426,4
13427,4
13428,4
13429,4
2729,4
4482,5
13431,4
13432,4
3803,5
13433,4
13434,4
13435,4
13436,4
13437,4
13438,4
13439,4
13440,4
13441,4
13442,4
13443,4
13444,4
13445,4
13446,4
13447,4
13448,4
13449,4
13450,4
13451,4
13452,4
13453,4
03383,2
13454,4
13455,4
13456,4
13457,4
13458,4
13459,4
0813,1
13460,4
13461,4
4782,2
13462,4
13463,4
13464,4
948,18
13465,4
13466,4
13467,4
13468,4
13469,4
3473,4
13470,4
13471,4
3049,4
13472,4
13473,4
13474,4
13475,4
13476,4
13477,4
13478,4
13479,4
13480,4
13481,4
13482,4
13483,4
13484,4
13485,4
13486,4
13487,4
13488,4
13489,4
13490,4
13491,4
13492,4
4425,3
13493,4
13494,4
09306,2
13495,4
09977,1
13496,4
13497,4
13498,4
13499,4
13500,4
13501,4
13502,4
13503,4
13504,4
13505,4
13506,4
13507,4
13508,4
13509,4
13510,4
13511,4
13512,4
13513,4
13514,4
3147,8
13515,4
13516,4
13517,4
2611,1
13518,4
13519,4
13520,4
13521,4
0139,1
13522,4
2535,7
13523,4
2284,2
13524,4
13525,4
13526,4
13527,4
13528,4
13529,4
3156,4
13530,4
04374,1
13531,4
13532,4
13533,4
13534,4
13535,4
13536,4
13537,4
13538,4
13539,4
13540,4
13541,4
13542,4
13543,4
13544,4
13545,4
13546,4
13547,4
13548,4
13549,4
13550,4
13551,4
13552,4
13553,4
13554,4
07865,1
13555,4
13556,4
4733,5
13557,4
13558,4
2189,5
13559,4
13560,4
06808,1
13561,4
13562,4
13563,4
13564,4
13565,4
13566,4
08465,2
13567,4
13568,4
13569,4
13570,4
13571,4
13572,4
13573,4
13574,4
13575,4
13576,4
13577,4
2369,11
13578,4
13579,4
13580,4
13581,4
13582,4
13583,4
13584,4
13585,4
13586,4
2395,5
13587,4
13588,4
13589,4
13590,4
13591,4
13592,4
13593,4
13594,4
06768,1
13596,4
13597,4
13598,4
13599,4
13600,4
13601,4
13602,4
13603,4
13604,4
13605,4
3804,4
13606,4
13607,4
13608,4
13609,4
13610,4
09222,1
13612,4
13613,4
13614,4
0884,1
13615,4
13616,4
13617,4
13618,4
13619,4
13620,4
13621,4
13622,4
13623,4
13624,4
13625,4
13626,4
05138,1
13627,4
13628,4
13629,4
02656,1
13630,4
13631,4
13632,4
3716,2
13633,4
13634,4
13635,4
13636,4
13637,4
13638,4
3404,5
13639,4
13640,4
13641,4
2533,10
13642,4
13643,4
13644,4
2447,4
13645,4
13646,4
13647,4
13648,4
13649,4
13650,4
13651,4
3982,2
13652,4
1678,6
13653,4
13654,4
2664,4
13655,4
13656,4
13657,4
4481,5
4887,3
13659,4
13660,4
13661,4
13662,4
13663,4
13664,4
13665,4
13666,4
03957,1
13668,4
13669,4
13670,4
13671,4
13672,4
13673,4
13674,4
3462,4
13675,4
13676,4
13677,4
13678,4
13679,4
13680,4
13681,4
13682,4
13683,4
1211,5
13684,4
13685,4
13686,4
13687,4
13688,4
4281,2
13689,4
13690,4
13691,4
13692,4
13693,4
13694,4
13695,4
13696,4
13697,4
13698,4
13699,4
13700,4
13701,5
13702,4
13703,4
13704,4
4347,6
13705,4
07645,2
13706,4
13707,4
13708,4
13709,4
13710,4
13712,4
13713,4
13714,4
1525,6
13715,4
13716,4
13717,4
13718,4
13719,4
13720,4
05775,1
13721,4
13722,4
13723,4
13724,4
08576,1
13725,4
13726,4
13727,4
13728,4
13729,4
13730,4
13731,4
13732,4
13733,4
13734,4
13735,4
13736,4
13737,4
13738,4
13739,4
13740,4
2765,6
13741,4
13742,4
13743,4
13744,4
13745,4
13746,4
13747,4
01287,1
13748,4
13749,4
13750,4
13751,5
13752,4
08002,1
13753,4
13754,4
13755,4
13756,4
13757,4
13758,4
13759,4
13760,4
13761,4
13762,4
13763,4
13764,4
13765,4
13766,4
13767,4
13768,4
13770,4
13771,4
13772,4
13773,4
13774,4
13775,4
13776,4
3393,4
13777,4
13778,4
13779,4
2166,8
13780,4
4028,3
13781,4
13782,4
13783,4
13784,4
13785,4
04753,3
13786,4
13787,4
13788,4
13789,4
13790,4
13791,4
13792,4
13793,4
03613,1
13794,4
13795,4
4851,8
13796,4
13797,4
13798,4
13799,4
13800,4
13801,4
2402,5
13802,4
13803,4
13804,4
13805,4
13806,4
13807,4
01568,1
13808,4
13809,4
13810,4
13811,4
13812,4
13813,4
13814,4
13815,4
13816,4
13817,4
13818,4
4576,3
13819,4
13820,4
13821,4
13822,4
13823,4
13824,4
13825,4
3687,4
13826,4
13827,4
13828,4
13829,4
13830,4
13831,4
13832,4
13833,4
13834,4
3444,4
13835,4
13836,4
13837,4
4751,8
13838,4
4344,4
13839,4
13840,4
1392,4
13841,4
13842,4
13843,4
004088,1
13844,4
13845,4
3656,4
13846,4
13847,4
13848,4
13849,4
13850,4
13851,4
13852,4
13853,4
13854,4
13855,4
13856,4
13857,4
13858,4
13859,4
13860,4
13861,4
13862,4
13863,4
13864,4
13865,4
08114,1
13866,4
13867,4
13868,4
13869,4
13870,4
13871,4
13872,4
13873,4
3378,5
13874,4
13875,4
13876,4
13877,4
13878,4
13879,4
13880,4
13881,4
13882,4
13883,4
13884,4
4742,6
13885,4
13886,4
13887,4
13888,4
13889,4
13890,4
13891,4
13892,4
13893,4
13894,4
13895,4
01087,1
13896,4
13897,4
008828,1
13898,4
13899,4
13900,4
13901,4
13902,4
13903,4
13904,4
13905,4
13906,4
13907,4
13908,4
13909,4
13910,4
13911,4
13912,4
3009,4
13913,4
13914,4
04511,2
13915,4
13916,4
01418,1
13918,4
13919,4
13920,4
13921,4
0554,1
13922,4
13923,4
3704,2
13924,4
13925,4
13926,4
13927,4
13928,4
13929,4
13930,4
13931,4
4709,4
13932,4
13933,4
13934,4
13935,4
4248,6
13936,4
08212,1
13937,4
13938,4
13939,4
13940,4
13941,4
4126,6
13942,4
13943,4
13944,4
13945,4
13946,4
13947,4
13948,4
13949,4
13950,4
13951,4
13952,4
13953,4
13954,4
13955,4
13956,4
13957,4
13958,4
13959,4
13960,4
07442,2
13961,4
13962,4
13963,4
01869,1
13964,4
13965,4
13966,4
13967,4
13968,4
13969,4
13970,4
13971,4
13972,4
13973,4
13974,4
13975,4
3575,6
13976,4
13977,4
13978,4
13979,4
13980,4
13981,4
4355,8
13982,4
13983,4
13984,4
13985,4
13986,4
13987,4
13988,4
13989,4
13990,4
13991,4
01729,1
13992,4
13993,4
13994,4
13995,4
13996,4
01708,1
13997,4
13998,4
13999,4
14000,4
14001,5
14002,4
14003,4
14004,4
14005,4
14006,4
14007,4
14008,4
14009,4
14010,4
2663,7
14011,4
14012,4
14013,4
3968,3
14014,4
14015,4
14016,4
2914,4
14017,4
14018,4
14019,4
14020,4
2978,5
14021,4
1675,5
14022,4
14023,4
14024,4
14025,4
14026,4
03119,1
14027,4
14028,4
14029,4
14030,4
14031,4
14032,4
14033,4
14034,4
14035,4
4873,5
14036,4
3798,4
14037,4
14038,4
14039,4
14040,4
14041,4
14042,4
14043,4
14044,4
14045,4
14046,4
14047,4
14049,4
4643,4
14050,4
14051,5
14052,4
14053,4
14054,4
14055,4
14056,4
14057,4
14058,4
14059,4
14060,4
14061,4
14062,4
14063,4
14064,4
14065,4
2457,5
14066,4
14067,4
14068,4
14069,4
14070,4
14071,4
14072,4
14074,4
2193,5
14075,4
14076,4
14077,4
14079,4
14081,4
14082,4
14083,4
14084,4
02721,1
14085,4
14086,4
4465,2
14087,4
14088,4
14089,4
14090,4
14091,4
14092,4
14093,4
14094,4
14095,4
3331,6
14096,4
14097,4
14099,4
14100,4
14101,5
14102,4
14103,4
14104,4
2225,4
14105,4
3566,7
14106,4
14107,4
14108,4
14110,4
14111,4
14112,4
14113,4
14114,4
14115,4
14116,4
14117,4
14118,4
14119,4
14120,4
14121,4
14122,4
315e,1
14123,4
14124,4
14125,4
3267,4
14126,4
14127,4
14128,4
14129,4
14130,4
14131,4
14132,4
14133,4
08126,2
14134,4
14135,4
14136,4
14137,4
14138,4
14139,4
14140,4
14141,4
14142,4
14143,5
01908,1
14144,4
14145,4
14146,4
14147,4
14148,4
14149,4
14150,4
14151,4
14152,4
14153,4
14154,4
914,33
14155,4
14156,4
14157,4
14160,4
0795,1
14161,4
14162,4
14163,4
14164,4
14165,4
14166,4
14167,4
14168,4
14169,4
14170,4
14171,4
14172,4
14173,4
14174,4
14175,4
14176,4
14177,4
14178,4
14179,4
14180,4
14181,4
14182,4
14183,4
14184,4
14185,4
14187,4
14188,4
14190,4
14191,4
14192,4
14193,4
14194,4
14195,4
14196,4
14197,4
14198,4
14199,4
14200,4
3452,3
14201,5
14202,4
14203,4
3225,4
14204,4
3779,6
14205,4
14206,4
14207,4
14208,4
14209,4
4112,7
14210,4
14211,4
14212,4
14213,4
14214,4
14215,4
14216,4
14217,4
14218,4
14219,4
14220,4
4748,4
14221,4
14222,4
14223,4
14224,4
14225,4
14226,4
14227,4
14228,4
14229,4
14230,4
14231,4
14232,4
14233,4
14234,4
14235,4
14236,4
14237,4
14238,4
14239,4
14240,4
14241,4
14242,4
14243,4
14244,4
14245,4
2652,8
14246,4
14247,4
14248,4
08736,1
14249,4
14250,4
14251,5
14252,5
14253,4
14254,4
14255,4
14256,4
3304,6
14257,4
14258,4
14259,4
14260,4
14261,4
14262,4
14263,4
939e,1
14264,4
14265,4
14266,4
14267,4
005364,1
14268,4
14269,4
14270,4
14271,4
14272,4
14273,4
14274,4
14275,4
3292,6
14276,4
14277,4
14278,4
14279,4
14280,4
14281,4
02874,2
14282,4
14284,4
14285,4
14286,4
14287,4
08625,2
14288,4
2825,4
14289,4
14290,4
3508,6
14291,4
14292,4
14293,4
4858,2
14294,4
14295,4
14296,4
05601,2
14297,4
14298,4
14299,4
14300,4
14301,4
14302,4
14303,4
14304,4
14305,4
14306,4
14307,4
14308,4
14309,4
1837,4
14310,4
14311,4
14312,4
14313,4
06377,1
14314,4
14315,4
14316,4
14317,4
08374,1
14318,4
14319,4
14320,4
14321,4
14322,4
14323,4
14324,4
14325,4
14326,4
14327,4
14328,4
14329,4
14330,4
14331,4
06247,2
14333,4
14334,4
14335,4
14336,4
1848,3
14338,4
14339,4
14340,4
3157,5
14341,4
14342,4
14343,4
14344,4
14345,4
3321,4
14346,4
14347,4
14348,4
14349,4
1773,1
14350,4
4332,4
14351,4
14352,4
14353,4
14354,4
14355,4
14356,4
14357,4
14358,4
14359,4
14360,4
14361,4
14362,4
14363,4
14365,4
14366,4
14367,4
14368,4
14369,4
14370,4
14371,4
14372,4
14373,4
14374,4
14375,4
14376,4
14377,4
14378,4
14379,4
14380,4
01155,2
14381,4
14382,4
4472,3
14383,4
14384,4
14385,4
14386,4
14387,4
14388,4
14389,4
14390,4
14391,4
14392,4
14393,4
14394,4
14395,4
14396,4
14397,4
14398,4
14399,4
14400,4
14401,5
14402,4
14403,4
14404,4
14405,4
4954,6
14406,4
14407,4
14408,4
14409,4
14410,4
14411,4
14412,4
14413,4
14414,4
2726,8
14415,4
14416,4
06918,1
14417,4
14418,4
4546,9
14419,4
14420,4
14421,4
14422,4
14423,4
14424,4
005879,1
14425,4
14426,4
14427,4
14428,4
14429,4
14430,4
14431,4
14432,4
14433,4
14434,4
01741,1
14435,4
14436,4
14437,4
14438,4
14439,4
14440,4
14441,4
14442,4
14443,4
14444,4
3858,5
14445,4
14446,4
14447,4
14448,4
08071,1
14449,4
14450,4
14451,4
14452,4
14453,4
14454,4
14455,4
14456,4
14457,4
2658,4
14458,4
3554,1
14459,4
14460,4
14461,4
2291,12
14462,4
14463,4
1191,8
14467,4
14468,4
3737,8
14469,4
14472,4
14473,4
14474,4
14477,4
14478,4
05466,1
14479,4
14480,4
14481,4
14482,4
14483,4
14484,4
14485,4
05191,3
14486,4
14487,4
14488,4
14489,4
14490,4
14492,4
14493,4
1809,3
14494,4
14495,4
14496,4
14497,4
14498,4
14499,4
14500,4
14501,5
14502,4
14503,4
14504,4
14505,4
14506,4
14507,4
14508,4
14509,4
14510,4
04256,2
14512,4
14514,4
14515,4
14516,4
14517,4
14518,4
14519,4
14520,4
14521,4
14522,4
14523,4
14524,4
3085,6
14526,4
14527,4
14528,4
14530,4
02526,1
14531,4
14532,4
14533,4
14535,4
14536,4
14537,4
14538,4
14539,4
2815,5
14540,4
14541,5
14542,4
14543,4
14544,4
14545,4
14546,4
14547,4
14548,4
14549,4
14550,4
2242,4
14551,4
14552,4
14554,4
03827,4
14556,4
14557,4
14558,4
3312,3
14559,4
14560,4
14561,4
2252,7
14562,4
14563,4
14564,4
14565,4
14566,4
14567,4
14568,4
14569,4
4964,10
14570,4
14571,4
14572,4
14573,4
14574,4
14575,4
14577,4
14578,4
14579,4
14580,4
14581,4
14582,4
14583,4
14584,4
14585,4
14586,4
14588,4
4103,5
14590,4
14591,4
14592,4
14593,4
14594,4
4737,15
14595,4
14596,4
14597,4
14598,4
14599,4
3345,5
14600,4
14601,5
14602,4
14603,4
07591,3
14604,4
14605,4
14606,4
14607,4
14608,4
14609,4
14610,4
14611,4
08175,1
14612,4
14613,4
14614,4
14615,4
14617,4
14618,4
4702,5
14620,4
14621,4
4438,6
14622,4
14623,4
14624,4
14625,4
14626,4
14627,4
14628,4
14629,4
14630,4
14631,4
14632,4
14633,4
14634,4
14635,4
14636,4
14637,4
14638,4
14639,4
14640,4
14641,4
14642,4
14643,4
14644,4
14645,4
14646,4
06107,2
14647,4
14648,4
14649,4
14650,4
14651,5
14652,4
04881,1
14653,4
4843,6
14654,4
3966,5
14655,4
14656,4
14657,4
14658,4
14659,4
14660,4
14661,4
14662,4
14663,4
1745,11
14664,4
14665,4
14666,4
14668,4
3887,4
14669,4
14670,4
14671,4
14672,4
14673,4
14674,4
14675,4
14676,4
03641,1
14677,4
04803,1
14678,4
2632,9
14679,4
14680,6
14681,4
14682,4
4516,4
14683,4
14684,4
14685,4
14686,4
14687,4
2688,3
14688,4
14689,4
14690,4
14691,4
03291,1
14692,4
14693,4
14694,4
14695,4
14697,4
14698,4
14699,4
14700,4
14701,4
14702,4
14703,4
1122,4
14704,4
4322,4
14705,4
14706,4
14707,4
14708,4
14709,4
14710,4
14711,4
14712,4
04713,1
14713,4
14714,4
14715,4
01598,1
14716,4
14717,4
14718,4
14719,4
14720,4
14721,4
14722,4
14723,4
14724,4
14725,4
07178,2
14727,4
09241,1
14728,4
14729,4
14730,4
14731,4
14732,4
03549,1
14733,4
14734,4
14735,4
14736,4
14737,4
14738,4
14739,4
14740,4
14741,4
14742,4
14743,4
4623,5
14744,4
14745,4
14746,4
06975,2
14747,4
14748,4
14749,4
14750,4
14751,4
14752,4
14753,4
14754,4
14755,4
14756,4
14757,4
14758,4
14759,4
14760,4
14761,4
14762,4
14763,4
14764,4
14765,4
14766,4
14767,4
14768,4
14769,4
14770,4
14771,4
14772,4
14773,4
14774,4
3797,4
14775,4
14776,4
2949,2
14777,4
2805,3
14779,4
05559,1
14780,4
14781,4
14782,4
14783,4
14784,4
14785,4
14786,4
14787,4
14788,4
14789,4
14790,4
002336,1
14791,4
14792,4
06312,1
14793,4
14794,4
14795,4
14796,4
14797,4
14798,4
14799,4
14800,4
14801,4
0615,1
14802,4
04735,4
14803,4
14805,4
14806,4
14807,4
14808,4
14810,4
14811,4
14812,4
14813,4
14814,4
14815,4
14816,4
14817,4
14818,4
14819,4
14820,4
14821,4
14822,4
04067,1
14823,4
14824,4
14825,4
14826,4
14827,4
08065,3
14828,4
14829,4
14830,4
14831,4
14832,4
1301,4
14833,4
14834,4
14835,4
1642,2
14836,4
14837,4
14838,4
14839,4
14840,4
14841,4
14842,4
14843,4
14844,4
14845,4
14846,4
01819,1
14847,4
14848,4
14849,4
14850,4
14851,4
0583,1
14852,4
14853,4
14854,4
14855,4
14856,4
14857,4
14858,4
14859,4
03854,2
14860,4
14861,4
14862,4
1876,4
14863,4
14864,4
3272,7
14865,4
14866,4
14867,4
14868,4
14869,4
14870,4
14871,4
14872,4
05696,2
14873,4
14874,4
14875,4
14876,4
14877,4
14878,4
14879,4
14880,4
14881,4
14882,4
14883,4
14884,4
05439,1
14885,4
0853,1
14886,4
14887,4
14888,4
4982,3
14889,4
14890,4
14891,4
14892,4
14893,4
14894,4
14895,4
14896,4
14898,4
14899,4
14900,4
01838,1
14901,4
14902,4
14903,4
14904,4
14905,4
14906,4
14907,4
14908,4
14909,4
14910,4
14911,4
14912,4
14913,4
14914,4
14915,4
14916,4
2221,6
14917,4
14918,4
14919,4
14920,4
14922,4
14923,4
14924,4
001911,1
14925,4
14926,4
14927,4
14928,4
14929,4
14930,4
14931,4
14932,4
14933,4
14934,4
14935,4
14936,4
14937,4
14938,4
14939,4
14940,4
14941,4
14942,4
14943,4
14944,4
14945,4
14946,4
14947,4
14948,4
14949,4
14950,4
14951,4
14952,4
01133,1
14953,4
14954,4
14955,4
14956,4
3474,3
14958,4
14959,4
14960,4
14961,4
14962,4
14963,4
14964,4
14965,4
14966,4
14967,4
14968,4
14969,4
14970,4
14971,4
14972,4
14973,4
14974,4
14975,4
14976,4
14977,4
06076,1
14978,4
14979,4
14980,4
3877,4
14981,4
14982,4
14983,4
14984,4
4273,4
14985,4
1838,4
14986,4
14987,4
04147,1
14990,4
4879,4
14992,4
14993,4
14994,4
14995,4
14996,4
14997,4
14998,4
14999,4
15000,6
15001,4
15003,4
15004,4
15005,4
15006,4
15007,4
15008,4
15009,4
15010,4
15011,4
15012,4
15013,4
15014,4
15015,4
15016,4
15017,4
15018,4
15019,4
15020,4
15022,4
02865,1
15023,4
15024,4
0307,1
15025,4
15026,4
4359,4
15027,4
02692,1
15028,4
15029,4
4599,3
15030,4
15031,4
15032,4
15034,4
15035,4
15036,4
15037,4
15038,4
15039,4
15045,4
15048,4
15049,4
15051,4
15052,4
15053,4
15054,4
15055,4
15056,4
03979,1
15059,4
15061,4
15062,4
15063,4
15064,4
15065,4
15066,4
15067,4
15068,4
15069,4
15070,4
15072,4
15073,4
15075,4
15076,4
15077,4
15078,4
15079,4
15080,4
15082,4
15083,4
15084,4
15085,4
15086,4
15087,4
15089,4
15090,4
15091,4
006661,1
15092,4
15093,4
15094,4
15095,4
15096,4
4382,6
15097,4
15098,4
0508,1
15099,4
15100,4
15101,5
15102,4
09839,1
15103,4
15104,4
15105,4
15106,4
15107,4
15108,4
15109,4
15110,4
3692,4
15111,4
15112,4
15113,4
15114,4
15115,4
15116,4
15117,4
15118,4
15119,4
15120,4
15121,4
15122,4
06242,1
15123,4
15124,4
15125,4
15126,4
06939,2
15127,4
15128,4
15129,4
15130,4
15131,4
15132,4
15133,4
15134,4
15135,4
15136,4
15137,4
15138,4
15139,4
15141,5
15142,4
15143,4
15144,4
15145,4
15146,4
15148,4
15149,4
15150,4
15151,4
15152,5
15153,5
1417,4
15154,4
2365,4
15155,4
15156,4
3875,3
15157,4
2488,11
15158,4
15159,4
15160,4
15161,4
15162,4
15163,4
15164,4
15165,4
15166,4
15168,4
15169,4
15172,4
4746,2
15173,4
15174,4
15175,4
15176,4
15177,4
0859,1
15178,4
15179,4
15180,4
15181,4
15182,4
15183,4
15184,4
4838,6
15185,4
15186,4
08889,2
15187,4
15188,4
15189,4
15190,4
15191,4
15192,4
15193,4
15194,4
15195,4
15196,4
15197,4
15198,4
15199,4
15200,4
15201,5
15202,4
15203,4
15204,4
15205,4
15206,4
15207,4
00811,1
15208,4
15209,4
04579,1
15210,4
15211,4
15212,4
15213,4
15214,4
15215,4
15216,4
15217,4
15218,4
15219,4
4983,3
15220,4
15221,4
15222,4
15223,4
15224,4
15225,4
15226,4
15227,4
15228,4
15229,4
15230,4
15231,4
008149,1
15232,4
15233,4
06171,1
15235,4
15236,4
15237,4
15238,4
2798,5
15239,4
4861,5
15240,4
3576,5
15243,4
15244,4
15245,4
15247,4
15248,4
3643,10
15249,4
15250,4
15251,4
15252,4
15253,4
15254,4
15255,4
15256,4
15257,4
3184,5
15258,4
1363,7
15259,4
15260,4
1823,4
15261,4
15262,4
15263,4
15264,4
15265,4
4361,4
15266,4
15267,4
15268,4
15269,4
15270,4
15271,4
15272,4
3018,7
15273,4
15274,4
15275,4
15276,4
15277,4
15278,4
15279,4
15280,4
4137,3
15282,4
15285,4
15286,4
15287,4
15288,4
15289,4
15290,4
15291,4
15292,4
15293,4
15294,4
15296,4
15297,4
15298,4
15299,4
15300,4
15301,5
2152,6
15303,4
15304,4
15305,4
15306,4
15307,4
15308,4
15309,4
15310,4
4855,6
15311,4
15312,4
15313,4
05781,1
15314,4
403e,3
15315,4
15316,4
15317,4
15318,4
15319,4
3948,3
15320,4
15321,4
15322,4
15323,4
15324,4
15325,4
15327,4
15328,4
15329,4
15330,4
15331,4
15332,4
15333,4
15334,4
15335,4
15336,4
15337,4
15338,4
15339,4
4961,5
15340,4
15341,4
15342,5
15343,4
1067,9
15344,4
2818,4
15346,4
15347,4
15348,4
1596,3
15349,4
15350,4
15351,5
15352,4
15353,4
15354,4
15355,4
15356,4
15357,4
15358,4
3185,6
15360,4
15361,4
2623,9
15362,4
15363,4
15364,4
15365,4
15366,4
15367,4
2192,2
15368,4
15369,4
15370,4
15371,4
15372,4
15373,4
06492,1
15375,4
3495,6
15376,4
15377,4
15378,4
15379,4
15380,4
15381,4
15382,4
15383,4
15384,4
15385,4
15386,4
15387,4
15388,4
15389,4
15390,4
15391,4
15392,4
15393,4
15394,4
15395,4
15396,4
15398,4
15399,4
15400,4
15401,5
15402,4
15403,4
15404,4
15405,4
15406,4
15407,4
15408,4
15409,4
15410,4
15411,4
15412,4
15413,4
15414,4
15415,4
15416,4
15417,4
15418,4
15419,4
15420,4
15421,4
15422,4
15423,4
15424,4
15425,4
4315,6
15426,4
15427,4
15428,4
15429,4
15430,4
15431,4
15432,4
04341,1
15433,4
15434,4
15435,4
15436,4
15437,4
15438,4
15440,4
15441,4
15442,4
15443,5
09649,1
15444,4
15445,4
15446,4
15447,4
15448,4
15449,4
15450,4
15451,5
15452,4
15453,4
15454,4
15455,4
15456,4
15457,4
15458,4
15459,4
3965,2
15460,4
15461,4
15462,4
15463,4
15464,4
15465,4
15466,4
15467,4
15468,4
15469,4
15470,4
15471,4
15472,4
15473,4
15474,4
15475,4
06272,1
15476,4
06464,1
15477,4
4518,3
15478,4
15479,4
15480,4
15481,4
15482,4
15483,4
15484,4
15485,4
15486,4
15487,4
15488,4
15489,4
15490,4
3901,3
15491,4
01505,1
15492,4
15493,4
15494,4
15495,4
15496,4
15497,4
15498,4
15499,4
15500,4
15501,4
15502,4
15503,4
15504,4
15505,4
15506,4
02514,2
15507,4
15508,4
2941,3
15509,4
15510,4
15511,4
15512,4
15513,4
15514,4
15515,4
15516,4
4988,7
15517,4
3261,4
15518,4
4039,3
15519,4
05302,3
15520,4
0249,1
15521,4
15522,4
15523,4
15524,4
05123,1
15525,4
15526,4
1023,7
15527,4
15528,4
15529,4
15530,4
15531,4
4672,3
15532,4
15533,4
15534,4
15535,4
15536,4
15537,4
15538,4
15539,4
15540,4
15541,4
15543,4
05036,3
15544,4
15545,4
15546,4
15547,4
15548,4
15549,4
15550,4
15551,4
15552,4
3707,3
15553,4
15554,4
15555,4
15556,4
15557,4
15558,4
3367,3
15559,4
15560,4
15561,4
3991,5
15562,4
15563,4
15564,4
15565,4
15566,4
4426,5
15568,4
15569,4
15570,4
15571,4
15572,4
15573,4
15574,4
15575,4
15576,4
15577,4
04981,1
15578,4
15579,4
15580,4
15581,4
15582,4
15583,4
15584,4
03297,1
15585,4
15586,4
15587,4
15588,4
1337,4
15589,4
15590,4
15591,4
15592,4
15593,4
15594,4
15595,4
15596,4
15597,4
15598,4
15599,4
15600,4
15601,5
15602,4
15603,4
15604,4
15605,4
15606,4
005144,1
15607,4
15608,4
15609,4
15610,4
15611,4
15612,4
15613,4
15614,4
0879,1
15615,4
15616,4
15617,4
15618,4
15619,4
15620,4
15621,4
15622,4
2778,2
15623,4
15624,4
15625,4
04202,2
15626,4
15627,4
3842,4
15628,4
15629,4
15630,4
15631,4
15632,4
15633,4
15634,4
15635,4
15636,4
15637,4
3213,4
15638,4
15639,4
15640,4
15641,4
15642,4
15643,4
15644,4
15645,4
15646,4
15647,4
2429,4
15648,4
15649,4
15650,4
15651,4
15652,4
07222,2
15653,4
15654,4
15655,4
15656,4
15657,4
15658,4
2665,4
15659,4
15660,4
15661,4
15662,4
15663,4
15664,4
15665,4
15666,4
15667,4
02348,1
15668,4
15669,4
15670,4
15671,4
1619,2
15672,4
15673,4
15674,4
15675,4
02112,1
15676,4
15677,4
15678,4
15679,4
15680,4
15681,4
15682,4
15683,4
15684,4
15685,4
15686,4
15687,4
15688,4
15689,4
15690,4
004161,1
15691,4
15692,4
15693,4
15694,4
15695,4
15696,4
15698,4
15699,4
15700,4
15701,5
15702,4
15703,4
15704,4
15705,4
15706,4
15707,4
15708,4
01655,1
15709,4
0764,1
15710,4
4526,2
15711,4
15712,4
15713,4
15714,4
15715,4
15716,4
15718,4
02311,1
15719,4
15720,4
09539,1
15721,4
15722,4
15723,4
15724,4
15725,4
15726,4
15727,4
15728,4
15729,4
15730,4
15731,4
15732,4
1031,3
15733,4
15734,4
15735,4
15736,4
15737,4
4596,6
15738,4
15739,4
15740,4
15741,5
15742,4
15743,4
15744,4
15745,4
15746,4
15747,4
15748,4
15749,4
15750,4
15751,5
15752,5
15753,4
15754,4
15755,4
15756,4
15757,4
07133,1
15758,4
15759,4
15760,4
15761,4
15762,4
15763,4
15764,4
08317,1
15765,4
15766,4
15767,4
15768,4
15769,4
15770,4
3818,3
15771,4
15772,4
15775,4
15776,4
15777,4
15778,4
15779,4
15780,4
15781,4
15782,4
15783,4
15785,4
15786,4
15787,4
15788,4
15789,4
3411,1
15790,4
1148,3
15791,4
06455,1
15792,4
15793,4
15794,4
15796,4
15797,4
15798,4
15799,4
15800,4
15801,5
15802,4
15803,4
15804,4
15805,4
15806,4
15807,4
15808,4
15809,4
15810,4
4641,2
15811,4
15812,4
15813,4
15814,4
15815,4
15816,4
15817,4
15818,4
15819,4
15820,4
15821,4
15822,4
15823,4
15824,4
15825,4
15826,4
15827,4
15828,4
15829,4
15830,4
15831,4
15832,4
15833,4
07338,2
15834,4
15835,4
15836,4
15837,4
15838,4
15839,4
15840,4
15841,5
15842,5
15843,4
06904,2
15844,4
15845,4
15846,4
15847,4
15849,4
15850,4
15851,4
15852,4
15853,4
15854,4
2816,7
15855,4
15856,4
15857,4
15858,4
001986,2
15859,4
15860,4
15861,5
15862,4
15863,4
15864,4
15865,4
15866,4
15867,4
15868,4
15869,4
4538,7
15870,4
15871,4
15872,4
15873,4
15874,4
15875,4
15876,4
15877,4
15878,4
15879,4
15880,4
15881,4
15882,4
4969,1
15883,4
15884,4
15885,4
15886,4
15887,4
15888,4
15889,4
003053,1
15890,4
103e,3
15891,4
15892,4
15893,4
15894,4
15895,4
15896,4
15897,4
4695,8
15898,4
2119,6
15899,4
15900,4
15901,4
15902,4
1639,7
15903,4
15904,4
15905,4
15906,4
15907,4
1015,3
15908,4
15909,4
15910,4
15912,4
15913,4
15914,4
15915,4
15916,4
15917,4
15918,4
15919,4
15920,4
15921,4
15922,4
15923,4
15924,4
15925,4
15926,4
15927,4
15928,4
15929,4
08829,2
15930,4
15931,4
1613,2
15932,4
15933,4
15934,4
15935,4
15936,4
15937,4
15938,4
2751,4
15939,4
15940,4
15941,4
15942,4
15943,4
15944,4
06216,2
15945,4
09769,3
15946,4
15947,4
15948,4
15949,4
2682,4
15950,4
15951,4
15952,4
15953,4
15954,4
15955,4
15956,4
15957,4
15958,4
15959,4
4447,3
15960,4
15961,4
15962,4
15963,4
15964,4
15965,4
15966,4
15967,4
15968,4
15969,4
15970,4
15971,4
15972,4
15973,4
15974,4
15975,4
15976,4
15977,4
15978,4
15979,4
08566,2
15980,4
15981,4
15982,4
15983,4
15984,4
15985,4
15986,4
15987,4
15988,4
15989,4
15990,4
15991,4
08064,2
15992,4
15993,4
15994,4
15995,4
15996,4
15997,4
15998,4
15999,4
16000,4
16001,4
3364,3
16002,4
16003,4
16004,4
16005,4
16006,4
16007,4
16009,4
4895,4
16010,4
16011,4
16012,4
16013,4
16014,4
05438,1
16015,4
16016,4
16017,4
16018,4
16019,4
16020,4
16021,4
16022,4
1344,4
16023,4
16024,4
01463,1
16025,4
16026,4
16027,4
16028,4
2341,5
16029,4
16030,4
16031,4
16032,4
16033,4
16034,4
16035,4
16036,4
009848,1
16037,4
16038,4
16039,4
16040,4
16041,4
16042,4
16043,4
16044,4
16045,4
16046,4
16047,4
00976,1
16048,4
16049,4
16050,4
16051,4
16052,4
16053,4
16054,4
3491,3
16055,4
08746,1
16056,4
16057,4
16058,4
16059,4
3423,5
16060,4
16061,4
16062,4
16063,4
16064,4
4713,10
16065,4
4849,5
16066,4
16067,4
16068,4
16069,4
16070,4
16071,4
07261,1
16072,4
16073,4
16074,4
16075,4
16076,4
16077,4
16078,4
16079,4
16080,4
16081,4
16082,4
16083,4
16084,4
16085,4
16086,4
16087,4
16088,4
16089,4
16090,4
16091,4
16092,4
16093,4
16094,4
16095,4
16096,4
16097,4
16098,4
16099,4
16100,4
07368,1
16101,5
16102,4
16103,4
16104,4
16105,4
0584,1
16106,4
16107,4
08976,2
16108,4
16109,4
16110,4
16111,4
3558,4
16112,4
16113,4
16114,4
04699,1
16115,4
16116,4
16117,4
16118,4
16119,4
16120,4
16121,4
16122,4
16123,4
16124,4
16125,4
16126,4
3648,3
16127,4
16128,4
16129,4
16130,4
16131,4
16132,4
16133,4
16134,4
16135,4
16136,4
16137,4
16138,4
16139,4
16140,4
16141,4
16142,4
16143,4
16144,4
16145,4
16146,4
16147,4
16148,4
16149,4
16150,4
16151,5
16152,4
16153,4
16154,4
16155,4
16156,4
16157,4
16158,4
16159,4
16160,4
16161,4
16162,4
16163,4
16164,4
16165,4
16166,4
16167,4
16168,4
16169,4
16170,4
16171,4
04911,2
16172,4
16173,4
16174,4
16175,4
16176,4
16177,4
16178,4
16179,4
16180,4
16181,4
1495,4
16182,4
16183,4
16184,4
16185,4
2641,7
16186,4
16187,4
16188,4
16189,4
16190,4
16191,4
16192,4
4802,7
16193,4
16194,4
16195,4
4719,7
16196,4
4551,4
16197,4
16198,4
16199,4
16200,4
16201,5
16202,4
16203,4
16204,4
16205,4
16206,4
16207,4
16208,4
16209,4
16210,4
16211,4
16212,4
07959,1
16213,4
16214,4
16215,4
16216,4
16217,4
07926,2
16218,4
2701,7
16219,4
16220,4
16221,4
16222,4
16223,4
16224,4
16225,4
16226,4
16228,4
16229,4
16230,4
16231,4
16232,4
16233,4
16234,4
16235,4
16236,4
16237,4
16238,4
16239,4
16240,4
16241,4
4095,9
16242,4
16243,4
16244,4
16245,4
16246,4
16247,4
16248,4
16249,4
16250,4
16251,5
16252,5
16253,4
16254,4
16255,4
16256,4
16257,4
16258,4
16259,4
16260,4
16261,4
16262,4
16263,4
16264,4
16265,4
16266,4
16267,4
16268,4
16269,4
16270,4
16271,4
16272,4
16273,4
16274,4
16275,4
4564,5
16276,4
08119,1
16277,4
16278,4
16279,4
16280,4
03749,1
16281,4
16282,4
16283,4
16284,4
16285,4
16286,4
16287,4
16288,4
16289,4
16290,4
16291,4
16292,4
16293,4
16294,4
16296,4
1634,3
16297,4
16298,4
16299,4
3153,6
16300,4
16301,4
16302,4
16303,4
16304,4
0281,1
16305,4
16306,4
16307,4
16308,4
16309,4
16310,4
16311,4
05342,2
16312,4
16313,4
16314,4
16316,4
16317,4
16318,4
2657,4
16319,4
16320,4
16321,4
2873,5
16322,4
16323,4
16324,4
16325,4
04663,1
16326,4
16327,4
16328,4
16329,4
16330,4
16331,4
16332,4
4608,6
16333,4
16334,4
16335,4
16336,4
16337,4
16338,4
16339,4
16340,4
16341,4
16342,4
16343,4
16344,4
16345,4
09496,1
16346,4
16347,4
16348,4
16349,4
16350,4
16351,4
16352,4
16354,4
16355,4
16356,4
16357,4
16358,4
08507,3
16359,4
16360,4
16361,4
16362,4
16363,4
16364,4
16365,4
16366,4
16367,4
16368,4
16369,4
16370,4
16371,4
16372,4
16373,4
16374,4
16375,4
16376,4
16377,4
16378,4
16379,4
16380,4
16381,4
16382,4
16383,4
16385,4
16386,4
16387,4
16388,4
16389,4
16390,4
16391,4
16392,4
16393,4
16394,4
4286,6
16395,4
16396,4
16398,4
16399,4
16400,4
16401,4
16402,4
16403,4
16404,4
16405,4
16406,4
16407,4
3744,4
16408,4
16409,4
16410,4
16411,4
3176,4
16412,4
16413,4
16414,4
16415,4
16416,4
3357,4
16417,4
16418,4
16419,4
16420,4
16421,4
16422,4
16423,4
16424,4
16425,4
02963,1
16426,4
16427,4
16428,4
16429,4
16430,4
16431,4
16432,4
16433,4
1374,6
16434,4
4723,3
16435,4
16436,4
16437,4
16438,4
16439,4
16440,4
16441,4
16442,4
16443,4
16444,4
16445,4
16446,4
16447,4
16448,4
16449,4
16450,4
16451,4
16452,4
16453,4
16454,4
16455,4
16456,4
16457,4
16458,4
16459,4
16460,4
16461,4
16462,4
16463,4
16464,4
16465,4
16466,4
16467,4
16468,4
16469,4
16470,4
16471,4
1841,6
16472,4
16473,4
16474,4
16475,4
16476,4
16477,4
16478,4
04592,2
16479,4
16480,4
16481,4
16482,4
16483,4
16484,4
16485,4
16486,4
16487,4
1151,9
16488,4
16489,4
16490,4
16491,4
16492,4
16493,4
16494,4
09937,1
16495,4
16496,4
16497,4
16498,4
2681,3
16499,4
07969,1
16500,4
0683,1
16501,5
16502,4
16503,4
16504,4
16505,4
16506,4
16507,4
16508,4
16509,4
2368,3
16510,4
16511,4
16513,4
16514,4
16515,4
16516,4
16517,4
16518,4
16519,4
16520,4
16521,4
16522,4
16524,4
16525,4
16526,4
16527,4
16528,4
16529,4
16530,4
16531,4
07176,1
16532,4
16533,4
16534,4
16535,4
16536,4
16537,4
16538,4
16539,4
16540,4
16541,4
16542,4
16543,4
16544,4
16545,4
16546,4
16547,4
16548,4
16549,4
3139,11
16550,4
2063,8
16551,5
16552,4
16553,4
16554,4
16555,4
16556,4
16557,4
3164,6
16558,4
3561,2
16559,4
16560,4
4532,5
16561,4
1498,3
16562,4
16563,4
16564,4
16565,4
16566,4
04012,1
16567,4
09741,1
16568,4
16569,4
16570,4
16571,4
16572,4
16573,4
16574,4
04006,2
16575,4
2786,3
16576,4
2624,6
16577,4
16578,4
3197,2
16579,4
16580,4
16581,4
16582,4
16583,4
16584,4
16585,4
3376,6
16586,4
16587,4
16588,4
2576,5
16589,4
16590,4
16591,4
16592,4
02971,2
16593,4
16594,4
16595,4
16596,4
16597,4
02769,1
16598,4
16599,4
16600,4
16601,5
16602,4
16603,4
16604,4
16605,4
16606,4
16607,4
16608,4
16609,4
2074,5
16610,4
16611,4
08394,2
16612,4
16613,4
16614,4
2304,3
16615,4
16616,4
16617,4
16618,4
16619,4
16620,4
16621,4
16622,4
16623,4
16624,4
16625,4
16626,4
4403,5
16627,4
16628,4
16629,4
16630,4
16631,4
16632,4
16633,4
16634,4
16635,4
16636,4
16637,4
16638,4
16639,4
3303,2
16640,4
02618,1
16641,4
16642,4
16643,4
16644,4
16645,4
3565,4
16646,4
16647,4
16648,4
16649,4
06069,2
16650,4
16651,5
16652,4
16653,4
16654,4
16655,4
16657,4
16658,4
07973,1
16659,4
16660,4
16662,4
1733,7
16663,4
16664,4
16665,4
007992,1
16666,4
16667,4
16668,4
16669,4
16670,4
4494,7
16671,4
16672,4
16673,4
16674,4
16675,4
16676,4
16677,4
16678,4
16679,4
16680,4
16681,4
16682,4
16683,4
16684,4
16685,4
16686,4
16687,4
16688,4
16689,4
16690,4
16691,4
16692,4
16693,4
16694,4
16695,4
16696,4
16697,4
16698,4
16699,4
16700,4
16701,4
16702,4
16703,4
16704,4
16705,4
06004,1
16706,4
16707,4
16709,4
16710,4
09092,1
16711,4
16712,4
16713,4
4864,2
16714,4
16715,4
16716,4
16717,4
16718,4
16719,4
16720,4
16721,4
007668,1
16722,4
16723,4
01988,2
16724,4
16725,4
16726,4
16727,4
16728,4
16729,4
16730,4
16731,4
16732,4
16733,4
16734,4
16735,4
16736,4
16737,4
16738,4
16739,4
16740,4
16741,4
16742,4
16743,4
16744,4
16745,4
16746,4
16747,4
16748,4
16749,4
16750,4
16751,4
16752,4
16753,4
16754,4
2868,5
16755,4
16756,4
16757,4
16758,4
16759,4
4006,4
16760,4
16761,4
16762,4
16763,4
16764,4
16765,4
4953,6
16766,4
16767,4
16768,4
16769,4
16770,4
16771,4
16772,4
16773,4
16774,4
16775,4
16776,4
16777,4
16778,4
16779,4
16780,4
16781,4
16782,4
09903,1
16783,4
16784,4
16785,4
16786,4
16787,4
16788,4
16789,4
16790,4
16791,4
16792,4
16793,4
16794,4
3271,8
16795,4
16796,4
16797,4
06336,1
16798,4
16799,4
16800,4
16801,4
16803,4
16804,4
16805,4
16806,4
16807,4
16808,4
16809,4
16810,4
16811,4
16812,4
16813,4
16814,4
16815,4
16816,4
16817,4
16818,4
16819,4
16820,4
16821,4
16822,4
16823,4
16824,4
16825,4
16826,4
16827,4
16828,4
16829,4
16830,4
16831,4
16832,4
16833,4
2728,4
16834,4
16835,4
16836,4
16837,4
16838,4
16839,4
03649,3
16840,4
16841,4
16842,4
16843,4
16844,4
16845,4
16846,4
03048,1
16847,4
16848,4
16849,4
16850,4
16851,4
16852,4
16853,4
16854,4
16855,4
16856,4
16857,4
3161,3
16858,4
16859,4
16860,4
16861,4
16862,4
16863,4
16864,4
16865,4
16866,4
09526,1
16867,4
16868,4
16869,4
04377,3
16870,4
16872,4
16873,4
16874,4
16875,4
16876,4
16877,4
16878,4
16879,4
005299,1
16880,4
16881,4
16882,4
16883,4
16884,4
16885,4
16886,4
16887,4
16888,4
09827,1
16889,4
16890,4
16891,4
16892,4
16893,4
16894,4
16895,4
16896,4
16897,4
16898,4
16899,4
16900,4
16901,5
16902,4
16903,4
16904,4
16905,4
16906,4
16907,4
16908,4
3041,7
16909,4
16910,4
16911,4
16912,4
16913,4
16914,4
0785,1
16915,4
16916,4
16917,4
16918,4
16919,4
16920,4
16921,4
16922,4
16923,4
16924,4
16925,4
06895,1
16926,4
16927,4
16928,4
16929,4
16930,4
16931,4
16932,4
16933,4
16934,4
16935,4
16936,4
16937,4
16938,4
16939,4
16940,4
16941,5
16942,4
16943,4
16944,4
16945,4
16946,4
16947,4
16948,4
16949,4
16950,4
16951,5
01859,1
16952,5
16953,4
16954,4
01246,2
16955,4
16956,4
16957,4
2948,8
16958,4
16959,4
16960,4
16961,4
16962,4
006479,1
16963,4
16964,4
16965,4
16966,4
16967,4
16968,4
16969,4
16970,4
16971,4
16973,4
3379,9
16974,4
16975,4
16976,4
16977,4
16978,4
16979,4
16980,4
16981,4
16982,4
16983,4
16984,4
16985,4
2229,2
16987,4
16989,4
16990,4
16991,4
16992,4
16993,4
4234,5
16994,4
16995,4
16996,4
16997,4
16998,4
16999,4
17000,4
17001,4
17002,4
17003,4
17004,4
17005,4
17006,4
17007,4
17008,4
17009,4
17010,4
17011,4
17012,4
17013,4
17014,4
17015,4
17016,4
17017,4
17018,4
17019,4
17020,4
17021,4
17022,4
17023,4
17024,4
4603,10
17025,4
17026,4
17027,4
1418,8
17029,4
17030,4
17031,4
17032,4
17033,4
17034,4
17035,4
17036,4
17037,4
17038,4
17039,4
17040,4
3108,6
17041,4
17042,4
17043,4
17044,4
17045,4
17046,4
17047,4
17048,4
17049,4
17050,4
17051,4
17052,4
3866,3
17053,4
17054,4
17055,4
17056,4
17057,4
17058,4
17059,4
17060,4
17061,4
17062,4
17063,4
17064,4
17065,4
17066,4
17067,4
17068,4
17069,4
17070,4
0915,1
17072,4
17073,4
17074,4
17075,4
0224,1
17076,4
08224,3
17077,4
17079,4
17080,4
17081,4
17082,4
17083,4
17084,4
17085,4
3636,2
17086,4
17087,4
17088,4
17089,4
17090,4
17091,4
17092,4
17093,4
17094,4
17095,4
17096,4
01842,3
17097,4
17098,4
17099,4
17100,4
17101,4
1427,4
17102,4
17103,4
17104,4
3361,8
17107,4
17108,4
17109,4
17110,4
4469,8
17111,4
04708,2
17112,4
17113,4
17114,4
17115,4
17116,4
17117,4
17118,4
17120,4
17121,4
17122,4
17123,4
17124,4
17125,4
0222,1
17126,4
17127,4
17128,4
17129,4
17130,4
17131,4
17132,4
17134,4
17135,4
17136,4
17137,4
17138,4
17139,4
4522,7
17140,4
17141,4
17142,4
17143,4
17144,4
17145,4
17146,4
17147,4
17148,4
17149,4
17150,4
2811,4
17151,4
17152,4
17153,4
17154,4
4562,4
17155,4
17156,4
17157,4
17158,4
17159,4
17160,4
17161,4
17162,4
02519,1
17163,4
17164,4
17165,4
17166,4
17167,4
17168,4
17169,4
17170,4
17171,4
0522,2
17172,4
17173,4
04372,1
17174,4
17175,4
17176,4
17177,4
17178,4
17179,4
17180,4
17181,4
17182,4
17183,4
17185,4
17186,4
17187,4
17188,4
17189,4
003787,1
17190,4
17191,4
17192,4
17193,4
03607,2
17194,4
17195,4
17196,4
17197,4
17198,4
17199,4
17200,4
17201,4
17202,4
17203,4
17204,4
04983,1
17205,4
17206,4
17207,4
17208,4
17209,4
17210,4
17211,4
17212,4
17213,4
17214,4
17215,4
17216,4
17217,4
17218,4
09221,1
17219,4
17220,4
4388,3
17221,4
17222,4
17223,4
17224,4
1309,10
17225,4
17226,4
17227,4
17228,4
17229,4
17230,4
17231,4
3162,7
17232,4
17233,4
17234,4
17235,4
17236,4
17237,4
17238,4
17239,4
17240,4
17241,4
17242,4
17243,4
17244,4
17245,4
17246,4
17247,4
17248,4
17249,4
17250,5
17251,4
17252,4
2814,3
17253,4
17254,4
17255,4
17256,4
03104,1
17257,4
17258,4
17259,4
17260,4
17261,4
17262,4
17263,4
17264,4
3277,4
17265,4
17266,4
17267,4
17268,4
4977,3
17269,4
17270,4
04833,1
17272,4
17273,4
06254,2
17274,4
17275,4
17276,4
17277,4
17278,4
17279,4
17280,4
4138,3
17281,4
17282,4
17283,4
17284,4
17285,4
17286,4
17287,4
17288,4
17289,4
17290,4
17291,4
17292,4
01277,1
17293,4
17294,4
4314,4
17295,4
17296,4
17297,4
2383,5
17298,4
17299,4
17300,4
17301,5
17302,4
17303,4
17304,4
17305,4
17306,4
17307,4
009114,1
17308,4
17309,4
17310,4
17311,4
17312,4
17313,4
17314,4
17315,4
17316,4
17317,4
17318,4
17319,4
17320,4
17321,4
17322,4
4105,5
17323,4
17324,4
17325,4
4467,8
17326,4
17327,4
17328,4
17329,4
17330,4
17331,4
1697,5
17332,4
17333,4
17334,4
17335,4
17336,4
17337,4
17338,4
17339,4
17340,4
17341,4
17342,4
17343,4
17344,4
17345,4
17346,4
17347,4
17348,4
17350,4
17351,4
17352,4
17353,4
17354,4
17355,4
17356,4
17357,4
17358,4
17359,4
17360,4
17361,4
17362,4
17363,4
17364,4
17365,4
06631,1
17366,4
06146,1
17367,4
17368,4
01151,1
17369,4
09951,1
17370,4
17371,4
17372,4
17373,4
1168,2
17374,4
17375,4
3374,3
17376,4
17377,4
17378,4
17379,4
17380,4
17381,4
17382,4
17383,4
17384,4
17385,4
17386,4
17387,4
17388,4
17389,4
17390,4
17391,4
17392,4
17393,4
17394,4
05516,1
17395,4
06406,1
17396,4
07735,2
17397,4
17398,4
17399,4
17400,4
17401,5
17402,4
17403,4
17404,4
1542,2
17405,4
17406,4
17407,4
17408,4
17409,4
17410,4
17411,4
17412,4
17414,4
07933,1
17415,4
17416,4
17418,4
17419,4
17420,4
17421,4
17422,4
17423,4
17425,4
2132,3
17426,4
17427,4
17428,4
17429,4
17430,4
17431,4
17432,4
003008,1
17433,4
17434,4
17435,4
17436,4
17437,4
17438,4
17439,4
17440,4
17442,4
17443,4
17444,4
17445,4
17446,4
17447,4
17448,4
17449,4
1299,4
17450,4
3902,6
17451,4
17452,4
17453,4
17454,4
17455,4
17456,4
17457,4
17458,4
17459,4
17460,4
03981,1
17461,4
17462,4
3046,5
17463,4
17464,4
17465,4
17466,4
17467,4
17468,4
17469,4
17470,4
17471,4
17472,4
17473,4
17474,4
17475,4
17476,4
17477,4
17478,4
17479,4
17480,4
17481,4
17482,4
17483,4
17484,4
17485,4
17486,4
17487,4
17488,4
17489,4
17490,4
1331,11
17491,4
4381,7
17492,4
3703,11
17493,4
17494,4
17495,4
17496,4
17497,4
17498,4
17499,4
17500,4
17501,4
17502,4
17503,4
17504,4
17505,4
17506,4
17507,4
17508,4
17509,4
04104,1
17510,4
17511,4
17512,4
17513,4
17514,4
17515,4
17516,4
17517,4
05033,1
17518,4
17519,4
17520,4
17521,4
17522,4
3461,7
17523,4
17524,4
4582,7
17525,4
17526,4
17527,4
3469,5
17528,4
17529,4
17530,4
4993,6
17531,4
17532,4
17533,4
17534,4
01806,1
17535,4
17536,4
17537,4
17538,4
17539,4
17540,4
17541,4
17542,4
06677,1
17543,4
17544,4
17545,4
17546,4
17547,4
17548,4
17550,4
17551,4
17552,4
17553,4
17555,4
17556,4
17557,4
17558,4
17559,4
1478,5
17560,4
17561,4
17562,4
17563,4
17564,4
04528,1
17565,4
17566,4
17567,4
17568,4
17569,4
03963,2
17570,4
17571,4
17572,4
17573,4
17574,4
01242,1
17577,4
09105,1
17578,4
17579,4
17580,4
03582,3
17581,4
17582,4
17583,4
17584,4
17585,4
17586,4
02386,1
17587,4
17588,4
17589,4
17590,4
17591,4
17592,4
17593,4
17594,4
17595,4
17596,4
17597,4
17598,4
2322,4
17599,4
17600,4
17601,4
17602,4
17603,4
17604,4
17605,4
17606,4
17607,4
17608,4
17609,4
17610,4
17611,4
17612,4
17613,4
2923,4
17614,4
17615,4
17616,4
17617,4
17618,4
17620,4
17621,4
17622,4
17623,4
3697,5
17624,4
17625,4
17626,4
17627,4
4189,3
17628,4
17629,4
17630,4
17631,4
17632,4
17633,4
17634,4
17635,4
17636,4
17637,4
17638,4
17639,4
17640,4
17641,4
17642,4
17643,4
17644,4
17645,4
17646,4
17647,4
17648,4
3535,6
17649,4
2243,2
17650,4
17651,4
17652,4
17653,4
17654,4
17655,4
17656,4
17657,4
17658,4
17659,4
17660,4
17661,4
17662,4
17663,4
01335,1
17664,4
2547,2
17665,4
17666,4
17667,4
17668,4
17669,4
17670,4
17671,4
17672,4
17673,4
17674,4
17675,4
17676,4
17677,4
2534,6
17678,4
17679,4
17680,4
17681,4
17682,4
17683,4
17684,4
17685,4
17686,4
2974,5
17687,4
17688,4
17689,4
17690,4
17691,4
17692,4
17693,4
17694,4
17695,4
17696,4
17697,4
17698,4
17699,4
06024,2
17700,4
17701,4
17702,4
17703,4
17704,4
17705,4
1629,5
17706,4
17707,4
17708,4
17709,4
17710,4
17711,4
17712,4
17713,4
17714,4
17715,4
4934,4
17716,4
05542,2
17717,4
3301,7
17718,4
17719,4
2215,4
17720,4
17721,4
17722,4
17723,4
17724,4
008632,1
17725,4
17726,4
17727,4
17728,4
17729,4
17730,4
2597,5
17731,4
17732,4
17733,4
17734,4
17735,4
17736,4
17737,4
17738,4
4318,5
17739,4
17740,4
17741,4
17742,4
17743,4
2475,5
17744,4
3835,4
17745,4
17746,4
04768,2
17747,4
17748,4
17749,4
07465,1
17750,4
17751,4
17752,4
17753,4
17754,4
00919,1
17755,4
17756,4
17757,4
17758,4
17759,4
17760,4
17761,4
17762,4
17763,4
17764,4
17765,4
17766,4
2739,9
17767,4
17770,4
17771,4
17773,4
17774,4
17775,4
17776,4
17777,4
17778,4
0525,1
17779,4
17780,4
17781,4
04935,1
17782,4
2451,7
17783,4
17784,4
17785,4
17786,4
17787,4
02346,1
17788,4
17789,4
17790,4
17791,4
1807,5
17792,4
17793,4
17794,4
17795,4
17796,4
17797,4
3644,5
17798,4
4946,4
17799,4
3536,2
17800,4
17801,5
17802,4
2455,6
17803,4
17804,4
17805,4
3617,7
17806,4
17807,4
17808,4
17809,4
17810,4
17811,4
17813,4
17814,4
17816,4
06131,2
17817,4
17818,4
17819,4
17820,4
17821,4
17822,4
17823,4
17824,4
17825,4
2039,8
17827,4
07931,2
17829,4
17830,4
17831,4
17832,4
17833,4
07537,2
17834,4
17835,4
17836,4
003319,1
17837,4
17838,4
17839,4
17840,4
17842,4
17843,4
17844,4
17845,4
3318,6
17846,4
17847,4
17848,4
17849,4
17850,4
17851,5
17852,4
17854,4
17855,4
17856,4
17857,4
17858,4
17859,4
17860,4
4987,3
17861,4
3269,6
17862,4
17863,4
17864,4
17865,4
3855,4
17866,4
17867,4
17868,4
17869,4
17870,4
02157,2
17871,4
17872,4
17873,4
17874,4
17875,4
17876,4
17877,4
17879,4
17880,4
17881,4
17882,4
17883,4
17884,4
3117,3
17885,4
17886,4
17887,4
17888,4
17889,4
17890,4
17891,4
17892,4
17893,4
17894,4
17895,4
17896,4
17897,4
17898,4
17899,4
17900,4
17901,4
17902,4
3886,3
17903,4
17905,4
09328,1
17906,4
1597,6
17907,4
17908,4
3406,4
17909,4
17910,4
17911,4
09528,1
17912,4
17913,4
17914,4
17915,4
17916,4
17917,4
17918,4
17920,4
17921,4
17922,4
17923,4
17924,4
17925,4
17926,4
17927,4
17928,4
17929,4
17930,4
17931,4
17932,4
17933,4
17934,4
17935,4
17936,4
17937,4
17938,4
17939,4
17940,4
17941,4
02605,1
17942,4
17943,4
17944,4
17945,4
17946,4
17947,4
17948,4
17949,4
17950,4
3398,4
17951,4
17952,4
17953,4
17954,4
1545,6
17956,4
17957,4
17958,4
17959,4
17960,4
17961,4
17962,4
17963,4
17964,4
17965,4
17966,4
17967,4
001985,1
17968,4
17969,4
02211,2
17970,4
17971,4
17972,4
17973,4
17974,4
17975,4
17976,4
17977,4
17978,4
17979,4
17980,4
17981,4
17982,4
17983,4
03176,1
17984,4
17985,4
17986,4
17987,4
17989,4
17990,4
17991,4
17992,4
17993,4
17994,4
17995,4
17996,4
17997,4
17998,4
4366,6
17999,4
3337,3
18000,4
18001,4
18002,4
18003,4
18004,4
18005,4
09995,1
18007,4
18008,4
18009,4
18010,4
18011,4
18012,4
18013,4
4791,4
18014,4
18015,4
18016,4
18017,4
18018,4
18019,4
18020,4
18021,4
18022,4
18023,4
18024,4
01919,1
18025,4
18026,4
18027,4
18028,4
04278,1
18029,4
18030,4
1453,3
18031,4
18032,4
18033,4
18034,4
18035,4
18036,4
18037,4
4473,4
18038,4
18039,4
3935,1
18040,4
18041,4
18042,4
18043,4
18044,4
18045,4
18046,4
18047,4
18048,4
18049,4
18050,4
18051,4
18052,4
18053,4
2685,4
18054,4
18055,4
2996,5
18056,4
18057,4
18058,4
18059,4
18060,4
18061,4
18062,4
18063,4
18064,4
18065,4
18066,4
18067,4
4345,6
18068,4
18069,4
18070,4
18071,4
18072,4
18073,4
18074,4
18075,4
18076,4
18077,4
18078,4
18079,4
03434,1
18080,4
18081,4
4689,3
18082,4
18083,4
18084,4
1649,3
18085,4
18086,4
18087,4
18088,4
18089,4
18090,4
18091,4
18092,4
18093,4
18094,4
3969,7
18095,4
18096,4
18097,4
02473,1
18098,4
18099,4
18100,4
18101,5
18102,4
18103,4
18104,4
18106,4
18107,4
18108,4
18109,4
05474,2
18110,4
18111,4
01867,1
18112,4
18113,4
18114,4
18115,4
18116,4
18117,4
18118,4
18119,4
18120,4
18121,4
18122,4
18123,4
18125,4
18126,4
18127,4
18128,4
18130,4
18131,4
18132,4
18133,4
18134,4
18135,4
18136,4
18137,4
18138,4
18139,4
18140,4
18141,4
18142,4
18143,4
18144,4
18145,4
18146,4
18147,4
18148,4
18149,4
18150,4
04468,3
18151,4
1831,3
18152,4
18153,4
18154,4
04445,1
18155,4
18156,4
4444,2
18157,4
18158,4
18159,4
18160,4
18161,4
18162,4
18163,4
1485,2
18164,4
18165,4
18166,4
18167,4
18168,4
0938,1
18169,4
18170,4
18171,4
18172,4
18173,4
18174,4
18175,4
18176,4
18177,4
3243,4
18178,4
18179,4
18180,4
18181,4
18182,4
18183,4
18184,4
18185,4
18186,4
18187,4
18188,4
18189,4
18190,4
18191,4
18192,4
18193,4
18194,4
18195,4
18196,4
18197,4
18198,4
18199,4
18200,4
18201,4
18202,4
18203,4
18204,4
18205,4
18206,4
18207,4
18208,4
18209,4
18210,4
18211,4
18212,4
18213,4
18214,4
18215,4
18216,4
18217,4
18218,4
18219,4
18220,4
18221,4
18222,4
18223,4
18224,4
18226,4
18227,4
18228,4
18229,4
18230,4
18231,4
18232,4
18233,4
18234,4
18235,4
18236,4
18237,4
18238,4
18239,4
18240,4
18241,4
18242,4
18243,4
18244,4
18245,4
18246,4
2746,7
18247,4
18248,4
18249,4
18250,4
18251,4
18252,4
18253,4
18254,4
18255,4
18256,4
18257,4
18258,4
18259,4
005663,1
18260,4
04943,2
18261,4
18262,4
18264,4
18265,4
18266,4
18267,4
18268,4
18269,4
18270,4
4418,3
18271,4
18272,4
18273,4
18274,4
1874,5
18275,4
18276,4
2784,5
18277,4
05261,3
18278,4
18279,4
18280,4
18281,4
18282,4
18283,4
18284,4
18285,4
18286,4
18287,4
1564,1
18288,4
02153,2
18289,4
18290,4
08378,2
18291,4
18292,4
02824,1
18293,4
18294,4
18295,4
18296,4
18297,4
18298,4
18299,4
18300,4
18301,4
1131,4
18302,4
18303,4
18304,4
18305,4
0793,2
18307,4
18308,4
18309,4
18310,4
18311,4
18312,4
18313,4
18314,4
18315,4
18316,4
18317,4
18318,4
18319,4
18320,4
02431,1
18321,4
18322,4
18323,4
4774,4
18324,4
18325,4
18326,4
18327,4
18328,4
18329,4
18330,4
18331,4
18332,4
18333,4
18334,4
18335,4
18336,4
18337,4
18338,4
18339,4
3525,6
18340,4
18341,4
18342,4
3037,2
18343,4
3196,3
18344,4
18345,4
18346,4
18347,4
2135,9
18348,4
18349,4
18350,4
08532,1
18351,4
18352,4
18353,4
18354,4
18355,4
18356,4
18357,4
18358,4
3747,1
03002,1
18360,4
18361,4
18362,4
18363,4
18364,4
18365,4
18366,4
04282,1
18367,4
18368,4
3195,3
18369,4
18370,4
18371,4
18372,4
18373,4
1057,5
18374,4
18375,4
18376,4
18377,4
18378,4
18379,4
18380,4
18381,4
18382,4
18383,4
18384,4
0568,1
18385,4
18386,4
18387,4
18388,4
18389,4
18390,4
18391,4
18392,4
18393,4
18394,4
18395,4
18396,4
1785,6
18397,4
18398,4
3275,4
18399,4
18400,4
18401,4
18402,4
18403,4
18404,4
18405,4
18406,4
2078,6
18407,4
18408,4
18409,4
18410,4
18411,4
18412,4
0695,1
18413,4
18414,4
18415,4
18416,4
18417,4
18418,4
18419,4
18420,4
18421,4
18422,4
18423,4
18424,4
18425,4
08816,2
18426,4
18427,4
18428,4
18429,4
18430,4
18431,4
18432,4
18433,4
18434,4
4677,4
18435,4
18436,4
4459,4
18437,4
18438,4
18440,4
18441,4
18442,4
18443,4
18444,4
08127,1
18445,4
18446,4
02155,1
18447,4
03785,2
18448,4
18449,4
18450,4
2345,4
18451,4
18452,4
18453,4
18454,4
18455,4
18456,4
18457,4
18458,4
18459,4
18460,4
18461,4
18462,4
18463,4
18464,4
18465,4
18466,4
18467,4
18468,4
18469,4
18470,4
18471,4
18472,4
18473,4
05822,1
18474,4
05277,2
18475,4
18476,4
18477,4
18478,4
18479,4
2079,2
18480,4
18481,4
18482,4
18483,4
18484,4
02789,1
18485,4
18486,4
18487,4
18488,4
18489,4
18490,4
02962,1
18491,4
18492,4
18493,4
18494,4
18495,4
18496,4
18497,4
18498,4
18499,4
18500,4
18501,5
3047,2
18502,5
18503,4
18504,4
18505,4
18506,4
18507,4
18508,4
18509,4
18510,4
07374,2
18511,4
18512,4
18513,4
18514,4
02979,2
18515,4
002743,1
18516,4
18517,4
18518,4
18519,4
18520,4
18521,4
4915,2
18522,4
18523,4
18524,4
18525,4
18526,4
18527,4
04634,1
18528,4
18529,4
18530,4
18531,4
008761,1
18532,4
18533,4
18534,4
18535,4
18536,4
06125,1
18537,4
3962,5
18538,4
18539,4
18540,4
18541,5
18542,4
18543,4
09345,2
18544,4
18545,4
06145,1
18546,4
2656,7
18547,4
18548,4
18549,4
05957,2
18550,4
18551,5
18552,4
18553,4
18554,4
18555,4
18556,4
18557,4
18559,4
18560,4
18561,4
18562,4
009918,1
18563,4
18564,4
3572,5
18566,4
02328,1
18567,4
18568,4
18569,4
4959,7
18570,4
18571,4
18572,4
18573,4
18574,4
18575,4
18577,4
18578,4
2686,9
18579,4
18580,4
18581,4
18582,4
3148,2
18583,4
18584,4
18585,4
18586,4
18587,4
18588,4
18589,4
3012,3
18590,4
2792,3
18591,4
18592,4
18593,4
18594,4
2481,5
18595,4
09947,1
18596,4
18597,4
18598,4
18599,4
18600,4
18601,4
18602,4
01274,1
18603,4
18604,4
18605,4
18606,4
18607,4
18608,4
18609,4
07688,2
18610,4
18611,4
18612,4
18613,4
18614,4
18615,4
18616,4
0734,1
18617,4
18618,4
18619,4
18620,4
18621,4
18622,4
18623,4
18624,4
18625,4
3657,6
18626,4
18627,4
18628,4
3205,4
18629,4
18630,4
18631,4
18632,4
18633,4
18634,4
18635,4
18636,4
3758,4
18637,4
18638,4
18639,4
18640,4
18641,4
18642,4
18643,4
18644,4
18645,4
18646,4
18647,4
18648,4
18649,4
18650,4
18651,4
18652,4
18653,4
06692,1
18654,4
18655,4
18656,4
18657,4
18658,4
18659,4
18660,4
18661,4
18662,4
2388,5
18663,4
18664,4
2985,4
18665,4
18666,4
18667,4
18668,4
18669,4
3542,2
18670,4
18671,4
18673,4
18674,4
18675,4
3494,5
18676,4
217e,2
18677,4
18678,4
03456,1
18679,4
18680,4
18682,4
18683,4
18684,4
18685,4
18686,4
18687,4
03839,1
18688,4
18689,4
18690,4
18691,4
18692,4
18693,4
18694,4
18695,4
18696,4
18697,4
18698,4
4962,5
18699,4
18701,4
18702,4
2754,3
18703,4
09991,1
18704,4
18705,4
18706,4
04462,1
18707,4
18708,4
18709,4
18710,4
07032,2
18711,4
18712,4
18713,4
18714,4
18715,4
18716,4
18717,4
18718,4
18719,4
18720,4
18721,4
18722,4
18723,4
2892,3
18724,4
1755,3
18725,4
18726,4
07185,1
18727,4
18728,4
02226,1
18729,4
18730,4
18731,4
18732,4
18733,4
18734,4
08819,2
18735,4
4319,3
18736,4
18737,4
07302,1
18738,4
18739,4
18740,4
18741,4
18742,4
18743,4
18744,4
005626,1
18745,4
18746,4
08534,1
18747,4
18748,4
18749,4
18750,4
18751,4
18752,4
18753,4
18754,4
18755,4
18756,4
18757,4
18758,4
18759,4
18760,4
18761,4
18762,4
18763,4
18764,4
18765,4
18766,4
18767,4
18768,4
18769,4
18770,4
18771,4
18772,4
18773,4
4055,2
18774,4
3165,4
18775,4
18776,4
18777,4
18778,4
18779,4
03296,1
18780,4
18781,4
18782,4
18783,4
001836,1
18784,4
3121,4
18785,4
18786,4
18787,4
18788,4
18789,4
18791,4
18792,4
18793,4
18794,4
18795,4
18796,4
18797,4
18798,4
18799,4
18800,4
18801,5
18802,4
18803,4
18805,4
18806,4
18807,4
2989,5
18808,4
18809,4
18810,4
06001,2
18811,4
18812,4
18813,4
18814,4
18815,4
18816,4
2585,12
18817,4
18818,4
18819,4
18820,4
18821,4
18822,4
18823,4
18824,4
18825,4
01435,1
18826,4
4221,2
18827,4
18828,4
1578,6
18829,4
18830,4
18831,4
18832,4
3999,17
18833,4
18834,4
07571,2
18835,4
18836,4
18837,4
18838,4
18839,4
18840,4
18841,5
02532,1
18842,5
18843,5
09435,1
18844,5
18845,4
01403,2
18846,4
05202,1
18848,4
18850,4
18851,4
18852,4
18853,4
18854,4
18855,4
18856,4
06938,1
18857,4
18858,4
18859,4
18860,4
18861,4
04125,1
18862,4
18863,4
18864,4
18865,4
18866,4
2957,7
18867,4
18868,4
18869,4
18870,4
18871,4
18872,4
18873,4
18874,4
18875,4
18876,4
18877,4
4827,6
18878,4
18879,4
18880,4
18881,4
18883,4
18884,4
18885,4
18886,4
18887,4
18888,4
674e,1
18889,4
18890,4
18891,4
18892,4
18893,4
03281,1
18894,4
18895,4
18896,4
18897,4
18898,4
18899,4
18900,4
18901,4
18902,4
18903,4
18904,4
3921,6
18905,4
18906,4
18907,4
18908,4
18909,4
18910,4
4868,7
18911,4
18912,4
18913,4
18914,4
18915,4
18916,4
18917,4
18918,4
18919,4
18920,4
1894,2
18921,4
18922,4
4965,4
18923,4
18924,4
18925,4
18926,4
18927,4
18928,4
18929,4
18930,4
3682,6
18931,4
4441,4
18932,4
18933,4
18934,4
18935,4
18936,4
18937,4
18938,4
18939,4
18940,4
18941,4
18942,4
01154,1
18943,4
18944,4
18945,4
18946,4
18947,4
18948,4
18949,4
18950,4
18951,4
18952,4
18953,4
18954,4
18955,4
18956,4
18957,4
18958,4
18959,4
18960,4
18961,4
18962,4
18963,4
18964,4
18965,4
18966,4
18967,4
18968,4
18969,4
18970,4
18971,4
18972,4
18973,4
18974,4
18975,4
18976,4
18977,4
18978,4
4776,7
18980,4
18981,4
18982,4
18983,4
18984,4
18985,4
18986,4
4699,3
18987,4
18988,4
18989,4
18990,4
18991,4
18992,4
18993,4
18994,4
2495,4
18995,4
18996,4
18997,4
18998,4
0882,1
18999,4
19000,4
19003,4
19004,4
05723,1
19005,4
19006,4
19007,4
19008,4
19009,4
19010,4
19011,4
05595,2
19012,4
19013,4
19014,4
3685,6
19015,4
19016,4
19017,4
19018,4
19019,4
19020,4
19021,4
19022,4
4703,3
19023,4
07662,1
19024,4
19025,4
19026,4
19027,4
19028,4
19029,4
19030,4
19031,4
19032,4
19033,4
19034,4
19035,4
19036,4
19037,4
19038,4
02257,2
19039,4
19040,4
19041,4
19042,4
19043,4
3638,5
19044,4
19045,4
07394,1
19046,4
19047,4
19048,4
19049,4
19050,4
19051,4
00589,1
19052,4
1584,19
01753,2
19055,4
19056,4
19057,4
0523,2
19058,4
003554,1
19059,4
19060,4
2521,4
19061,4
19062,4
19063,4
19064,4
19065,4
19066,4
19067,4
19068,4
2747,3
19069,4
19070,4
19071,4
19072,4
19073,4
19074,4
19075,4
04041,1
19076,4
19077,4
19078,4
2522,3
19079,4
19080,4
19081,4
19082,4
19083,4
19084,4
19085,4
19086,4
19087,4
19088,4
2144,5
19089,4
19090,4
19091,4
19092,4
19093,4
4244,5
19094,4
19095,4
07127,1
19096,4
19097,4
07043,1
19098,4
19099,4
19100,4
19101,4
19102,4
19103,4
19104,4
19106,4
07449,1
19107,4
19108,4
19109,4
19110,4
19111,4
19112,4
19113,4
05534,2
19114,4
19115,4
0273,2
19117,4
19118,4
19119,4
19120,4
19121,4
19122,4
19123,4
19124,4
19125,4
05797,1
19126,4
19127,4
19128,4
19129,4
19130,4
19131,4
19132,4
19133,4
05874,2
19134,4
3639,2
19135,4
19136,4
19137,4
19138,4
07454,1
19139,4
19140,4
19141,4
19142,4
4023,6
19143,4
19144,4
19145,4
19146,4
19147,4
19148,4
19149,4
19150,4
19151,4
19152,4
19153,4
19154,4
19155,4
19156,4
19157,4
19158,4
19159,4
19160,4
19161,4
4104,4
19162,4
19163,4
19164,4
19165,4
19166,4
19167,4
19168,4
19169,4
19170,4
19171,4
19172,4
19173,4
19174,4
19175,4
19176,4
19178,4
19179,4
19180,4
01509,1
19181,4
19182,4
19183,4
19184,4
19185,4
19186,4
19187,4
19188,4
19189,4
19190,4
19191,4
19192,4
19193,4
19194,4
19195,4
19196,4
19197,4
19198,4
19199,4
19200,4
19201,4
19202,4
19203,4
03138,1
19204,4
19205,4
19206,4
19207,4
19208,4
19210,4
19211,4
19212,4
19213,4
19214,4
03885,1
19215,4
19216,4
19217,4
19218,4
19219,4
19220,4
19221,4
2587,5
19222,4
19223,4
19224,4
19225,4
1071,3
19226,4
19227,4
19228,4
19229,4
19230,4
19231,4
19232,4
19233,4
19234,4
01402,2
19235,4
4949,3
19236,4
19237,4
19238,4
19239,4
01391,2
19240,4
19241,4
19242,4
19243,4
19244,4
09099,1
19245,4
19246,4
19247,4
19248,4
4989,3
19249,4
19250,4
19251,4
19252,4
19253,4
19254,4
19255,4
19256,4
19257,4
19258,4
19259,4
19260,4
19261,4
19262,4
3555,5
19263,4
19264,4
19265,4
19266,4
19267,4
19268,4
19269,4
19270,4
19271,4
19273,4
19274,4
19275,4
19276,4
19277,4
19278,4
19279,4
19280,4
19281,4
19282,4
19283,4
19284,4
19285,4
19286,4
19287,4
19288,4
19289,4
19290,5
19291,4
19292,4
19293,4
19294,4
19295,4
19296,4
19297,4
02295,1
19298,4
19299,4
19300,4
19301,4
19302,4
19303,4
05402,1
19304,4
19305,4
19306,4
19307,4
19308,4
19309,4
19310,4
19311,4
19312,4
19313,4
19314,4
19315,4
03704,1
19316,4
19317,4
19318,4
19319,4
19320,4
19321,4
19322,4
19323,4
19324,4
19325,4
19326,4
06483,1
19327,4
19328,4
19329,4
19330,4
4324,8
19331,4
19332,4
19333,4
1087,2
19334,4
19335,4
19336,4
19337,4
19338,4
19339,4
19340,4
19341,4
19342,4
19343,4
19344,4
19345,4
19346,4
19347,4
19348,4
19349,4
19350,4
1617,7
19351,4
19352,4
19353,4
3509,4
19354,4
19355,4
19356,4
19357,4
19358,4
19359,4
19360,4
19361,4
19362,4
19363,4
19364,4
19365,4
19366,4
19367,4
19368,4
19369,4
19370,4
19371,4
19372,4
19373,4
19374,4
19375,4
19376,4
19377,4
19379,4
19380,4
05793,1
19381,4
19382,4
00832,1
19383,4
19385,4
19386,4
19387,4
19388,4
19389,4
19390,4
19391,4
19392,4
19393,4
19394,4
19395,4
19396,4
19397,4
19398,4
19399,4
19400,4
19401,5
19402,4
19403,4
19404,4
19405,4
3405,7
19407,4
19408,4
19409,4
04847,2
19410,4
19411,4
19412,4
19413,4
19414,4
05057,1
19415,4
19416,4
19417,4
19418,4
19419,4
19420,4
06554,1
19421,4
2899,5
19422,4
19423,4
19424,4
2813,6
19425,4
19426,4
19427,4
19428,4
19429,4
19430,4
19431,4
19432,4
19433,4
19434,4
19435,4
19437,4
19438,4
19439,4
19440,4
19441,4
2405,9
19442,4
19443,4
19444,4
19445,4
19446,4
19447,4
19448,4
19449,4
19450,4
19451,4
19452,4
19453,4
19454,4
19455,4
19456,4
2971,6
19457,4
19458,4
19459,4
19460,4
19461,4
19462,4
19463,4
19464,4
19465,4
19466,4
19467,4
19468,4
19469,4
19470,4
19471,4
19472,4
19473,4
19474,4
19475,4
02268,1
19476,4
3602,7
19477,4
19478,4
19479,4
19480,4
19481,4
19482,4
02659,1
19483,4
19484,4
19485,4
19486,4
19487,4
19488,4
19489,4
19490,4
19491,4
19492,4
19493,4
19494,4
02823,1
19495,4
19496,4
19497,4
19498,4
19499,4
19500,4
19501,4
19502,4
06748,1
19503,4
19504,4
19505,4
19506,4
19507,4
1003,7
19508,4
19509,4
19510,4
19511,4
19512,4
05915,2
19513,4
19514,4
19515,4
19516,4
19517,4
19518,4
19519,4
19520,4
19521,4
19522,4
19523,4
19524,4
19525,4
19526,4
19527,4
19528,4
19529,4
19530,4
19531,4
19533,4
19534,4
19535,4
19536,4
19537,4
19538,4
00758,1
19539,4
1638,12
19540,4
19541,4
19542,4
19543,4
19544,4
19545,4
19546,4
19547,4
01026,2
19548,4
19550,4
19551,4
19552,4
19553,4
19554,4
19555,4
19556,4
19557,4
19558,4
19559,4
19560,4
4181,6
19561,4
19562,4
2976,7
19563,4
2331,5
19564,4
19565,4
19566,4
19567,4
19568,4
19569,4
19570,4
19571,4
19572,4
19573,4
19574,4
19575,4
19576,4
19577,4
19578,4
19579,4
04559,2
19580,4
19581,4
19582,4
19583,4
19584,4
19585,4
19586,4
19587,4
19588,4
19589,4
19590,4
19591,4
19592,4
19593,4
19594,4
19595,4
19596,4
19597,4
19598,4
19599,4
19600,4
19601,5
19602,4
19603,4
19604,4
19605,4
19606,4
07197,1
19607,4
19608,4
19609,4
19610,4
19611,4
19612,4
19613,4
19614,4
19615,4
19616,4
19617,4
19618,4
19619,4
19620,4
19621,4
19622,4
19623,4
19624,4
19625,4
19626,4
19627,4
19628,4
19629,4
19630,4
19631,4
19632,4
05561,1
19633,4
19634,4
4979,5
19635,4
19636,4
19637,4
19638,4
06443,1
19639,4
19640,4
19641,4
19642,4
19643,4
19644,4
19645,4
19646,4
19647,4
09768,1
19648,4
19649,4
19650,4
19651,4
19652,4
4524,3
19653,4
19654,4
19655,4
19656,4
19657,4
19658,4
19659,4
19660,4
19661,4
19662,4
19663,4
19664,4
02456,1
19665,4
19666,4
19667,4
19668,4
19669,4
19670,5
19671,4
4835,4
19672,4
19673,4
19674,4
19675,4
19676,4
19677,4
19678,4
19679,4
19680,4
19681,4
19682,4
19684,4
19685,4
4717,3
19686,4
19687,4
19688,4
19689,4
19690,4
19691,4
19692,4
19693,4
19694,4
19695,4
03326,1
19696,4
19697,4
1716,4
19698,4
19699,4
19700,4
19701,4
03745,1
19702,4
19703,4
19704,4
19705,4
19706,4
19707,4
19708,4
19709,4
19710,4
19711,4
19712,4
19713,4
19714,4
19715,4
19716,4
19717,4
19718,4
19719,4
19720,4
19721,4
19722,4
19723,4
19724,4
19725,4
19726,4
19727,4
3623,5
19728,4
19729,4
09674,1
19730,4
19731,4
19732,4
2637,7
19733,4
19734,4
00727,1
19736,4
19737,4
19738,4
19739,4
19740,4
19741,4
19742,4
19743,4
19744,4
19745,4
19746,4
3733,2
19747,4
19748,4
19749,4
19750,4
19751,4
19752,4
19754,4
19755,4
19756,4
19757,4
19758,4
19759,4
19760,4
19761,4
19762,4
19763,4
19764,4
19765,4
19766,4
19767,4
19768,4
19769,4
19770,4
19771,4
19772,4
09804,1
19773,4
19774,4
19775,4
19776,4
19777,4
19778,4
19780,4
19781,4
19782,4
19783,4
19785,4
19786,4
19787,4
19788,4
19789,4
19790,4
19791,4
19792,4
09638,1
19794,4
19795,4
19797,4
19798,4
19799,4
19800,4
19801,4
19802,4
19803,4
07203,1
19804,4
3438,5
19805,4
19806,4
19807,4
19808,4
19809,4
19810,4
19811,4
19812,4
19813,4
19814,4
19815,4
19816,4
19817,4
07783,1
19818,4
3253,4
19819,4
19820,4
19822,4
19823,4
19824,4
19825,4
19826,4
19827,4
19828,4
19829,4
19830,4
19831,4
19832,4
3234,7
19833,4
19834,4
19835,4
19836,4
19837,4
19838,4
04197,1
19839,4
19840,4
2743,3
19841,4
19842,4
19843,4
19844,4
19845,4
19846,4
19847,4
19848,4
19849,4
19850,4
19851,4
3375,4
19852,4
19853,4
09009,2
19855,4
19856,4
08474,1
19857,4
19858,4
19859,4
19860,4
19861,4
19862,4
4251,10
19863,4
19864,4
19865,4
19866,4
19867,4
19868,4
19869,4
19870,4
19871,4
19872,4
19873,4
19874,4
19875,4
19876,4
19877,4
19878,4
19879,4
19880,4
19881,4
19882,4
19883,4
19884,4
19885,4
19886,4
19887,4
19888,4
19889,4
19890,4
19891,4
19892,4
19893,4
19894,4
19895,4
19896,4
19897,4
19898,4
19899,4
19900,4
2544,5
19901,5
19902,4
19903,4
19904,4
19905,4
19906,4
19907,4
19908,4
19909,4
19910,4
19911,4
19912,4
19913,4
19914,4
19915,4
19916,4
3642,7
19917,4
19918,4
19919,4
19920,4
19921,4
19922,4
19923,4
19924,4
19925,4
19926,4
05662,1
19927,4
19928,4
19929,4
19930,4
19931,4
19932,4
19933,4
19934,4
19936,4
19937,4
19938,4
19939,4
19940,4
19941,4
19942,4
19943,4
09007,2
19944,4
19945,4
19946,4
19947,4
19948,4
19949,4
19950,4
19951,4
19952,4
19953,4
19954,4
19955,4
19956,4
19957,4
09819,1
19958,4
19959,4
19960,4
19961,4
19962,12
19963,4
19964,4
19965,4
19966,4
2357,2
19967,4
19968,4
19969,4
19970,4
19971,4
4711,3
19972,4
19973,4
19974,4
19975,4
05278,1
19976,4
04361,2
19977,4
19978,4
19979,4
19980,4
19981,4
0569,1
19982,4
19983,4
19984,4
19985,4
19986,4
19987,4
19988,4
19989,4
19990,4
19991,4
19992,4
19993,4
19994,4
19995,4
4311,6
19996,4
19997,4
19998,4
002667,1
19999,4
20002,4
20003,4
20004,4
20005,4
20006,4
20007,4
20008,4
20009,4
20010,4
20011,4
20012,4
20013,4
20014,4
20015,4
20016,4
20017,4
20018,4
20019,4
20020,4
20021,4
20022,4
20024,4
20025,4
20026,4
4831,4
20027,4
3024,5
20028,4
20029,4
20030,4
20031,4
20032,4
20033,4
07418,1
20034,4
20035,4
20036,4
20037,4
20038,4
20039,4
20040,4
20041,4
20042,4
2973,3
20043,4
20044,4
20045,4
20046,4
20047,4
20048,4
20049,4
20050,4
20051,4
20052,4
20053,4
20054,4
20055,4
20056,4
20057,4
20058,4
20059,4
4622,3
20060,4
20061,4
20063,4
20064,4
20065,4
20066,4
20067,4
20068,4
20069,4
20070,4
20071,4
20072,4
20073,4
20074,4
06726,1
20076,4
20077,4
20078,4
20079,4
20080,4
20081,4
05422,1
20082,4
20083,4
20084,4
20085,4
20086,4
20087,4
20088,4
4288,4
20089,4
20090,4
20091,4
20092,4
20093,4
20094,4
1616,1
20095,4
20096,4
20097,4
20098,4
02768,1
20099,4
20100,4
20101,5
20102,4
20103,4
20104,4
20105,4
20106,4
20107,4
20108,4
20109,4
20110,4
03201,1
20111,4
20112,4
20113,4
20114,4
4385,4
20115,4
20116,4
20117,4
20118,4
4213,5
20119,4
20120,4
20121,4
20122,4
2708,5
20123,4
20124,4
01289,1
20126,4
20127,4
4128,4
20128,4
20129,4
20130,4
20131,4
20132,4
20133,4
20134,4
20135,4
20136,4
20137,4
20138,4
20139,4
20140,4
20141,4
20142,4
20143,4
20144,4
20145,4
20146,4
3238,4
20147,4
20148,4
20149,4
20150,4
20151,5
20152,5
20153,4
4825,4
20154,4
20156,4
20157,4
20158,4
20159,4
20160,4
20161,4
20162,4
06361,1
20163,4
20164,4
20165,4
20166,4
20167,4
20168,4
07792,1
20169,4
20170,4
20171,4
20172,4
1946,2
20173,4
2902,5
20174,4
20175,4
03193,1
20176,4
20177,4
20178,4
20179,4
20180,4
20181,4
20182,4
20184,4
20185,4
20186,4
20187,4
0102,2
20188,4
20189,4
20190,4
20191,4
20192,4
20193,4
20194,4
20195,4
20196,4
20197,4
20198,4
07312,1
20199,4
20200,4
20201,4
20202,4
20203,4
04272,2
20204,4
20205,4
20206,4
20207,4
20208,4
04516,1
20209,4
20210,4
20211,4
20212,4
20213,4
20214,4
20215,4
20216,4
20217,4
20218,4
20219,4
20220,4
20221,4
20223,4
20224,4
20225,4
20226,4
20227,4
20228,4
20229,4
20230,4
20231,4
20232,4
20233,4
20234,4
20235,4
20237,4
20238,4
4967,4
20239,4
20240,4
20241,4
20242,4
20243,4
20244,4
20245,4
20246,4
06803,1
20247,4
20248,4
08742,2
20249,4
20250,4
20251,4
20252,4
20253,4
20254,4
20255,4
3872,6
20257,4
20258,4
20259,4
20260,4
20261,4
20262,4
20263,4
20264,4
20265,4
20266,4
20267,4
20268,4
20269,4
20270,4
20271,4
20272,4
4474,8
20273,4
20274,4
20275,4
20276,4
20277,4
20278,4
20279,4
20280,4
20281,4
20282,4
20283,4
03699,1
20284,4
20285,4
20286,4
3488,6
20287,4
20288,4
20289,4
20290,4
20291,4
02465,1
20292,4
20293,4
20294,4
20295,4
2679,5
20296,4
20297,4
20298,4
20299,4
20300,4
20301,4
03829,1
20302,4
20303,4
20304,4
20305,4
20306,4
2168,7
20307,4
20308,4
20309,4
20310,4
20311,4
20312,4
20313,4
20314,4
20315,4
20316,4
20317,4
20318,4
20319,4
20320,4
20321,4
20322,4
20323,4
20324,4
20325,4
20326,4
20327,4
20328,4
20329,4
005228,1
20330,4
20331,4
20332,4
20333,4
20334,4
1829,4
20335,4
20336,4
20337,4
08738,1
20338,4
20339,4
20340,4
20341,4
20342,4
20343,4
20344,4
20345,4
20346,4
20347,4
20348,4
20349,4
20351,4
06781,1
20352,4
20353,4
20355,4
20356,4
20357,4
3846,7
20358,4
20359,4
20360,4
20361,4
20362,4
20363,4
20364,4
20365,4
20366,4
20367,4
20368,4
20369,4
20370,4
20371,4
20372,4
20373,4
20374,4
20375,4
20376,4
20377,4
20378,4
20379,4
20380,4
20381,4
20382,4
20383,4
20384,4
20385,4
20386,4
04825,1
20387,4
4893,4
20388,4
20389,4
20390,4
20391,4
20392,4
20393,4
20394,4
20395,4
20396,4
20397,4
20398,4
20399,4
20400,4
20401,4
20402,4
20403,4
20404,4
20405,4
20406,4
20407,4
20408,4
20409,4
20410,4
20411,4
20412,4
20413,4
20414,4
20415,4
20416,4
20417,4
20418,4
20420,4
20421,4
20422,4
20423,4
20424,4
20425,4
20426,4
20427,4
20428,4
20429,4
20430,4
0739,1
20431,4
20432,4
02914,1
20433,4
20434,4
20435,4
20436,4
20437,4
3515,5
20438,4
20439,4
20440,4
20441,4
20442,4
20443,4
20444,4
20445,4
20446,4
20447,4
4996,6
20448,4
20449,4
03611,2
20450,4
20451,4
20452,4
20453,4
20454,4
20455,4
20456,4
20457,4
20458,4
20459,4
20460,4
20461,4
20462,4
20463,4
20464,4
20465,4
20466,4
20467,4
20468,4
20469,4
20470,4
20471,4
20472,4
20473,4
20474,4
20475,4
2334,6
20476,4
20477,4
20478,4
20479,4
4739,6
20480,4
20481,4
20482,4
20483,4
20484,4
20485,4
20486,4
2608,5
20487,4
20488,4
20490,4
20491,4
20492,4
20493,4
20494,4
20495,4
20496,4
20497,4
4141,3
20498,4
20499,4
20500,4
20501,4
20502,4
20504,4
20505,4
20506,4
20507,4
20509,4
0303,1
20510,4
20511,4
009125,1
20512,4
3487,5
20513,4
20514,4
20515,4
20516,4
20517,4
20518,4
20519,4
20520,4
20521,4
20522,4
20523,4
20524,4
20525,4
20526,4
20527,4
20528,4
20529,4
20530,4
20531,4
20532,4
20533,4
20534,4
20535,4
20536,4
20537,4
20538,4
20539,4
20540,4
20542,4
20543,4
20544,4
20545,4
20546,4
20547,4
20548,4
20549,4
09738,1
20550,4
20551,4
04865,2
20552,4
20553,4
20554,4
20555,4
20556,4
20557,4
20558,4
20559,4
20560,4
20561,4
20562,4
20563,4
20564,4
20565,4
20566,4
20567,4
20568,4
20569,4
20570,4
08157,4
20571,4
20572,4
20573,4
20574,4
20575,4
20576,4
20577,4
20578,4
20579,4
02238,1
20580,4
20581,4
20582,4
20583,4
03256,1
20584,4
20585,4
0719,1
20586,4
20588,4
20589,4
3152,7
20590,4
20592,4
20593,4
20594,4
20595,4
20596,4
4249,3
20597,4
20598,4
20599,4
20600,4
20601,4
004262,1
20602,4
01425,2
20603,4
20604,4
20605,4
20606,4
09502,1
20607,4
20608,4
20609,4
20610,4
20611,4
20612,4
20613,4
20614,4
20615,4
20616,4
20617,4
20618,4
20619,4
20620,4
20621,4
20622,4
20623,4
09361,1
20625,4
20626,4
20627,4
20628,4
20629,4
20630,4
20631,4
1726,2
20632,4
1342,3
20633,4
20634,4
20635,4
01243,1
20636,4
20637,4
20638,4
20639,4
20640,4
20641,4
20642,4
20643,4
20644,4
2904,3
20645,4
20646,4
20647,4
20648,4
20649,4
20650,4
20651,4
20652,4
20653,4
20654,4
20655,4
20656,4
20658,4
20659,4
20661,4
04956,3
20662,4
4587,7
20663,4
20664,4
3574,6
20665,4
20666,4
20667,4
20668,4
20669,4
20670,4
20671,4
20672,4
06733,2
20673,4
20674,4
20675,4
20676,4
20677,4
20678,4
20679,4
20680,4
20681,4
20682,4
20683,4
20684,4
20685,4
20686,4
20687,4
20688,4
20689,4
20690,4
08237,1
20691,4
20692,4
20693,4
20694,4
20695,4
20696,4
20697,4
20698,4
20699,4
008879,2
20700,4
20701,4
20702,4
20703,4
20704,4
20705,4
20706,4
20707,4
20708,4
20709,4
20710,4
20711,4
20712,4
20713,4
20714,4
20715,4
20716,4
20717,4
20718,4
20719,4
20720,4
2648,4
20721,4
20722,4
01774,1
20723,4
20724,4
20725,4
20726,4
06927,2
20727,4
20728,4
20729,4
20730,4
007983,1
20731,4
20732,4
20733,4
20735,4
20736,4
3319,8
20737,4
20738,4
20739,4
02183,1
20740,4
20741,4
02208,1
20742,4
20743,4
20744,4
20745,4
2211,7
20746,4
20747,4
20748,4
20749,4
20750,4
20751,4
20752,4
20753,4
20754,4
20755,4
20756,4
4436,6
20757,4
20758,4
3712,5
20759,4
20760,4
20761,4
20762,4
20763,4
20764,4
20765,4
20766,4
20767,4
20768,4
20769,4
20770,4
20771,4
20772,4
20773,4
20774,4
20775,4
20776,4
20777,4
2381,3
20779,4
20780,4
20782,4
20783,4
20784,4
20787,4
20789,4
20790,4
20791,4
20792,4
20793,4
20794,4
20795,4
3448,8
20796,4
20797,4
20798,4
20799,4
20800,4
20801,5
20802,4
20803,4
20804,4
20805,4
20806,4
20807,4
20808,4
20809,4
20810,4
20811,4
08648,1
20812,4
20813,4
20814,4
20815,4
20816,4
20817,4
004381,1
20818,4
20819,4
20820,4
20821,4
20822,4
20823,4
20824,4
3464,5
20825,4
3279,5
20826,4
20828,4
0682,1
20830,4
20831,4
20832,4
3517,4
20833,4
007823,1
20835,4
20836,4
20837,4
20838,4
20839,4
20840,4
20841,5
20842,4
20843,4
20844,4
20846,4
05873,1
20847,4
20848,4
20849,4
20850,4
20851,4
20852,4
20853,4
20854,4
20855,4
20856,4
20857,4
20858,4
20859,4
20860,4
20861,4
20862,4
20863,4
20864,4
20865,4
05752,1
20866,4
20868,4
20869,4
20870,4
20871,4
20872,4
20873,4
20874,4
20875,4
20876,4
05272,2
20877,4
20878,4
20879,4
20880,4
1554,4
20881,4
20882,4
20883,4
20884,4
20885,4
20886,4
20887,4
20888,4
20889,4
20890,4
20891,4
09272,3
20893,4
20894,4
20895,4
20896,4
20897,4
20898,4
20899,4
20900,4
20901,4
20902,4
20903,4
20904,4
20905,4
20906,4
20907,4
20908,4
20909,4
1637,4
20910,4
20911,4
20912,4
20913,4
20914,4
20915,4
20916,4
20917,4
20918,4
20919,4
20920,4
20921,4
20922,4
20924,4
20925,4
20926,4
20927,4
20928,4
20929,4
20930,4
20931,4
20932,4
4224,5
20933,4
20934,4
20935,4
20936,4
20937,4
20938,4
3265,4
20939,4
20940,4
20941,4
3596,3
20942,4
20943,4
20944,4
20945,4
20946,4
20947,4
20948,4
20949,4
20950,4
4193,4
20951,4
20952,4
20953,4
20954,4
20955,4
20956,4
09134,1
20957,4
20958,4
20959,4
20960,4
20961,4
20962,4
05035,1
20963,4
20964,4
20965,4
20966,4
20967,4
20968,4
20969,4
20970,4
20971,4
20972,4
20973,4
20974,4
20975,4
20976,4
20977,4
20978,4
20979,4
20980,4
20981,4
0543,2
20982,4
20983,4
20984,4
20985,4
20986,4
20987,4
20988,4
20989,4
20990,4
20991,4
20992,4
20993,4
20994,4
05819,1
20995,4
20996,4
20997,4
20998,4
20999,4
21000,4
21001,4
21002,4
21003,4
21004,4
21005,4
21006,4
21007,4
21008,4
1633,5
21009,4
4236,4
21010,4
21011,4
21012,4
21013,4
01996,1
21014,4
21015,4
21016,4
21017,4
21018,4
21019,4
4527,5
21020,4
21021,4
21022,4
21023,4
21024,4
21025,4
21026,4
21027,4
21028,4
21029,4
21030,4
004234,1
21031,4
21032,4
21033,4
429e,2
21034,4
21035,4
21036,4
21037,4
21038,4
21040,4
21041,4
21042,4
21043,4
21045,4
21046,4
21047,4
21048,4
21049,4
21050,4
21051,4
21052,4
21053,4
3975,4
21054,4
21055,4
21056,4
21057,4
21058,4
21059,4
08753,1
21060,4
21061,4
21062,4
4489,5
21063,4
21064,4
21065,4
05384,1
21066,4
21067,4
21068,4
21069,4
21070,4
21071,4
21072,4
21073,4
3476,4
21074,4
21075,4
2286,1
21076,4
21077,4
21078,4
4247,4
21079,4
21080,4
21081,4
21082,4
21083,4
1135,5
21084,4
21085,4
21086,4
21087,4
21088,4
21089,4
21090,4
21091,4
21092,4
21093,4
21094,4
21095,4
21096,4
21097,4
21098,4
04841,1
21100,4
21101,4
21102,4
21104,4
21105,4
21106,4
21107,4
21108,4
21109,4
21110,4
21111,4
21112,4
21113,4
21114,4
21115,4
07883,1
21116,4
21117,4
21118,4
21119,4
21120,4
21121,4
21122,4
21123,4
3896,4
21124,4
21125,4
21126,4
21127,4
21128,4
21129,4
21130,4
21131,4
21132,4
21133,4
21134,4
21135,4
21136,4
21137,4
21138,4
21139,4
21140,4
21141,4
21142,4
21143,4
4529,5
21144,4
21145,4
21146,4
21147,4
21148,4
21149,4
21150,4
21151,4
21152,4
21153,4
05549,1
21154,4
21155,4
01757,1
21156,4
21157,4
21158,4
21159,4
21160,4
007774,1
21161,4
21162,4
21163,4
21164,4
21165,4
21166,4
21167,4
03599,2
21168,4
21169,4
21170,4
21171,4
21172,4
21173,4
3281,5
21174,4
21175,4
21176,4
21177,4
21178,4
21179,4
4856,5
21180,4
21181,4
21182,4
21183,4
21184,4
21185,4
4523,4
21186,4
21187,4
21188,4
21189,4
21190,4
21191,4
21192,4
21193,4
21194,4
21195,4
21196,4
21197,4
21198,4
21199,4
21200,4
21201,4
21202,4
21203,4
1349,5
21204,4
21205,4
21206,4
21207,4
21208,4
21209,4
21210,4
21211,4
21212,4
21213,4
21214,4
06115,1
21215,4
21216,4
21217,4
21218,4
21219,4
01386,1
21220,4
21221,4
21222,4
21223,4
21224,4
21225,4
21226,4
21227,4
21228,4
21229,4
21230,4
21231,4
21232,4
21233,4
21234,4
21235,4
21236,4
21237,4
21238,4
21239,4
21240,4
21241,4
21242,4
21243,4
21244,4
21245,4
21246,4
21247,4
21248,4
21249,4
21250,4
21251,4
21252,4
21253,4
1377,3
21254,4
21255,4
21256,4
21257,4
21258,4
21259,4
21260,4
21261,4
21262,4
21263,4
21264,4
07052,1
21265,4
09108,1
21266,4
21267,4
21268,4
21269,4
21270,4
21271,4
09117,2
21272,4
21273,4
2804,5
21274,4
21275,4
08062,1
21276,4
21277,4
21278,4
21279,4
21280,4
82e,1
21281,4
21282,4
21283,4
3777,4
21284,4
21285,4
21286,4
21287,4
21288,4
21289,4
21290,4
21291,4
21292,4
21293,4
21294,4
21295,4
21296,4
21297,4
21298,4
21299,4
21300,4
01812,2
21301,5
21302,4
21303,4
21304,4
21305,4
21306,4
21307,4
21308,4
21309,4
21310,4
21311,4
21312,4
21313,4
21314,4
21316,4
21317,4
21318,4
21319,4
21320,4
21321,4
21322,4
21323,4
3262,3
21324,4
21325,4
21326,4
21327,4
21328,4
21329,4
21330,4
21331,4
21332,4
21333,4
21334,4
21335,4
21336,4
21337,4
21338,4
21339,4
21340,4
21341,4
21342,4
21343,4
21344,4
21345,4
21346,4
21347,4
21348,4
21349,4
21350,4
21351,5
21352,5
21353,5
21354,4
21355,4
01245,1
21356,4
21357,4
21358,4
21359,4
21360,4
21361,4
21362,4
21364,4
21365,4
21366,4
21367,4
21368,4
21369,4
21370,4
21371,4
3939,6
21372,4
21373,4
21374,4
21375,4
21376,4
21377,4
21378,4
21379,4
21380,4
21381,4
21382,4
05702,1
21383,4
21384,4
21385,4
21386,4
21387,4
21388,4
21389,4
21390,4
21391,4
21392,4
21393,4
21394,4
21395,4
21396,4
21397,4
21398,4
0429,1
21399,4
3368,3
21400,4
21401,4
21402,4
21403,4
21404,4
21405,4
21406,4
21407,4
21408,4
01495,2
21409,4
21410,4
21411,4
21412,4
21413,4
21414,4
21415,4
21416,4
21417,4
21418,4
21419,4
21420,4
21421,4
21422,4
21423,4
02122,2
21424,4
21425,4
21426,4
21427,4
21428,4
21429,4
21430,4
21431,4
21432,4
21433,4
21434,4
21435,4
21436,4
21437,4
21438,4
21439,4
21440,4
21441,4
21442,4
0335,3
21443,4
09657,1
21444,4
21445,4
21446,4
06019,1
21447,4
21448,4
05969,1
21449,4
21450,4
21451,4
21452,4
21453,4
21454,4
21455,4
21456,4
21457,4
21458,4
21459,4
21460,4
21461,4
21462,4
21463,4
21464,4
21465,4
21466,4
08437,2
21467,4
21468,4
21469,4
21470,4
21471,4
21472,4
08454,1
21473,4
21474,4
21475,4
21477,4
21478,4
21479,4
00584,1
21480,4
21481,4
21482,4
21483,4
21484,4
21485,4
21486,4
21487,4
21488,4
21489,4
21490,4
21491,4
21492,4
21493,4
21494,4
21495,4
21496,4
21497,4
21498,4
21499,4
1219,2
21500,4
21501,5
21502,4
21503,4
21504,4
21505,4
21506,4
21507,4
21508,4
21509,4
21510,4
21511,4
21512,4
21513,4
21514,4
21515,4
21516,4
21517,4
21518,4
21519,4
21520,4
21521,4
21522,4
21523,4
21524,4
21526,4
21527,4
21528,4
21529,4
21530,4
21531,4
21532,4
21533,4
3713,6
21534,4
21535,4
21536,4
21537,4
21538,4
21539,4
21540,4
21541,4
21542,4
21543,4
21544,4
2375,7
21545,4
21546,4
21547,4
21548,4
21549,4
00971,1
21550,4
21551,4
21552,5
21553,4
21554,4
05096,2
21555,4
21556,4
21557,4
3627,6
21558,4
21559,4
21560,4
21561,4
21562,4
21563,4
21564,4
21565,4
21566,4
2563,2
21568,4
21569,4
21570,4
21571,4
21572,4
21573,4
21574,4
21575,4
21576,4
21577,4
21578,4
21579,4
21580,4
21581,4
21582,4
21583,4
3386,6
21584,4
21585,4
21586,4
21587,4
21588,4
21589,4
21590,4
21591,4
21592,4
21593,4
21594,4
21595,4
21596,4
21597,4
21598,4
21599,4
21600,4
21601,4
21602,4
009527,1
21603,4
21604,4
21605,4
2292,5
21606,4
21607,4
21608,4
21609,4
21610,4
21611,4
21612,4
21613,4
21614,4
21615,4
21616,4
21617,4
21618,4
21619,4
21620,4
21621,4
21622,4
4419,4
21623,4
21624,4
21625,4
1526,8
21626,4
21627,4
3402,8
21628,4
21629,4
21630,4
21631,4
21632,4
21633,4
06754,1
21634,4
21635,4
21636,4
21638,4
21639,4
21640,4
06255,1
21641,4
21642,4
21643,4
2764,2
21644,4
21645,4
21646,4
21647,4
21648,4
21649,4
21650,4
21651,4
21652,4
21653,4
21654,4
21655,4
21656,4
21657,4
21658,4
21659,4
21660,4
06789,2
21661,4
21662,4
21663,4
21664,4
06503,1
21665,4
21666,4
21667,4
21668,4
21669,4
21670,4
21671,4
21672,4
21673,4
21674,4
21675,4
21676,4
21677,4
21678,4
21679,4
21680,4
21681,4
21682,4
21683,4
21684,4
21685,4
21686,4
21687,4
21688,4
21689,4
21690,4
21691,4
08936,1
21692,4
21693,4
21694,4
21695,4
21696,4
21698,4
21699,4
21700,4
21701,4
21702,4
21703,4
21704,4
21705,4
21706,4
21707,4
21708,4
21709,4
21710,4
21711,4
21712,4
21713,4
21714,4
21715,4
21716,4
21717,4
21718,4
21719,4
1449,12
21720,4
01793,3
21721,4
21722,4
21723,4
21724,4
21725,4
21726,4
21727,4
21728,4
21729,4
21730,4
21731,4
21732,4
21733,4
21734,4
21735,4
21736,4
21737,4
21738,4
21739,4
21740,4
21741,4
21742,4
21744,4
21745,4
21746,4
21747,4
21748,4
21749,4
21750,4
21751,4
21752,4
21753,4
21754,4
21755,4
21756,4
21757,4
21758,4
21759,4
21760,4
21761,4
21762,4
21763,4
21764,4
21765,4
21766,4
3782,4
21767,4
21768,4
01166,2
21769,4
21770,4
21771,4
21772,4
09189,1
21773,4
21774,4
21775,4
21776,4
21777,4
21778,4
21779,4
21780,4
21782,4
21783,4
21784,4
21785,4
21786,4
21787,4
21788,4
3613,2
21789,4
21790,4
21791,4
21792,4
4579,6
21793,4
21794,4
21795,4
21796,4
2531,9
21797,4
21798,4
21799,4
21800,4
21801,4
21802,4
21803,4
21804,4
21805,4
21806,4
21807,4
21808,4
21809,4
21810,4
21811,4
21812,4
21813,4
21814,4
21815,4
21816,4
21817,4
21818,4
21819,4
21820,4
21821,4
21822,4
21823,4
09428,1
21824,4
21825,4
21826,4
04349,1
21827,4
21828,4
2538,8
21829,4
326e,2
21830,4
21831,4
21832,4
21833,4
21834,4
21835,4
21836,4
21837,4
21838,4
21839,4
21840,4
04717,2
21841,4
21842,4
21843,4
06219,1
21844,4
1867,3
21845,4
21846,4
21847,4
21848,4
21849,4
21850,4
21851,4
21852,4
21853,4
21854,4
21855,4
05848,1
21856,4
1388,8
21858,4
21859,4
21860,4
21861,4
21862,4
21863,4
21864,4
21865,4
21866,4
06599,1
21867,4
21868,4
21869,4
21870,4
21871,4
21872,4
21873,4
21874,4
06755,2
21875,4
21876,4
21877,4
21878,4
21879,4
21880,4
21881,4
21882,4
21883,4
21884,4
21885,4
21886,4
21887,4
21888,4
21889,4
21890,4
3512,4
21891,4
21892,4
21893,4
21894,4
21895,4
09535,1
21896,4
21897,4
21898,4
21899,4
21900,4
21901,4
21903,4
21904,4
21905,4
21906,4
21907,4
21908,4
21909,4
21910,4
21911,4
4495,1
21912,4
21913,4
21914,4
21915,4
21916,4
0981,1
21917,4
21918,4
21919,4
21920,4
21921,4
21922,4
21923,4
21924,4
21925,4
21926,4
21927,4
21928,4
21929,4
21930,4
05894,1
21931,4
21932,4
03991,2
21933,4
21934,4
21935,4
006139,1
21936,4
21937,4
21938,4
21939,4
21940,4
21941,4
21943,4
21944,4
21945,4
4534,2
21946,4
21947,4
21948,4
21949,4
09952,1
21950,4
21951,4
21952,4
21953,4
21954,4
21955,4
21956,4
21957,4
21958,4
21959,4
21960,4
21961,4
3105,4
21962,4
21963,4
21964,4
21965,4
21966,4
3259,3
21967,4
21968,4
21969,4
21970,4
21971,4
21972,4
21973,4
21974,4
21975,4
21976,4
21977,4
21978,4
21979,4
2881,2
21980,4
21981,4
21982,4
09403,1
21983,4
21984,4
005557,1
21985,4
21986,4
02837,1
21987,4
01937,1
21988,4
21989,4
21990,4
21991,4
21992,4
2581,6
21993,4
21994,4
21995,4
21996,4
21997,4
21998,4
3781,3
21999,4
1066,4
22001,4
22002,4
22003,4
22004,4
22005,4
22006,4
22007,4
22008,4
22009,4
22010,4
22011,4
22012,4
03439,1
22013,4
22014,4
22015,4
22016,4
22017,4
22018,4
22019,4
22020,4
22021,4
1557,2
22022,4
22023,4
22024,4
22025,4
22026,4
22027,4
22028,4
22029,4
22030,4
22031,4
22032,4
22033,4
22034,4
08294,2
22035,4
22036,4
22037,4
22038,4
22039,4
22040,4
22041,4
22042,4
02152,3
22044,4
22045,4
22046,4
22047,4
22048,4
22049,4
22050,4
3752,6
22051,4
22052,4
22053,4
22054,4
22055,4
22056,4
008718,1
22057,4
1345,5
22058,4
22059,4
22060,4
22061,4
22062,4
22063,4
22064,4
22065,4
22066,4
22067,4
22068,4
22069,4
22070,4
22071,4
22072,4
22073,4
22074,4
22075,4
22076,4
3815,4
22077,4
22078,4
22079,4
22080,4
09322,1
22081,4
22083,4
22084,4
22085,4
1851,7
22086,4
22087,4
22088,4
06212,1
22089,4
22090,4
22091,4
22092,4
22093,4
22094,4
22095,4
22096,4
22097,4
22098,4
22099,4
22100,4
22101,4
22102,4
22103,4
4685,3
22104,4
22105,4
22106,4
22107,4
22108,4
22109,4
22110,4
22111,4
22112,4
22113,4
4164,3
22114,4
22115,4
22116,4
22117,4
22118,4
22119,4
04987,1
22120,4
22121,4
22122,4
22123,4
22124,4
22125,4
22126,4
22127,4
22128,4
22130,4
22131,4
22132,4
22133,4
22134,4
22135,4
04097,1
22136,4
22137,4
22138,4
22139,4
07478,1
22140,4
2067,1
22141,4
22142,4
06978,2
22143,4
22144,4
22145,4
22146,4
22147,4
22148,4
22149,4
22150,4
22151,4
22152,4
22153,4
22154,4
22155,4
22156,4
22157,4
2758,5
22158,4
22159,4
22160,4
22161,4
22162,4
22163,4
0407,1
22164,4
22165,4
22166,4
22167,4
22168,4
22169,4
3521,2
22170,4
22171,4
22173,4
22174,4
22175,4
05902,1
22176,4
22177,4
22178,4
22179,4
22180,4
22181,4
22182,4
22183,4
22184,4
22185,4
22186,4
22187,4
22188,4
22190,4
2436,5
22191,4
03505,1
22192,4
2938,5
22193,4
05718,2
22194,4
22195,4
22196,4
22197,4
22198,4
22199,4
22200,4
22201,5
22202,4
22203,4
22204,4
4024,2
22206,4
22207,4
22208,4
22209,4
22210,4
22211,4
22212,4
22213,4
22214,4
22215,4
22216,4
22217,4
22218,4
22219,4
22220,4
22221,4
22222,4
07198,1
22223,4
22224,4
22225,4
22226,4
22227,4
22228,4
22229,4
0448,1
22230,4
22231,4
22232,4
22233,4
22234,4
22235,4
4639,1
22236,4
22237,4
22238,4
22239,4
22240,4
22242,4
22243,4
22244,4
22245,4
22246,4
22247,4
22248,4
22249,4
22250,4
22251,5
22252,5
22253,5
22254,4
22255,4
22256,4
22257,4
22258,4
22259,4
22260,4
22261,4
22262,4
22263,4
22264,4
22265,4
4525,5
22267,4
22268,4
22269,4
22270,4
22271,4
22272,4
22273,4
22274,4
22275,4
22276,4
07195,2
22277,4
22278,4
22279,4
22280,4
07206,1
22281,4
22282,4
22284,4
1496,4
22285,4
22286,4
22287,4
4955,3
22288,4
22289,4
22290,4
22291,4
22292,4
22293,4
22294,4
22295,4
22296,4
3573,3
22297,4
22298,4
22299,4
22300,4
22301,4
04088,1
22302,4
22303,4
03782,1
22304,4
22305,4
22306,4
22307,4
22308,4
22309,4
22310,4
22311,4
22312,4
22313,4
22314,4
22315,4
22316,4
22317,4
22318,4
22319,4
22320,4
22321,4
22322,4
22323,4
22324,4
22325,4
22326,4
22327,4
22328,4
22329,4
22330,4
22331,4
22332,4
22333,4
22334,4
22335,4
01614,1
22336,4
22337,4
22338,4
22339,4
22340,4
22341,4
22342,4
22343,4
22344,4
22345,4
06765,2
22346,4
22347,4
22348,4
22349,4
22350,4
22351,4
22352,4
22353,4
22354,4
22355,4
22356,4
22357,4
22358,4
22359,4
22360,4
22361,4
22362,4
2565,3
22363,4
22364,4
22365,4
22366,4
22367,4
22368,4
22369,4
22370,4
22371,4
22372,4
22373,4
22374,4
22375,4
22376,4
22377,4
22378,4
4998,6
22379,4
22380,4
22381,4
22382,4
22383,4
22384,4
04151,1
22385,4
22386,4
22387,4
22389,4
22390,4
22391,4
22392,4
22393,4
22394,4
02482,1
22395,4
22396,4
22397,4
22398,4
22399,4
22400,4
22401,4
22402,4
22403,4
22404,4
22406,4
22407,4
22409,4
22410,4
22411,4
22412,4
4439,2
22413,4
22414,4
22415,4
22416,4
22417,4
22418,4
22419,4
02339,1
22420,4
22421,4
22422,4
22423,4
22424,4
22425,4
22426,4
22427,4
22428,4
22429,4
22430,4
22431,4
22432,4
03026,2
22434,4
22435,4
22436,4
1763,3
22437,4
22438,4
22439,4
22440,4
22441,4
22442,4
01157,2
22443,4
22444,4
22445,4
22446,4
22447,4
05936,1
22448,4
22449,4
22450,4
05681,1
22451,4
22452,4
22453,4
22454,4
22455,4
22456,4
22457,4
22458,4
22459,4
22460,4
22461,4
22462,4
22463,4
07812,1
22465,4
22466,4
22467,4
22468,4
22469,4
22470,4
22471,4
22472,4
22473,4
22474,4
22475,4
22476,4
22477,4
22478,4
2848,5
22479,4
22480,4
22481,4
22482,4
22483,4
22484,4
3412,10
22485,4
22486,4
22487,4
22488,4
22489,4
05081,1
22490,4
22491,4
22492,4
22493,4
22494,4
22495,4
22496,4
22497,4
22498,4
22499,4
22500,4
22501,4
4154,2
22502,4
22504,4
22505,4
22506,4
22507,4
22508,4
22509,4
22510,4
22511,4
22512,4
22513,4
22514,4
22515,4
2952,3
22516,4
22517,4
22518,4
22519,4
22520,4
2297,5
22521,4
22523,4
08777,2
22524,4
22525,4
22526,4
22527,4
22528,4
07135,1
22529,4
22530,4
22531,4
22532,4
22533,4
22534,4
22535,4
22536,4
05646,1
22537,4
22538,4
22539,4
1845,3
22540,4
22541,4
22542,4
22543,4
22544,4
22545,4
22546,4
22547,4
22548,4
22549,4
22550,4
22551,4
22552,4
22553,4
22554,4
22555,4
09736,4
22556,4
22557,4
22558,4
22559,4
22560,4
07542,1
22561,4
22562,4
22563,4
22564,4
22565,4
22566,4
22567,4
01549,1
22568,4
22569,4
4679,5
22570,4
22571,4
22572,4
22573,4
22574,4
22575,4
22576,4
22577,4
22578,4
22579,4
22580,4
22582,4
22583,4
22584,4
22585,4
22586,4
22587,4
22588,4
22589,4
22590,4
22591,4
22592,4
22593,4
22594,4
22595,4
896e,1
22596,4
22597,4
22598,4
22599,4
22600,4
22601,4
22602,4
22603,4
22604,4
22605,4
3983,3
22606,4
22607,4
22608,4
22609,4
22610,4
22611,4
22612,4
22613,4
007429,1
22614,4
22615,4
22616,4
22617,4
22618,4
22619,4
22620,4
22621,4
22622,4
22623,4
22624,4
22625,4
22626,4
03632,2
22627,4
22628,4
22629,4
3998,6
22630,4
22631,4
002883,1
22632,4
22633,4
22634,4
22635,4
22636,4
22637,4
22638,4
22639,4
22640,4
22641,4
09913,1
22642,4
22643,4
22644,4
4486,8
22645,4
22646,4
22647,4
22648,4
3784,4
22649,4
22650,4
22651,4
22652,4
22653,4
22654,4
22655,4
22656,4
22657,4
22658,4
04832,1
22659,4
2776,2
22660,4
22661,4
22662,4
22663,4
22664,4
22665,4
22666,4
22667,4
22668,4
22669,4
22670,4
06093,1
22671,4
22672,4
22673,4
22674,4
22675,4
22676,4
22677,4
22678,4
22679,4
1676,4
22680,4
22681,4
1459,2
22682,4
22683,4
22684,4
04383,1
22685,4
22686,4
22687,4
22688,4
22689,4
2542,2
22690,4
1291,12
22691,4
22692,4
22693,4
22694,4
22695,4
22696,4
22697,4
22698,4
22699,4
22700,4
22701,4
22702,4
22703,4
22704,4
22705,4
22706,4
22707,4
22708,4
22709,4
22710,4
1696,4
22711,4
22712,4
22713,4
22714,4
22715,4
22716,4
22717,4
22718,4
22719,4
22720,4
22721,4
22722,4
22723,4
22724,4
22725,4
0988,1
22726,4
22727,4
22728,4
22729,4
22730,4
22731,4
22732,4
22733,4
22734,4
22735,4
22736,4
08956,1
22737,4
22738,4
4556,4
22739,4
22740,4
22741,4
22742,4
22743,4
22744,4
22745,4
22746,4
22747,4
22748,4
22749,4
22750,4
22751,4
22752,4
22753,4
22754,4
22755,4
22756,4
22757,4
22758,4
22759,4
22760,4
22761,4
22762,4
22763,4
22764,4
22766,4
22767,4
22768,4
22769,4
22770,4
22771,4
22772,4
22773,4
22774,4
22775,4
22776,4
22777,4
2188,2
22778,4
22779,4
22780,4
22781,4
22782,4
22783,4
07064,1
22784,4
22785,4
22786,4
22787,4
22788,4
22789,4
22790,4
22791,4
22792,4
22793,4
22794,4
22795,4
22796,4
22797,4
22798,4
22799,4
22800,4
01434,1
22801,4
22802,4
4207,3
22803,4
22804,4
22805,4
22806,4
22807,4
22808,4
22809,4
22810,4
22811,4
22812,4
22813,4
22814,4
22815,4
22816,4
22817,4
22818,4
2162,4
22819,4
22820,4
22821,4
22823,4
2552,3
22824,4
22825,4
22826,4
22827,4
22828,4
22829,4
22830,4
22831,4
22832,4
22833,4
22834,4
22835,4
22836,4
22837,4
22838,4
06513,1
22839,4
22840,4
22841,4
22842,4
4707,1
22843,4
22844,4
22845,4
22846,4
22847,4
4073,7
22848,4
22849,4
4718,3
22850,4
22851,4
22852,4
22853,4
22854,4
22855,4
22856,4
22857,4
22858,4
22859,4
22860,4
22861,4
22862,4
22863,4
22864,4
22865,4
22866,4
22867,4
22868,4
22869,4
22870,4
22871,4
22872,4
22873,4
22874,4
22875,4
22876,4
22877,4
22878,4
22879,4
09408,1
22880,4
22881,4
03063,1
22882,4
22883,4
22884,4
22885,4
22886,4
22887,4
22888,4
22889,4
22890,4
22891,4
22892,4
22893,4
3652,7
22894,4
22895,4
22896,4
22897,4
22898,4
1414,4
22899,4
22900,4
22901,5
22902,4
22904,4
22905,4
006375,1
22906,4
22907,4
22908,4
22909,4
22910,4
22911,4
22912,4
22913,4
22914,4
22915,4
22916,4
22917,4
22918,4
04795,1
22920,4
22921,4
22922,4
22923,4
22924,4
22925,4
22926,4
22927,4
22928,4
22929,4
22930,4
22931,4
22932,4
22933,4
22934,4
22935,4
22936,4
22937,4
22938,4
22939,4
22940,4
22941,4
4848,5
22942,4
22943,4
22945,4
22946,4
22947,4
22948,4
22949,4
22950,4
22951,4
22952,4
22953,4
22954,4
22955,4
22956,4
04589,3
22957,4
22958,4
22959,4
22960,4
22961,4
22962,4
22963,4
22964,4
1891,6
22965,4
2959,1
22966,4
22967,4
22968,4
22969,4
22970,4
22971,4
04652,1
22972,4
22973,4
22974,4
22975,4
22976,4
22977,4
22978,4
22979,4
22980,4
22981,4
22982,4
2628,6
22983,4
22984,4
22985,4
22986,4
22987,4
22989,4
22990,4
22991,4
22992,4
22993,4
0265,1
22994,4
22995,4
22996,4
22997,4
22998,4
22999,4
23000,4
23001,4
23002,4
23003,4
23004,4
23005,4
23006,4
23007,4
23008,4
23009,4
03408,1
23010,4
23011,4
23012,4
23013,4
23014,4
23015,4
23016,4
23017,4
23019,4
23020,4
23021,4
23022,4
23023,4
23024,4
23025,4
23026,4
23027,4
23028,4
23029,4
23030,4
23031,4
23032,4
23033,4
23034,4
09295,1
23035,4
4067,3
23037,4
23038,4
23039,4
23041,4
04246,2
23042,4
23043,4
23044,4
23045,4
07799,1
23046,4
23047,4
23048,4
23049,4
23050,4
23051,4
23052,4
23053,4
23054,4
23055,4
23056,4
2863,6
23058,4
23059,4
23060,4
23061,4
23062,4
23063,4
23064,4
23065,4
23066,4
23067,4
2244,3
23068,4
23070,4
23071,4
23072,4
23073,4
23074,4
23075,4
23076,4
23077,4
23078,4
23079,4
23080,4
23081,4
23082,4
23083,4
23084,4
23085,4
23086,4
23087,4
23088,4
23089,4
23090,4
23091,4
23092,4
23093,4
23094,4
23095,4
23096,4
23097,4
23098,4
23099,4
23100,4
23101,5
23102,4
23103,4
23104,4
23105,4
23106,4
23107,4
23108,4
23109,4
23110,4
04248,1
23111,4
23112,4
23113,4
23114,4
001403,1
23115,4
23116,4
23117,4
23118,4
23119,4
23120,4
23121,4
23122,4
23123,4
23124,4
23125,4
23126,4
23127,4
0888,1
23128,4
23129,4
23130,4
23131,4
23132,4
23133,4
3392,3
23134,4
23135,4
23136,4
23137,4
23138,4
23139,4
23140,4
23141,4
23142,4
23143,4
04519,1
23145,4
23146,4
23147,4
08489,2
23149,4
23150,4
3502,2
23152,4
23153,4
23154,4
23155,4
23156,4
23157,4
23159,4
23160,4
23161,4
23162,4
01203,1
23163,4
23164,4
23165,4
23166,4
23167,4
23168,4
08615,1
23169,4
2198,3
23170,4
23171,4
23172,4
23173,4
23174,4
23175,4
23176,4
23177,4
23178,4
23179,4
23180,4
23181,4
23182,4
1448,4
23183,4
23184,4
23185,4
23186,4
23187,4
23188,4
23189,4
4731,8
23190,4
23191,4
23192,4
23193,4
23194,4
23195,4
23196,4
0703,2
23197,4
23198,4
23199,4
23200,4
23201,4
23202,4
05758,1
23203,4
09676,1
23204,4
23205,4
23206,4
23207,4
2287,1
23208,4
23209,4
23210,4
23211,4
23212,4
23213,4
23214,4
23215,4
23216,4
23217,4
23218,4
23219,4
05952,1
23220,4
23221,4
23222,4
3726,6
23223,4
23224,4
23225,4
23226,4
23227,4
23228,4
23229,4
23230,4
23231,4
23232,4
23233,4
23234,4
2838,3
23235,4
23236,4
3579,3
23237,4
23238,4
23239,4
23240,4
23241,4
23242,4
23243,4
23244,4
23245,4
23246,4
23247,4
23248,4
04646,1
23249,4
23250,4
23251,4
23252,4
23253,4
23254,4
23255,4
23256,4
23257,4
23258,4
23259,4
23260,4
23261,4
23262,4
23263,4
23264,4
23265,4
23266,4
23267,4
07333,2
23268,4
23269,4
23270,4
23271,4
23272,4
23273,4
23274,4
23275,4
23276,4
23277,4
23278,4
23279,4
23280,4
23281,4
23282,4
23283,4
23284,4
23285,4
23286,4
23287,4
004209,2
23288,4
23289,4
23290,4
23291,4
23292,4
23293,4
23294,4
4727,5
23295,4
23296,4
23297,4
23298,4
23299,4
23300,4
23301,4
955,14
23302,4
23303,4
23304,4
2878,2
23305,4
23306,4
23307,4
0142,2
23308,4
23309,4
23310,4
23311,4
3385,5
23312,4
23313,4
23314,4
2285,6
23315,4
23316,4
23317,4
23318,4
23319,4
23320,4
23321,4
23322,4
23323,4
23324,4
23325,4
23326,4
23327,4
23328,4
23329,4
23330,4
23331,4
23332,4
23333,4
23334,4
23336,4
23337,4
23338,4
23339,4
23340,4
23341,4
23342,4
23343,4
23344,4
23345,4
2084,3
23346,4
23347,4
23348,4
23349,4
23350,4
23351,4
3928,3
23353,4
23354,4
23355,4
23356,4
23357,4
23358,4
23359,4
23360,4
23361,4
23362,4
23363,4
23364,4
23365,4
23366,4
23367,4
23368,4
23369,4
23370,4
2944,3
23371,4
23372,4
23373,4
23374,4
23375,4
23376,4
23377,4
23378,4
2625,7
23379,4
23380,4
23381,4
23382,4
23383,4
23384,4
23385,4
23386,4
3568,2
23387,4
23388,4
23389,4
23390,4
23391,4
23392,4
23393,4
23394,4
23395,4
23396,4
04668,2
23397,4
23398,4
23399,4
23400,4
23401,5
23402,4
23403,4
23404,4
23405,4
23406,4
4754,4
23407,4
07676,1
23408,4
23409,4
23410,4
23411,4
23412,4
1011,5
23413,4
23414,4
3742,5
23415,4
23416,4
23417,4
23418,4
23419,4
23420,4
23421,4
23422,4
23423,4
3137,3
23424,4
23425,4
23426,4
23427,4
23428,4
23429,4
23430,4
23431,4
23432,4
23433,4
23434,4
23435,4
23436,4
23437,4
23438,4
23439,4
23440,4
23441,5
23442,5
23443,4
23444,4
23445,4
2983,3
23446,4
23447,4
23448,4
05815,1
23449,4
3035,2
23450,4
23451,4
23452,4
23453,4
23454,4
23455,4
23456,4
23457,4
23458,4
05993,1
23459,4
23460,4
23461,4
23462,4
23463,4
23464,4
23465,4
23466,4
23467,4
23468,4
23469,4
23470,4
23471,4
23472,4
23473,4
23474,4
23475,4
23476,4
23477,4
23478,4
23479,4
23480,4
23481,4
23482,4
23483,4
23484,4
23485,4
23486,4
23487,4
23488,4
23489,4
23490,4
06885,1
23491,4
23492,4
23493,4
23494,4
23495,4
23496,4
23497,4
23498,4
23499,4
23500,4
23501,4
23502,4
23503,4
23504,4
23505,4
23506,4
23507,4
23508,4
23509,4
23510,4
23512,4
23513,4
23514,4
23515,4
23516,4
23517,4
05366,1
23518,4
23519,4
23520,4
23521,4
23522,4
23523,4
23524,4
1497,8
23525,4
23526,4
23527,4
23528,4
23529,4
23530,4
23531,4
23532,4
23533,4
23534,4
23536,4
23537,4
06615,2
23538,4
23539,4
23540,4
23541,4
02467,1
23542,4
23543,4
23544,4
23545,4
23546,4
23547,4
23548,4
23549,4
23550,4
23551,4
23552,4
23553,4
23554,4
23555,4
23556,4
23557,4
23558,4
23559,4
23560,4
23561,4
23562,4
23563,4
23564,4
23565,4
23566,4
23567,4
23568,4
02706,1
23569,4
23570,4
23571,4
23572,4
23573,4
23574,4
23575,4
23576,4
01772,2
23577,4
23578,4
23579,4
23580,4
23581,4
23582,4
23583,4
23584,4
23585,4
23586,4
23587,4
23588,4
23589,4
23590,4
23591,4
08257,1
23592,4
0428,1
23593,4
23594,4
23595,4
23596,4
23597,4
23598,4
23599,4
23600,4
23601,5
23602,4
23603,4
07263,2
23604,4
23605,4
23606,4
23607,4
23608,4
23609,4
3882,4
23610,4
23611,4
23612,4
23613,4
23614,4
23616,4
23617,4
23618,4
23619,4
23620,4
23621,4
23622,4
23623,4
23624,4
23625,4
23626,4
23627,4
23628,4
004489,1
23629,4
23630,4
23631,4
23632,4
07624,1
23633,4
03975,1
23634,4
23635,4
23636,4
2649,7
23637,4
23638,4
23639,4
23640,4
23641,5
23642,4
23643,4
23644,4
23645,4
23646,4
23647,4
23648,4
23649,4
23650,4
23651,5
23652,5
23653,5
23654,4
23655,4
23656,4
23657,4
23658,4
23659,4
23660,4
23661,4
23662,4
23663,4
4995,2
23664,4
23665,4
23666,4
23667,4
23668,4
23669,4
23670,4
23671,4
23672,4
23673,4
07942,1
23674,4
23675,4
23676,4
23677,4
23678,4
23679,4
23680,4
4396,3
23681,4
23682,4
23683,4
23684,4
23685,4
08491,1
23686,4
23687,4
23688,4
23689,4
23690,4
23691,4
23692,4
23693,4
23694,4
23695,4
23696,4
23697,4
08272,1
23698,4
23699,4
23700,4
23701,4
23702,4
23703,4
23704,4
23705,4
23706,4
23707,4
23708,4
0751,1
23709,4
23710,4
23711,4
23713,4
23714,4
23715,4
23716,4
23717,4
2347,4
23718,4
23719,4
23720,4
23721,4
23722,4
23723,4
23724,4
23725,4
23726,4
23727,4
23728,4
23729,4
23730,4
23731,4
23732,4
23733,4
23734,4
23735,4
23736,4
23737,4
23738,4
23739,4
23740,4
23741,4
23742,4
01513,2
23743,4
23744,4
23745,4
23746,4
23747,4
23748,4
02491,2
23749,4
23750,4
23751,4
23752,4
2731,3
23753,4
23754,4
23755,4
23756,4
23757,4
23758,4
23759,4
23760,4
23762,4
23763,4
08781,2
23764,4
23765,4
23766,4
23767,4
23768,4
23769,4
23770,4
23771,4
4833,7
23772,4
23773,4
2432,5
23774,4
23775,4
23776,4
23777,4
23778,4
23779,4
23780,4
23781,4
23782,4
01752,2
23783,4
23784,4
23785,4
23786,4
23787,4
23788,4
23789,4
23790,4
23791,4
23792,4
23793,4
23794,4
23795,4
23796,4
23797,4
23798,4
23799,4
23800,4
23801,5
2968,7
23802,5
23803,4
23804,4
23805,4
23806,4
23807,4
23808,4
23809,4
23810,4
23811,4
23812,4
23813,4
23814,4
23815,4
23816,4
1555,5
23817,4
04573,1
23818,4
23819,4
23820,4
23821,4
23822,4
23823,4
4611,5
23824,4
3371,3
23825,4
23826,4
23827,4
23829,4
23830,4
23831,4
23832,4
23833,4
09013,1
23834,4
23835,4
23836,4
23837,4
23838,4
23839,4
23840,4
23841,5
23842,4
23843,4
23844,4
23845,4
23846,4
23847,4
23848,4
23849,4
23850,4
23851,4
2121,7
23852,4
23853,4
009037,1
23854,4
23855,4
23856,4
23857,4
23858,4
23859,4
23860,4
23861,4
23863,4
0425,3
23864,4
23865,4
23866,4
23867,4
23868,4
09334,2
23869,4
23870,4
23871,4
23872,4
23873,4
23874,4
0773,2
23875,4
23876,4
0402,2
23877,4
23878,4
23879,4
23880,4
23881,4
23882,4
09141,1
23883,4
02278,1
23884,4
23885,4
23886,4
23887,4
23888,4
03859,1
23889,4
23890,4
1799,1
23891,4
23892,4
23893,4
1165,6
23894,4
23895,4
23896,4
23897,4
09392,1
23898,4
23899,4
4728,2
23900,4
23901,5
23902,5
23903,4
23904,4
23905,4
23906,4
23907,4
23908,4
23909,4
23910,4
23911,4
23912,4
23913,4
23914,4
23915,4
23916,4
23917,4
23918,4
23920,4
23921,4
23922,4
23923,4
23924,4
23925,4
23926,4
23927,4
23928,4
23929,4
23930,4
23931,4
23932,4
23933,4
23934,4
23935,4
23936,4
23937,4
23938,4
23939,4
23940,4
23941,5
23942,4
23943,4
1273,6
23944,4
23945,4
05223,1
23946,4
23947,4
23948,4
23949,4
23950,4
23951,4
23952,4
23953,4
23954,4
23955,4
23956,4
23957,4
23958,4
23959,4
23960,4
23961,4
04227,1
23962,4
23963,4
23964,4
005405,1
23965,4
23966,4
23967,4
23968,4
23969,4
23970,4
23971,4
23972,4
23973,4
23974,4
2924,5
23975,4
23976,4
03514,1
23977,4
23978,4
23979,4
23980,4
23981,4
23982,4
23983,4
23984,4
23985,4
23986,4
23987,4
23988,4
23989,4
23990,4
23991,4
23992,4
23993,4
23994,4
23995,4
23996,4
23997,4
23998,4
23999,4
24001,4
24002,4
24003,4
24004,4
24005,4
24006,4
3322,4
24007,4
24008,4
24009,4
24010,4
24011,4
1416,3
24012,4
24013,4
24014,4
24015,4
24016,4
05761,1
24017,4
24018,4
24019,4
24020,4
24021,4
24022,4
24023,4
24024,4
24025,4
24026,4
24027,4
24028,4
24029,4
24030,4
24031,4
24032,4
24033,4
1182,4
24034,4
24035,4
24036,4
24037,4
24038,4
24039,4
24040,4
24041,4
24042,4
24043,4
24044,4
24045,4
24046,4
24047,4
24048,4
24049,4
24050,4
24052,4
24053,4
24054,4
24055,4
24056,4
24057,4
24058,4
24059,4
24060,4
24061,4
24062,4
24063,4
24064,4
24065,4
24066,4
24067,4
4745,3
24068,4
24069,4
24070,4
2499,7
24071,4
24072,4
2693,1
24073,4
24074,4
24075,4
24076,4
24077,4
3766,4
24078,4
1628,6
24079,4
24080,4
24081,4
24082,4
24083,4
24084,4
24085,4
24086,4
05693,1
24087,4
24088,4
24089,4
24090,4
24091,4
24092,4
24093,4
24094,4
24095,4
08193,2
24096,4
24097,4
24098,4
05794,1
24099,4
24100,4
24101,4
24102,4
24103,4
24104,4
24105,4
24106,4
24107,4
24108,4
24109,4
24110,4
24111,4
24112,4
24113,4
24114,4
24115,4
24116,4
24117,4
24119,4
24120,4
24121,4
24122,4
24123,4
24124,4
24125,4
24126,4
24127,4
24128,4
24129,4
24130,4
24131,4
24132,4
24133,4
24134,4
24135,4
24136,4
24137,4
24138,4
24139,4
24140,4
24141,4
24142,4
24143,4
24144,4
24145,4
24146,4
24147,4
24148,4
04851,1
24149,4
24150,4
24151,4
1535,4
05021,2
24153,4
24154,4
24155,4
24156,4
24157,4
24158,4
24159,4
24160,4
24161,4
24162,4
24163,4
2752,3
24164,4
24165,4
24166,4
24167,4
1797,7
24168,4
24169,4
24170,4
24171,4
24172,4
24173,4
4729,8
24174,4
24175,4
24176,4
24177,4
4966,5
24178,4
24179,4
24180,4
24181,4
24182,4
24183,4
24184,4
24185,4
24186,4
24187,4
24188,4
24189,4
24190,4
24191,4
24192,4
24193,4
24194,4
04692,1
24195,4
24196,4
24197,4
24198,4
24199,4
24200,4
24201,5
24202,4
24203,4
24204,4
24205,4
24206,4
24207,4
24208,4
24209,4
24210,4
24211,4
24212,4
24213,4
24214,4
24215,4
3245,2
24216,4
24217,4
24218,4
24219,4
24220,4
24221,4
24222,4
24223,4
24224,4
24225,4
24226,4
24227,4
24228,4
3923,3
24229,4
24230,4
04902,1
24231,4
07696,1
24232,4
24233,4
24234,4
04085,3
24235,4
24236,4
24237,4
24238,4
24239,4
24240,4
24241,4
24242,4
24243,4
24244,4
24245,4
24246,4
24247,4
24248,4
24249,4
24250,4
24251,5
24252,4
24253,4
24254,4
24255,4
24257,4
24258,4
24259,4
24260,4
03751,1
24261,4
24263,4
24264,4
24265,4
24266,4
03027,1
24267,4
24268,4
24269,4
24270,4
24271,4
24272,4
24273,4
04537,2
24274,4
1357,7
24275,4
24276,4
24277,4
24278,4
24279,4
04411,1
24280,4
007245,1
24281,4
24282,4
24283,4
24284,4
24285,4
24286,4
24287,4
24288,4
24289,4
06382,2
24290,4
24291,4
24292,4
24293,4
24294,4
24295,4
24296,4
24297,4
24298,4
24299,4
24300,4
24301,4
24302,4
24303,4
24304,4
03687,1
24306,4
24307,4
24308,4
24309,4
24310,4
24311,4
4387,5
24312,4
24313,4
24314,4
24315,4
24316,4
24317,4
24318,4
24319,4
24320,4
24321,4
24322,4
24323,4
24324,4
24325,4
24326,4
07848,1
24327,4
1577,4
24328,4
24329,4
24330,4
0965,1
24331,4
24332,4
24333,4
24334,4
24335,4
24336,4
24337,4
24338,4
24339,4
24340,4
24341,4
24342,4
24343,4
24344,4
24345,4
24347,4
1353,6
24348,4
24349,4
24350,4
24351,4
24352,4
24353,4
24354,4
24355,4
24356,4
24357,4
24358,4
24359,4
24360,4
24361,4
24362,4
24363,4
24364,4
24365,4
24366,4
24367,4
24368,4
24369,4
24370,4
03928,2
24371,4
24372,4
24373,4
24374,4
4188,1
24375,4
24376,4
24377,4
24378,4
24379,4
24380,4
24381,4
24382,4
24383,4
02575,1
24384,4
24385,4
24386,4
24387,4
4015,2
24388,4
24389,4
24390,4
24391,4
00907,1
24392,4
24393,4
24394,4
24395,4
24396,4
24397,4
24398,4
24399,4
24400,4
24401,5
24402,4
24403,4
24404,4
24405,4
04588,2
24406,4
24407,4
07534,1
24408,4
24409,4
24410,4
3339,3
24411,4
24412,4
3288,5
24413,4
24414,4
24415,4
24416,4
24417,4
24418,4
24419,4
4755,3
24420,4
24421,4
24422,4
24423,4
09275,1
24424,4
24425,4
07202,1
24426,4
24427,4
24428,4
24429,4
24430,4
24431,4
24433,4
24434,4
24435,4
24437,4
24438,4
24439,4
08398,1
24440,4
24441,4
24442,4
24443,4
24444,4
24445,4
24446,4
24447,4
24448,4
24449,4
24450,4
24451,4
24452,4
24453,4
24454,4
24455,4
24456,4
24457,4
24458,4
24459,4
2635,6
24460,4
24461,4
24462,4
24463,4
4254,2
24464,4
24465,4
24466,4
24467,4
24468,4
24469,4
24470,4
24471,4
24472,4
24473,4
08848,1
24474,4
03943,2
24475,4
24476,4
2742,2
24477,4
24478,4
24479,4
02216,2
24480,4
24481,4
24482,4
24483,4
24484,4
24485,4
24486,4
24487,4
24488,4
24489,4
24490,4
24491,4
24492,4
0856,1
24493,4
24494,4
24495,4
24496,4
24497,4
24498,4
24499,4
24500,4
24501,5
24502,4
24503,4
24504,4
2465,6
24505,4
24506,4
24507,4
24508,4
24509,4
24510,4
24511,4
24512,4
24513,4
24514,4
24515,4
05642,1
24516,4
24517,4
007595,1
24518,4
24519,4
24520,4
24521,4
24522,4
24523,4
24524,4
24525,4
24526,4
24527,4
24528,4
24529,4
24530,4
24532,4
24533,4
24534,4
24535,4
24536,4
24537,4
24538,4
24539,4
24540,4
24541,5
24542,4
06536,1
24543,5
24544,4
24545,4
24546,4
24547,4
24548,4
24549,4
24550,4
24551,4
24552,5
24553,5
24554,4
06611,1
24555,4
24556,4
24557,4
24558,4
24559,4
24560,4
24562,4
24564,4
06289,1
24565,4
24566,4
24567,4
24568,4
24569,4
24570,4
24571,4
24572,4
24573,4
24574,4
24575,4
24576,4
24577,4
24578,4
24579,4
24580,4
24581,4
24582,4
24583,4
24584,4
24586,4
24587,4
24588,4
24589,4
24590,4
24591,4
24592,4
24593,4
24594,4
24595,4
24596,4
24597,4
24598,4
24599,4
24600,4
24602,4
24603,4
24604,4
24605,4
24606,4
24607,4
24608,4
24609,4
4041,5
24610,4
24611,4
24612,4
24613,4
24614,4
24615,4
24616,4
24617,4
24618,4
24619,4
24620,4
24621,4
1314,4
24622,4
24623,4
24624,4
2606,2
24625,4
24626,4
24627,4
24629,4
24630,4
24631,4
24632,4
24633,4
24634,4
24635,4
24636,4
24637,4
24638,4
24639,4
24640,4
24641,4
24643,4
24644,4
24645,4
24646,4
24647,4
24648,4
24649,4
24650,4
09518,1
24651,4
24652,4
02753,2
24653,4
24655,4
24656,4
24657,4
24658,4
02065,2
24659,4
24660,4
24661,4
24662,4
24663,4
24664,4
24665,4
24666,4
08049,1
24667,4
24669,4
24670,4
24671,4
2961,8
24672,4
24673,4
24674,4
24675,4
24676,4
24677,4
24678,4
24679,4
24680,4
24681,4
24682,4
24683,4
24684,4
24685,4
24686,4
24687,4
24688,4
24689,4
24690,4
2683,2
24691,4
24692,4
3671,4
24693,4
24694,4
24695,4
24696,4
24697,4
24698,4
24699,4
24700,4
24701,5
24702,4
24703,4
24704,4
24705,4
05641,2
24706,4
24707,4
08316,1
24708,4
24709,4
24710,4
24711,4
24712,4
24713,4
24714,4
24715,4
24716,4
24717,4
24718,4
24719,4
24720,4
24721,4
24722,4
24723,4
24724,4
24725,4
24726,4
4279,5
24727,4
24728,4
24729,4
24730,4
24731,4
24732,4
4246,8
24733,4
24734,4
24735,4
24736,4
24737,4
24738,4
24739,4
04322,2
24740,4
24741,5
24742,4
24743,4
24744,4
24745,4
24747,4
24748,4
24749,4
24750,4
24751,4
24752,4
24753,4
24754,4
24755,4
24756,4
24757,4
24758,4
24759,4
24760,4
24761,4
24762,4
24763,4
24764,4
24765,4
24766,4
07488,2
24767,4
24768,4
3311,3
24769,4
24770,4
24771,4
24772,4
24773,4
24774,4
24775,4
24777,4
24778,4
24779,4
24780,4
24781,4
2484,4
24782,4
24783,4
4421,5
24784,4
24785,4
03651,1
24786,4
24787,4
24788,4
24789,4
24790,4
24791,4
24792,4
24793,4
24794,4
24795,4
24796,4
24797,4
24798,4
24799,4
24800,4
24801,5
24802,4
24803,4
24804,4
24805,4
24806,4
24807,4
24808,4
24809,4
24810,4
24811,4
24812,4
24813,4
24814,4
24815,4
24816,4
24817,4
24818,4
24819,4
24820,4
24821,4
24822,4
24823,4
24824,4
24825,4
24826,4
24827,4
24828,4
24829,4
24830,4
24831,4
24832,4
24833,4
24834,4
24835,4
24836,4
24837,4
24838,4
24839,4
24840,4
24841,4
24842,4
24843,5
24844,4
24845,4
24846,4
24847,4
24848,4
24849,4
24850,4
24851,5
24852,4
24853,4
24854,4
24855,4
24856,4
24857,4
05989,1
24858,4
002322,1
24859,4
24860,4
24862,4
24863,4
24864,4
24865,4
24866,4
24867,4
24868,4
24869,4
2621,1
24870,4
24871,4
24872,4
24873,4
24874,4
24875,4
24876,4
24877,4
24878,4
24879,4
24880,4
24881,4
24882,4
24883,4
24884,4
24885,4
24886,4
24887,4
24888,4
24889,4
24890,4
24891,4
24892,4
24894,4
24895,4
24896,4
24897,4
24898,4
24899,4
24900,4
24901,4
01807,1
24902,4
24903,4
24904,4
24905,4
24906,4
24907,4
24908,4
24909,4
24910,4
24911,4
24912,4
24913,4
24914,4
24915,4
24916,4
24917,4
24918,4
24919,4
3255,8
24921,4
07122,1
24922,4
24923,4
24924,4
24925,4
24926,4
24927,4
24928,4
24929,4
24930,4
24931,4
24932,4
24934,4
24935,4
24936,4
24937,4
24938,4
08577,1
24939,4
24940,4
24941,4
24942,4
24943,4
24944,4
24945,4
24946,4
24947,4
24948,4
24950,4
24951,4
24952,4
24953,4
02251,1
24954,4
24955,4
24956,4
04417,1
24957,4
0322,4
24958,4
24959,4
24960,4
08965,3
24961,4
24962,4
24963,4
24964,4
24965,4
24966,4
24967,4
24968,4
24969,4
07419,1
24970,4
24971,4
24972,4
06797,2
24973,4
08021,1
24974,4
24975,4
24976,4
24977,4
24978,4
24979,4
24980,4
02274,2
24981,4
24982,4
24983,4
24985,4
24986,4
07098,1
24987,4
24988,4
24989,4
24990,4
24991,4
24992,4
24993,4
24994,4
24995,4
24996,4
24997,4
24998,4
24999,4
25000,4
1623,5
4113,3
06564,1
0834,1
05699,2
02314,1
0696,1
02293,1
07018,1
0582,1
09126,2
4354,1
02864,1
004282,1
4508,5
03835,2
3453,5
07804,2
07725,1
01734,1
08644,2
002082,1
02559,2
02775,2
2951,4
3347,4
3547,4
09554,1
07599,1
05898,1
4151,3
1861,9
1383,11
0604,1
2539,3
4663,4
09384,1
04607,1
4369,2
02815,1
08472,1
2047,7
2594,2
04214,1
3283,3
0836,2
04423,1
03267,2
02276,1
005542,1
0794,1
4528,7
03175,2
3673,2
1062,3
05533,1
04161,1
4968,3
01422,1
2933,4
01333,1
05355,1
02025,1
009556,1
09975,2
4505,2
001278,1
01253,1
4005,6
05592,1
4725,6
3964,2
4296,2
01175,1
09451,1
07045,1
05932,1
02005,1
004248,1
4002,4
4642,4
03162,1
008796,1
09651,1
1077,5
01384,2
4049,7
08675,2
06834,1
06105,1
05779,1
08601,2
08274,1
08372,1
007489,1
07611,1
2232,3
009966,1
08059,1
04979,1
06234,2
04871,2
3826,1
08055,3
07999,1
09143,1
0175,2
3771,6
06942,1
08208,1
06243,2
1736,12
461e,3
04167,3
03788,3
2134,3
4651,4
3911,5
04518,1
007031,1
08758,1
09267,4
3068,2
007414,1
0571,2
2236,6
4205,4
08037,1
01699,2
09365,1
005809,1
08741,3
08156,2
4026,2
02953,1
2932,4
01347,2
3859,4
0397,1
02037,1
2598,3
4691,6
02545,2
4807,4
03056,1
09876,2
007973,1
004506,3
4571,1
006677,1
02015,2
09549,1
02698,1
3268,3
1892,5
07428,1
05637,1
09473,1
00468,1
05255,2
4338,1
08997,1
0799,1
08035,1
02124,1
2315,2
3615,3
04867,1
008976,1
4609,4
2677,5
3445,1
2468,6
05783,1
3893,6
07603,1
03727,1
3571,3
09202,1
2687,7
02299,1
2875,4
4555,4
07717,1
03993,2
1827,3
09479,2
01183,2
3524,3
007591,1
02468,1
06878,1
0762,1
3816,3
04787,1
04205,1
07886,1
05665,1
1657,1
3711,5
4976,3
06452,1
2186,7
07895,1
05808,2
07481,1
09922,1
2736,4
4157,5
08799,2
1473,5
03499,1
3563,3
07909,1
05317,2
07116,1
1776,3
2631,2
03688,1
2372,3
3296,5
4358,2
03527,1
3497,3
06782,1
003051,1
09239,1
4414,3
2443,3
02892,1
01616,2
1766,2
03814,1
06235,2
3223,4
3951,2
02802,1
07092,1
01846,1
2568,3
07147,1
04095,1
03244,1
07698,1
003458,1
4785,2
03105,2
04929,1
01196,1
3938,5
06817,1
004582,1
09568,1
2227,5
3885,3
2338,5
01201,1
1812,5
07894,1
03287,1
2991,6
2856,4
0396,1
009801,1
004238,1
1022,3
006997,1
01031,2
4373,7
08001,1
007371,1
06114,1
4509,4
02544,2
2564,1
4781,4
4517,2
3403,3
1185,6
03069,1
05581,1
01167,2
08189,2
4017,6
3874,6
0192,2
4803,3
1835,7
2753,2
3599,6
0212,1
05845,1
3478,5
07067,1
4715,4
09367,1
1834,3
04823,1
3439,4
02733,1
0989,1
0296,2
06493,1
3141,5
2473,2
3997,5
08881,1
06989,1
01025,1
1224,7
2414,10
06504,1
02365,2
3202,6
03454,1
04523,1
4624,1
07677,1
2276,8
05791,1
3722,4
02745,3
0162,2
1262,7
08258,1
4371,3
09224,1
005296,1
01682,1
1932,1
06785,1
1636,3
3701,3
03587,1
1176,1
2888,8
1255,4
1687,5
4867,5
03308,3
09304,1
06655,1
3029,2
04215,1
3773,4
08469,2
04878,2
1683,3
3811,3
2115,3
1403,2
4926,6
4767,3
08677,1
05468,1
3454,5
2847,4
00882,1
03681,1
2393,3
08043,1
07733,1
08308,2
04206,1
09298,1
02209,3
1188,4
08561,1
02569,1
09182,1
03686,1
3096,3
07387,1
04517,1
008427,1
04291,2
09869,1
02033,1
4906,4
03624,1
4775,3
07378,1
008495,1
07235,1
03799,1
3879,4
3475,2
4789,8
01047,1
08539,1
06588,1
1579,3
04434,1
2835,1
3611,5
04654,1
3286,3
4735,4
03907,1
4356,4
07142,1
1544,4
2275,2
08722,1
08105,1
04665,1
06861,1
03385,1
03812,1
2311,2
01728,2
05146,1
06746,1
3079,3
006414,1
3057,3
01835,1
4722,4
05389,1
05813,1
05039,1
08409,1
4761,4
4862,6
3407,3
04815,1
06084,1
3809,2
4812,4
3231,4
3254,2
09406,1
03012,1
1042,5
08441,2
4446,6
01213,2
3413,3
01771,3
2921,4
08603,1
04959,1
3484,5
07919,1
2398,1
06292,1
3909,2
4386,2
03405,2
07535,1
4342,2
4033,4
01358,1
08617,2
03626,1
3514,5
001955,1
06828,1
05185,1
05866,3
08967,1
02533,1
2953,4
09953,2
3098,3
07164,3
0253,1
02173,1
1594,6
06416,2
3506,3
07868,1
0781,2
06009,1
03133,1
09068,2
1494,6
09263,1
009931,1
4163,2
009515,1
03249,1
09102,1
06649,1
009203,1
07459,1
0148,1
09377,1
2697,8
05722,1
06968,1
07467,1
2316,3
4692,5
3151,1
05838,1
02821,1
2721,4
08324,1
02949,1
05748,1
008061,1
09075,1
1669,3
4928,5
4514,2
02438,1
08721,1
3455,3
01836,2
09264,1
0161,2
0657,1
0744,1
4184,2
04648,1
03988,1
02306,1
05166,1
08652,1
4124,1
05231,2
1026,3
06666,2
04087,1
2777,3
03776,2
08575,1
0614,1
4917,4
05527,1
09561,1
02088,1
09955,1
0235,2
01831,1
2367,6
008106,1
2963,4
05038,2
08942,3
01247,1
4483,2
07184,1
4924,3
01427,2
01111,1
05697,2
09514,1
2626,3
03442,1
06381,1
3739,4
1859,2
4656,4
04387,1
3836,5
442e,2
1764,8
08478,1
3844,7
3327,3
3915,4
4866,7
3282,3
04789,2
4815,4
03616,1
3807,5
09772,1
06901,1
2855,3
04924,1
05899,1
001267,1
06241,1
09748,1
3907,10
09927,1
08521,1
08382,1
2622,4
02098,1
06205,1
04024,1
2841,3
01923,2
3249,6
1032,2
04916,2
2238,3
02901,1
3459,1
005173,1
2785,4
2136,5
08552,1
02814,1
01995,2
03783,1
0775,1
4139,4
1832,1
09916,1
08516,1
0612,1
01179,1
006779,1
02521,1
3837,4
03235,1
4768,5
3595,3
01326,1
08622,2
3785,5
958e,3
01727,2
06368,1
2249,1
09093,1
2037,3
08387,1
07767,1
0252,1
05009,2
09779,1
08921,1
06147,1
05674,2
02572,1
1858,4
01164,1
4659,5
04049,1
03584,2
4407,4
01761,1
07992,1
05359,1
08524,1
01792,4
02039,1
0258,1
001957,1
4512,3
3795,4
04897,2
4743,3
06708,1
04894,1
008176,1
06354,1
02478,1
04535,1
04574,1
03858,1
07245,1
007237,1
005586,1
09355,1
03219,1
004615,1
05789,1
02043,1
08092,1
4536,2
1698,4
04354,1
02652,1
06096,1
07907,2
02198,1
06441,1
4766,5
06854,1
2876,9
05267,1
04596,2
2183,3
09124,1
04224,2
001513,1
08765,1
3315,3
05801,1
01681,1
01909,1
3208,4
02094,1
03035,4
2783,8
4025,4
1248,3
08872,2
3237,4
3661,3
07482,1
4597,4
006818,1
4941,2
4914,3
4475,3
07803,1
1631,4
4341,2
08108,1
04996,1
3681,7
3188,4
3341,2
007468,1
03592,1
3831,2
01585,1
4118,4
05488,1
03734,1
03447,1
05995,1
06095,1
05133,1
1284,3
06958,1
008006,1
02472,2
3567,2
01297,1
2406,4
01259,1
04813,1
05765,1
01828,1
05515,1
003517,1
3123,4
07322,1
03301,1
09717,1
09984,1
08593,1
4636,2
2185,1
04671,2
4478,1
06538,2
09858,2
09881,1
3248,3
001567,1
1684,4
4362,3
3735,6
03932,1
05148,1
03847,1
02622,1
07589,1
00946,1
05005,1
3651,5
02669,1
07171,1
4211,3
2612,3
003078,1
2969,1
04373,1
07531,2
06569,2
2638,6
01089,3
3621,3
4239,2
02368,2
0942,1
08403,2
05145,3
08986,1
03946,1
06736,1
2462,8
05766,1
02069,1
09722,1
3805,3
4628,2
4416,2
4753,3
005266,1
01997,4
04489,1
03373,1
0361,1
06468,1
04635,1
0187,1
003096,1
09279,1
02828,1
07477,1
2661,5
09743,1
1635,1
3158,4
4539,4
03895,1
3865,4
4169,3
01814,1
06387,1
0996,1
09678,2
2526,8
3534,4
00944,1
01713,1
1271,2
05242,1
02508,1
1289,3
06524,1
0386,1
08379,1
4462,3
06514,1
2745,2
04747,1
4696,2
3181,7
09022,2
02052,1
01608,1
05357,1
01019,3
3354,5
3755,2
004245,1
4592,5
4649,1
02511,1
005808,1
2668,3
02852,2
07857,1
0384,1
003117,1
04636,1
07824,1
1798,4
3133,3
07254,1
2945,3
2181,3
3889,4
03377,1
4299,4
3668,2
4919,6
2046,1
09242,1
05483,1
4278,4
09534,2
07837,1
4777,4
07249,1
06233,2
09802,1
08685,2
1046,5
09756,1
0667,1
08148,1
06321,2
02811,1
0274,1
03637,1
4627,7
02512,1
08642,1
07673,2
09481,2
3363,1
07968,1
2567,5
06037,1
01769,1
02127,1
02013,1
4125,2
005876,1
01548,1
08239,1
2699,2
3155,2
1083,2
09237,1
05698,1
08166,1
08006,1
001082,2
2335,6
4595,2
08286,1
02816,1
04032,1
04921,3
1622,3
05135,2
06644,1
06026,2
2448,4
04771,1
08658,1
4852,3
09254,1
06154,2
3693,4
09742,2
02499,2
3284,3
1217,1
04697,1
06417,1
02411,1
08032,1
0409,1
01233,1
4841,4
1569,2
05575,1
006587,1
05687,1
01218,1
04081,2
08867,2
07136,2
02578,1
05887,1
07955,1
0181,1
04904,1
06045,1
08944,1
08971,1
07264,1
07146,1
08932,1
2098,4
04182,1
08693,2
09348,1
09017,1
09358,2
01304,2
1688,3
09558,1
003629,1
05113,1
004596,1
3933,2
3362,3
07413,1
4029,4
3436,1
05076,1
02676,1
00822,1
08358,1
04058,1
3612,6
01232,1
02072,2
3754,1
03905,1
3433,3
01404,1
04015,1
4935,5
01329,1
3715,1
09463,1
009859,1
002909,1
4844,3
06687,1
1236,3
06647,1
07286,1
09789,1
003394,1
006918,1
08673,1
07821,1
09815,1
04467,2
01895,2
06699,1
02977,1
007883,1
07088,1
04093,1
4304,2
02539,1
4732,2
05597,1
3888,5
02367,1
03429,1
4368,3
03813,1
04436,1
3493,4
06703,1
3895,5
08242,1
003234,1
04826,1
4793,5
4533,5
07801,1
08835,1
04539,1
0792,2
3609,3
04193,1
0873,1
04874,1
08772,1
04194,1
09417,1
05982,1
3511,4
2199,3
3441,7
01989,1
06197,1
0726,1
1044,5
3458,3
09735,1
4057,2
3984,3
4543,3
05105,1
07426,1
01751,1
0452,1
09368,1
0733,1
01747,1
1094,3
07881,1
08219,1
07072,1
0466,1
07721,2
0619,1
2831,5
09461,1
07747,1
2905,2
4635,6
05929,2
01823,2
0828,1
04651,1
4545,3
3201,2
09252,2
03298,1
03478,2
01205,3
002606,1
07128,1
2586,3
1749,5
07084,1
0505,1
05564,1
06997,1
3625,3
06924,1
01764,1
03192,1
01369,2
3936,5
001308,3
02551,1
01153,1
01276,1
0209,1
09939,1
08681,1
07022,1
09663,1
05817,1
2156,6
09276,1
03748,1
4944,5
02778,1
01635,1
0816,1
0759,3
2917,3
02981,1
04609,1
07811,2
01079,1
06218,1
0333,1
008181,1
05189,1
0898,1
04837,1
4305,2
01779,1
03183,1
02943,1
4981,2
02074,1
02518,1
08701,1
07332,1
4182,3
03262,1
04544,1
03359,1
03507,1
4925,3
07739,1
3531,1
07699,1
09532,1
06121,1
04857,1
05977,1
02335,1
08287,1
02866,1
0288,1
02262,1
07457,1
05442,2
3917,1
04584,1
06759,1
4559,3
05829,1
4986,3
04723,1
02647,1
02019,1
02275,1
004257,1
0947,2
06168,2
09119,2
4466,4
009116,1
004876,1
04348,2
05944,1
0979,1
2967,7
06409,1
1656,1
04644,1
4327,2
04367,1
3129,6
05077,1
02633,3
0688,1
001907,1
09703,1
08573,2
02131,1
4121,1
3358,2
07371,1
147e,2
03685,1
05774,1
01192,1
05799,1
03191,1
003226,1
03913,1
04946,1
0922,2
06087,1
09059,1
08657,1
05907,1
04086,1
3927,4
0645,1
2609,4
00554,1
1333,1
2913,2
06518,1
08186,1
07162,1
4223,2
2674,2
02759,1
07305,1
04255,1
02691,1
007839,1
09248,1
4565,1
02911,1
05717,1
3419,2
4644,5
07397,1
09136,1
00118,1
4089,3
08448,1
06297,1
03111,1
07748,1
04111,2
1369,2
02707,1
0143,1
03455,1
3401,2
02908,2
1795,11
07596,1
01672,1
02798,1
004721,1
03486,1
009163,1
06584,1
4339,2
0478,1
03585,1
01338,1
0203,1
4264,2
07291,1
4178,2
03567,1
09223,2
3635,1
3973,6
09003,1
01038,1
06769,1
1113,2
06132,1
02064,2
01992,2
07872,1
05441,1
07642,1
05326,2
05131,1
09097,1
2142,3
05878,1
0866,1
0255,2
006887,1
816e,4
06124,1
02792,1
3323,4
004201,1
08641,1
09517,1
07056,1
006463,1
05653,1
08438,2
01716,1
05063,1
07583,1
3187,7
06556,1
02196,1
08851,1
06658,1
0124,1
0576,1
4578,4
4227,2
0865,1
09776,1
06739,1
06545,1
07331,1
1671,2
4506,3
01126,1
05603,1
09217,1
02055,1
4541,4
009358,2
01994,1
1694,1
05893,1
838e,2
08983,1
01898,2
00498,1
09211,1
06419,1
02891,1
09466,1
0718,1
08262,1
2053,1
1366,2
04703,1
01584,1
02391,1
05937,1
002063,1
02549,1
06226,2
3167,4
09419,2
2033,3
02998,1
03229,1
007273,1
07376,2
08095,1
3395,2
04344,1
003886,1
01561,1
3032,3
02695,3
03251,1
04808,1
04952,1
01222,2
01353,1
08011,1
06571,1
09536,2
0472,1
09774,2
07034,1
02584,2
4645,3
03423,1
03886,1
05615,1
1242,6
3136,4
03742,1
05749,1
03474,2
02856,1
08536,1
08557,2
05144,1
2461,3
0356,1
03154,1
008716,1
04598,1
01444,1
4621,6
0454,1
02964,1
06283,1
06499,1
01678,1
08227,2
04752,2
01317,1
06006,1
1264,4
04779,1
3335,4
09389,2
08822,1
08896,1
04381,1
03096,3
04036,1
003577,1
006098,1
0182,1
02285,2
04561,2
01569,1
06822,1
09711,1
01295,1
09811,1
0278,1
02577,2
01419,1
08078,1
09085,1
05137,2
05295,1
003667,1
04714,1
07924,1
004253,1
01732,1
002601,1
03313,1
009453,1
05832,1
05358,1
05788,1
3372,7
01109,1
2259,1
01612,1
004155,1
4548,4
05613,1
1245,3
0654,1
05835,1
05865,1
007215,1
05731,1
3675,2
07873,3
4335,2
0646,1
0766,1
07258,1
08528,1
07954,1
04003,1
03205,1
09786,1
02597,1
05981,1
09349,2
06609,1
06896,1
06042,1
04563,1
09709,2
004302,1
04309,1
005521,1
2328,4
08216,1
01438,2
08629,1
05713,2
05558,1
01824,1
07445,1
2439,1
03936,1
02229,1
07884,1
03158,1
06035,1
009451,1
316e,1
02831,1
07774,1
07356,1
05419,1
4631,4
008978,1
08233,2
06522,1
06882,1
04275,1
04384,2
08056,1
04061,1
002024,1
06815,1
09689,1
4423,3
01942,1
05807,1
03436,1
03511,3
08246,1
009484,1
4847,2
01778,1
06948,1
07241,1
02588,1
05568,1
07806,2
07455,1
4708,2
07409,1
01108,1
05406,1
008528,1
06756,1
3274,2
01163,1
04481,1
09065,2
2733,4
2763,3
4452,2
006273,1
003077,1
05604,1
06403,1
09706,1
09919,1
007791,1
4275,3
02782,1
04459,1
09625,1
09516,1
04281,1
005288,1
3075,2
4111,3
05625,1
08057,1
0546,1
01592,2
04863,1
03927,1
3109,2
0534,1
2494,5
06945,1
09626,1
05668,1
0551,1
02632,2
2389,3
001818,1
62e,3
03644,1
009139,1
3518,2
06988,1
4333,3
3026,4
0371,1
2114,4
02309,1
01523,1
06683,2
04406,1
07016,2
006439,1
008847,1
02396,2
05094,1
3624,5
09418,2
0714,1
04797,1
07827,1
003118,1
2833,3
013e,2
09823,2
05492,1
04107,1
03388,1
03746,1
08909,1
09784,2
07354,1
03551,1
06835,1
138e,1
005064,1
02279,1
02202,1
06757,1
1814,3
05619,2
09011,1
04566,1
04465,1
005944,2
08321,1
0838,1
06575,1
02163,1
1885,2
09362,1
3691,2
1521,4
09186,1
03396,1
2722,2
02825,1
07504,1
07432,1
08222,1
02889,1
02658,1
003345,1
2474,3
05002,1
4585,3
07114,1
03945,1
006666,1
03648,1
007614,1
03683,1
07678,1
08459,1
02463,1
06002,1
08778,1
02598,1
09938,1
2659,5
01282,1
001135,1
009974,1
03643,1
3801,1
4701,6
0802,1
07139,1
01269,1
2485,2
05489,1
01694,1
0869,1
1372,1
07518,1
01017,1
08014,1
1714,1
04613,1
01086,1
09529,1
00203,1
03304,1
03944,1
04744,2
06056,1
04395,2
01546,2
05122,1
09001,1
08455,1
01257,1
007003,1
2397,5
4329,2
3979,2
09197,1
05225,1
02617,1
873e,2
005209,1
0561,1
006826,1
09373,2
04993,1
08331,1
04277,1
4937,2
01875,1
04173,1
006423,1
06618,1
08192,1
01557,1
3477,2
05153,1
008947,1
08261,1
003018,1
1152,2
3343,2
0601,1
08432,1
04887,1
01421,1
3485,3
05031,1
005229,1
4037,2
006914,1
03496,1
0921,1
03082,1
01918,1
08916,1
01766,1
03198,1
1294,1
05177,1
09581,1
05424,1
08585,1
09867,1
09759,1
005693,1
01298,1
08847,1
04967,1
04628,1
05895,1
002199,1
08342,1
05689,1
001297,1
07898,1
02352,1
03517,1
06681,1
07604,1
03075,1
3918,3
06725,1
004731,1
02111,1
01371,1
006143,1
07181,1
3775,4
06031,1
04838,1
06713,2
06793,1
02001,1
2643,3
1452,2
03593,1
3036,1
04243,1
01534,1
05385,1
0858,1
08813,1
004732,1
01687,1
008992,1
001459,1
00532,1
3996,1
07517,1
01285,1
02442,1
04435,1
03712,3
008951,1
05206,1
2124,2
00968,1
4904,1
01862,1
4433,1
07839,2
009347,1
05834,1
09878,1
03609,1
05963,1
08605,1
0663,1
08748,1
4726,4
006041,1
03319,2
007814,1
0656,1
09244,1
09422,1
04844,1
09292,2
03465,1
0743,1
03164,1
0385,1
05675,1
02989,1
05923,1
01982,1
09152,1
0684,1
04604,1
005952,1
1586,6
01102,1
08821,1
03692,2
06386,1
05102,1
09924,2
02667,1
005934,2
03097,1
06497,1
09523,1
02628,2
4829,4
02455,1
05055,1
01877,2
00358,1
09061,1
006911,1
06152,1
06261,1
06521,1
04785,2
4153,2
06332,1
04083,2
0331,1
04371,1
03293,1
07932,1
004505,1
01264,1
06032,2
009242,1
05404,2
07515,1
08995,1
1041,15
3544,1
003262,1
2741,4
005979,1
04999,1
06079,1
05449,1
0972,1
002409,1
07554,1
08596,2
07831,1
04414,1
01949,3
02423,1
05066,1
06094,1
07988,1
02704,1
3577,4
08276,1
0782,2
03328,1
08047,1
05861,1
07268,1
09166,1
08913,2
06436,1
03825,2
009463,1
07077,1
09175,1
007908,1
03497,1
002921,2
03458,1
01021,1
0507,1
0617,2
02639,1
08284,1
08356,1
04259,1
3038,5
005933,1
03755,1
02701,1
09559,2
09761,1
06838,1
09905,1
0757,1
07403,3
00836,1
006016,1
0832,2
07974,1
06905,1
006695,1
004459,1
03528,1
06903,1
0906,1
07035,1
04208,1
03066,1
07329,1
02115,2
01615,1
08554,1
06951,1
03678,1
09752,1
05054,1
03432,1
005506,1
007457,1
01185,1
03659,1
09346,1
003344,2
01437,1
04176,1
008945,1
002688,1
03246,1
08853,1
02128,1
004687,1
4218,3
3557,1
02283,1
06801,1
4349,2
08298,1
4143,3
07977,1
07392,1
008321,1
01879,1
059e,1
01398,1
02416,1
06401,1
4123,2
05201,1
4828,3
0149,1
08503,1
07253,1
4415,4
03059,1
05528,1
09031,1
05881,1
003355,1
09149,1
02673,1
09597,1
0521,1
0213,1
05434,1
002168,1
002175,1
03791,1
02941,1
02748,1
09195,1
2844,3
06526,1
3767,3
2678,2
08526,1
02317,2
09699,1
05029,1
04054,1
01527,1
06136,1
04253,1
07751,1
08269,1
01006,2
03185,1
07623,2
01034,1
01783,2
3356,2
4115,1
00224,1
05476,1
007765,1
04872,1
07682,1
003131,1
03331,1
03765,1
3637,1
02887,2
4591,3
4764,6
06011,1
06792,1
2235,1
0587,1
4762,2
4796,5
03222,1
4669,2
00228,1
02207,1
07635,1
3736,2
3434,3
05378,1
2604,1
006507,1
4602,4
07313,1
05812,1
1396,1
01346,1
02623,1
003406,1
05645,1
07595,1
05711,1
07068,1
02484,1
001162,3
09936,1
09459,1
07165,1
06335,1
1157,1
04734,1
09874,1
1868,1
0821,1
02227,2
01187,1
4343,2
08814,1
04742,1
4878,3
06693,1
08447,1
0178,1
05248,1
4185,5
08828,1
05409,1
06266,1
3142,4
0872,1
4391,3
4674,2
0447,1
09172,1
08425,1
08578,2
00266,1
3906,3
03155,1
4894,4
08012,1
04393,1
04123,1
1531,1
07943,1
05266,1
02444,1
01701,1
0878,1
06641,1
08786,1
4152,3
08529,1
06378,1
03379,1
06772,1
3166,1
008984,1
4117,2
003036,1
07186,1
01564,1
08656,1
01121,1
05339,1
008581,1
2797,2
009806,1
02228,1
2069,1
05623,1
03976,1
01847,1
04456,1
06606,1
09519,1
01127,1
3159,1
08627,1
09401,1
526e,2
06678,1
01123,1
0374,1
0943,1
01292,1
395e,1
04116,1
07355,1
06874,1
02434,2
03805,1
3641,2
2846,6
09072,1
09364,1
04009,1
09274,1
08025,2
009432,1
09432,1
09016,1
2589,3
08167,1
03882,1
3958,1
005648,1
05244,2
0449,1
002035,1
03992,1
06549,1
03438,1
04496,1
04099,1
03594,1
0169,2
3247,1
08923,1
04484,1
4951,2
0564,2
03762,1
05587,1
02881,1
1092,5
03283,2
4805,2
003722,1
04127,1
07367,1
3763,3
08634,3
07304,1
01489,3
3953,2
05107,1
06349,1
01979,1
01744,1
04591,1
01636,2
2421,9
03597,1
05347,1
0837,1
06358,1
00967,1
06761,1
009477,1
029e,1
02318,1
05524,2
07307,1
08226,1
08377,1
04749,1
0998,1
03535,1
01998,1
02565,1
08101,1
02168,1
04059,1
4542,1
4233,3
06478,1
01294,1
03804,1
0154,1
07879,1
09077,1
07422,1
03828,1
09926,1
06251,1
04229,2
1777,5
04294,1
03919,1
01433,1
2999,3
07524,1
0427,1
09721,1
08091,1
02399,1
3533,1
01453,1
06749,1
08703,1
0771,1
04441,1
01012,1
05452,1
01002,1
3422,3
4792,1
09226,1
008489,1
3633,3
03043,1
08563,1
004382,1
4277,2
0736,1
005028,1
006869,1
02813,1
008413,2
05388,1
01227,1
01265,2
0747,1
06252,1
05682,1
08297,1
02167,1
08312,1
4432,4
09843,1
709e,2
07341,1
03025,1
0958,1
04982,2
3263,3
01894,2
06986,1
01782,1
451e,1
03561,2
01115,1
02739,1
07451,1
004111,1
05757,1
293e,1
3677,1
611e,2
4654,4
06303,1
03093,1
08168,1
02675,2
02601,1
00349,1
4053,1
08833,1
08141,1
09052,1
04189,1
004448,1
008079,1
05486,1
023e,2
08612,2
0291,1
04005,1
06717,1
01283,1
07111,1
04138,1
09096,1
02904,1
05341,1
4497,1
05795,1
05847,1
001233,1
07471,1
06227,1
07325,1
07433,2
227e,1
02898,1
05338,1
07561,1
05004,1
3194,1
07683,1
04533,1
07962,1
02754,1
02179,1
07274,1
006849,1
001415,1
06333,1
06879,1
07393,1
09617,1
003095,1
0527,1
007481,1
06589,1
07025,1
0419,1
3626,1
05727,1
02744,1
07284,1
4346,1
08861,1
09033,1
1641,4
08139,1
06723,1
4408,2
009441,1
1717,5
03947,1
3551,3
02525,1
07498,1
05882,1
02909,1
04769,1
01856,1
3705,1
06213,1
4985,1
01519,1
03909,1
02858,2
2573,1
3118,1
2702,1
4293,2
0164,1
4881,1
008165,1
04251,1
05313,1
06151,1
4667,1
0702,1
008723,1
09318,1
07585,1
0655,1
08686,1
01323,1
09245,1
03996,1
07486,1
08154,1
07357,1
0404,1
09067,1
02978,1
4352,1
05367,1
31281319,1
29172931,1
314319886,1
293177779,1
315830504,1
294630448,1
317345021,1
2960873,1
318863416,1
297548317,1
320385667,1
29901348,1
32191175,1
300482772,1
323441643,1
301956174,1
324975323,1
303433667,1
326512765,1
304915231,1
328053945,1
306400847,1
32959884,1
307890496,1
331147425,1
309384156,1
332699675,1
310881807,1
334255565,1
312383429,1
33581507,1
313889,1
337378163,1
3153985,1
338944819,1
316911905,1
340515011,1
318429195,1
342088713,1
319950346,1
343665899,1
321475337,1
345246539,1
323004144,1
346830608,1
324536744,1
348418078,1
326073113,1
35000892,1
327613228,1
351603106,1
329157064,1
353200607,1
330704597,1
354801395,1
332255803,1
356405441,1
333810655,1
358012714,1
33536913,1
359623185,1
3369312,1
361236825,1
338496841,1
362853602,1
340066025,1
364473487,1
341638728,1
366096448,1
34321492,1
367722454,1
344794577,1
369351474,1
346377669,1
370983477,1
34796417,1
37261843,1
349554051,1
374256301,1
351147285,1
375897058,1
352743842,1
377540669,1
354343694,1
379187099,1
355946811,1
380836317,1
357553165,1
382488288,1
359162726,1
38414298,1
360775463,1
385800357,1
362391347,1
387460387,1
364010347,1
389123033,1
365632432,1
390788263,1
367257572,1
392456041,1
368885734,1
394126332,1
370516888,1
3957991,1
372151001,1
39747431,1
373788042,1
399151927,1
375427978,1
400831913,1
377070777,1
402514234,1
378716405,1
404198853,1
38036483,1
405885732,1
382016018,1
407574835,1
383669935,1
409266126,1
385326549,1
410959566,1
386985824,1
412655118,1
388647726,1
414352746,1
390312222,1
416052409,1
391979275,1
417754072,1
393648851,1
419457695,1
395320915,1
42116324,1
396995431,1
422870669,1
398672364,1
424579942,1
400351677,1
426291021,1
402033335,1
428003867,1
403717301,1
42971844,1
405403538,1
431434701,1
40709201,1
43315261,1
408782679,1
434872128,1
410475509,1
436593214,1
412170462,1
438315828,1
4138675,1
440039931,1
415566586,1
441765482,1
417267681,1
44349244,1
418970748,1
445220765,1
420675748,1
446950416,1
422382642,1
448681352,1
424091393,1
450413532,1
42580196,1
452146914,1
427514305,1
453881459,1
429228388,1
455617124,1
430944171,1
457353867,1
432661613,1
459091648,1
434380675,1
460830425,1
436101317,1
462570155,1
437823499,1
464310797,1
439547181,1
466052309,1
441272322,1
467794648,1
442998882,1
469537774,1
444726821,1
471281643,1
446456097,1
473026213,1
44818667,1
474771443,1
449918498,1
476517289,1
451651542,1
478263708,1
453385759,1
48001066,1
455121108,1
4817581,1
456857547,1
483505987,1
458595036,1
485254277,1
460333532,1
487002929,1
462072994,1
488751898,1
46381338,1
490501143,1
465554647,1
492250621,1
467296755,1
494000288,1
46903966,1
495750102,1
470783321,1
497500021,1
472527696,1
499250001,1
474272741,1
500999999,1
476018415,1
502749972,1
477764675,1
504499879,1
479511479,1
506249674,1
481258784,1
507999317,1
483006548,1
509748764,1
484754727,1
511497973,1
48650328,1
513246899,1
488252163,1
514995502,1
490001333,1
516743737,1
491750749,1
518491562,1
493500366,1
520238936,1
495250143,1
521985814,1
497000036,1
523732154,1
498750003,1
525477914,1
527223052,1
502249985,1
528967525,1
503999915,1
530711291,1
505749747,1
532454306,1
507499438,1
534196531,1
509248945,1
535937921,1
510998226,1
537678435,1
512747237,1
539418031,1
514495937,1
541156668,1
516244281,1
542894303,1
517992228,1
544630895,1
519739735,1
546366403,1
521486759,1
548100784,1
523233257,1
549833997,1
524979187,1
551566002,1
526724507,1
553296757,1
528469175,1
555026221,1
530213146,1
556754353,1
531956381,1
558481112,1
533698835,1
560206459,1
535440468,1
561930352,1
537181237,1
56365275,1
5389211,1
565373615,1
540660015,1
567092905,1
542397941,1
568810581,1
544134835,1
570526603,1
545870657,1
572240932,1
547605364,1
573953528,1
549338915,1
575664351,1
551071269,1
577373363,1
552802385,1
579080525,1
554532222,1
580785798,1
556260739,1
582489144,1
557987895,1
584190523,1
559713649,1
585889898,1
561437961,1
587587231,1
563160791,1
589282484,1
564882098,1
59097562,1
566601842,1
5926666,1
568319983,1
594355388,1
570036482,1
596041946,1
571751299,1
597726239,1
573464394,1
599408228,1
575175727,1
601087879,1
576885261,1
602765154,1
578592956,1
604440017,1
580298772,1
606112434,1
582002672,1
607782368,1
583704617,1
609449784,1
585404569,1
611114647,1
58710249,1
612776922,1
588798341,1
614436574,1
590492085,1
61609357,1
592183685,1
617747875,1
593873103,1
619399455,1
595560302,1
621048276,1
597245246,1
622694306,1
598927897,1
624337511,1
60060822,1
625977858,1
602286177,1
627615314,1
603961733,1
629249848,1
605634852,1
630881426,1
607305499,1
632510018,1
608973638,1
634135591,1
610639234,1
635758114,1
612302252,1
637377557,1
613962657,1
638993888,1
615620416,1
640607077,1
617275493,1
642217093,1
618927855,1
643823907,1
620577468,1
645427489,1
622224299,1
647027809,1
623868314,1
648624839,1
625509481,1
650218549,1
627147766,1
65180891,1
628783138,1
653395896,1
630415564,1
654979477,1
632045013,1
656559626,1
633671451,1
658136315,1
635294849,1
659709518,1
636915175,1
661279206,1
638532398,1
662845355,1
640146488,1
664407937,1
641757414,1
665966927,1
643365146,1
667522298,1
644969654,1
669074026,1
646570909,1
670622086,1
648168882,1
672166451,1
649763543,1
673707099,1
651354865,1
675244005,1
652942818,1
676777145,1
654527374,1
678306495,1
656108507,1
679832032,1
657686187,1
681353734,1
659260388,1
682871576,1
660831084,1
684385538,1
662398247,1
685895597,1
66396185,1
687401731,1
665521869,1
688903918,1
667078277,1
690402138,1
668631049,1
691896369,1
670180159,1
693386592,1
671725582,1
694872786,1
673267295,1
69635493,1
674805273,1
697833005,1
676339491,1
699306993,1
677869926,1
700776873,1
679396555,1
702242628,1
680919355,1
703704238,1
682438302,1
705161686,1
683953375,1
706614954,1
685464551,1
708064024,1
686971808,1
709508879,1
688475125,1
710949503,1
689974481,1
712385878,1
691469854,1
713817989,1
692961224,1
715245819,1
694448571,1
716669353,1
695931874,1
718088575,1
697411114,1
719503471,1
698886272,1
720914025,1
700357328,1
722320224,1
701824263,1
723722053,1
703287059,1
725119498,1
704745698,1
726512545,1
706200162,1
727901182,1
707650433,1
729285396,1
709096494,1
730665173,1
710538329,1
732040502,1
711975919,1
73341137,1
71340925,1
734777766,1
714838305,1
736139678,1
716263068,1
737497095,1
717683524,1
738850006,1
719099657,1
740198401,1
720511454,1
741542269,1
721918898,1
7428816,1
723321977,1
744216385,1
724720676,1
745546614,1
726114981,1
746872278,1
72750488,1
748193368,1
728890358,1
749509876,1
730271404,1
750821793,1
731648005,1
752129111,1
733020149,1
753431823,1
734387824,1
754729921,1
735751018,1
756023398,1
737109721,1
757312247,1
73846392,1
758596462,1
739813607,1
759876035,1
741158769,1
761150962,1
742499398,1
762421236,1
743835482,1
763686852,1
745167014,1
764947804,1
746493983,1
766204087,1
747816381,1
767455698,1
749134199,1
76870263,1
750447429,1
769944881,1
751756062,1
771182446,1
75306009,1
772415321,1
754359507,1
773643503,1
755654305,1
774866989,1
756944477,1
776085776,1
758230017,1
777299861,1
759510917,1
778509242,1
760787172,1
779713917,1
762058776,1
780913883,1
763325723,1
78210914,1
764588008,1
783299685,1
765845626,1
784485518,1
767098572,1
785666637,1
768346841,1
786843041,1
76959043,1
788014731,1
770829334,1
789181707,1
772063549,1
790343967,1
773293073,1
791501512,1
774517901,1
792654343,1
775738031,1
79380246,1
77695346,1
794945865,1
778164185,1
796084558,1
779370205,1
79721854,1
780571516,1
798347814,1
781768119,1
799472381,1
78296001,1
800592243,1
784147189,1
801707402,1
785329655,1
802817861,1
786507407,1
803923622,1
787680444,1
805024688,1
788848766,1
806121062,1
790012373,1
807212748,1
791171266,1
808299748,1
792325444,1
809382067,1
793474908,1
810459708,1
794619659,1
811532675,1
795759698,1
812600973,1
796895026,1
813664605,1
798025645,1
814723577,1
799151557,1
815777894,1
800272763,1
816827559,1
801389265,1
81787258,1
802501067,1
81891296,1
803608169,1
819948705,1
804710577,1
820979821,1
805808291,1
822006314,1
806901316,1
82302819,1
807989654,1
824045455,1
80907331,1
825058116,1
810152287,1
826066179,1
811226589,1
82706965,1
812296221,1
828068537,1
813361186,1
829062847,1
814421489,1
830052587,1
815477135,1
831037764,1
816528129,1
832018385,1
817574476,1
10623e,1
832994459,1
818616181,1
833965993,1
81965325,1
834932996,1
820685688,1
835895475,1
821713502,1
836853438,1
822736696,1
837806894,1
823755278,1
838755852,1
824769254,1
83970032,1
82577863,1
840640306,1
826783412,1
841575821,1
827783608,1
842506873,1
828779225,1
843433471,1
82977027,1
844355624,1
83075675,1
845273343,1
831738672,1
846186636,1
832716044,1
847095514,1
833688875,1
847999985,1
834657171,1
848900061,1
835620942,1
849795751,1
836580194,1
850687065,1
837534937,1
851574015,1
83848518,1
852456609,1
839430929,1
853334859,1
840372195,1
854208775,1
841308987,1
855078369,1
842241313,1
85594365,1
843169182,1
85680463,1
844092605,1
85766132,1
84501159,1
858513731,1
845926146,1
859361874,1
846836284,1
860205761,1
847742014,1
861045403,1
848643344,1
861880812,1
849540287,1
862711999,1
85043285,1
863538976,1
851321045,1
864361755,1
852204883,1
865180347,1
853084373,1
865994765,1
853959526,1
866805021,1
854830354,1
867611126,1
855696866,1
868413094,1
856559074,1
869210936,1
857416988,1
870004664,1
858270621,1
870794291,1
859119982,1
871579831,1
859965084,1
872361294,1
860805938,1
873138694,1
861642555,1
873912043,1
862474947,1
874681355,1
863303126,1
875446642,1
864127103,1
876207917,1
86494689,1
876965193,1
8657625,1
877718482,1
866573943,1
878467799,1
867381233,1
879213157,1
868184382,1
879954567,1
868983401,1
880692044,1
869778304,1
881425602,1
870569101,1
882155252,1
871355807,1
882881009,1
872138434,1
883602886,1
872916993,1
884320897,1
873691499,1
885035055,1
874461963,1
885745374,1
875228398,1
886451867,1
875990818,1
887154548,1
876749235,1
88785343,1
877503663,1
888548528,1
878254114,1
889239856,1
879000601,1
889927426,1
879743138,1
890611253,1
880481737,1
89129135,1
881216413,1
891967732,1
881947178,1
892640413,1
882674046,1
893309406,1
883397031,1
893974726,1
884116145,1
894636386,1
884831402,1
8952944,1
885542817,1
895948783,1
886250401,1
896599549,1
88695417,1
897246711,1
887654136,1
897890284,1
888350314,1
898530282,1
889042717,1
899166719,1
88973136,1
89979961,1
890416255,1
900428968,1
891097416,1
901054808,1
891774859,1
901677143,1
892448595,1
902295989,1
893118641,1
902911359,1
893785008,1
903523268,1
894447712,1
904131729,1
895106767,1
904736758,1
895762186,1
905338368,1
896413984,1
905936574,1
897062174,1
90653139,1
897706771,1
90712283,1
898347789,1
907710909,1
898985243,1
90829564,1
899619145,1
908877039,1
900249511,1
909455119,1
900876354,1
910029895,1
90149969,1
910601381,1
902119531,1
911169591,1
902735893,1
911734539,1
903348789,1
912296241,1
903958234,1
912854709,1
904564242,1
913409959,1
905166828,1
913962005,1
905766005,1
914510861,1
906361788,1
91505654,1
906954191,1
915599058,1
907543229,1
916138429,1
908128915,1
916674666,1
908711264,1
917207785,1
909290291,1
917737798,1
90986601,1
918264721,1
910438434,1
918788568,1
911007578,1
919309352,1
911573457,1
919827088,1
912136085,1
92034179,1
912695476,1
920853471,1
913251644,1
921362147,1
913804604,1
921867831,1
914354369,1
922370537,1
914900955,1
92287028,1
915444375,1
923367072,1
915984643,1
923860929,1
916521775,1
924351864,1
917055783,1
924839891,1
917586682,1
925325023,1
918114486,1
925807276,1
91863921,1
926286662,1
919160868,1
926763196,1
919679473,1
927236891,1
920195041,1
927707762,1
920707584,1
928175821,1
921217117,1
928641083,1
921723655,1
929103561,1
92222721,1
929563269,1
922727798,1
930020221,1
923225432,1
93047443,1
923720126,1
93092591,1
924211894,1
931374675,1
92470075,1
931820737,1
925186708,1
932264111,1
925669783,1
93270481,1
926149986,1
933142847,1
926627334,1
933578236,1
927101839,1
934010991,1
927573515,1
934441123,1
928042376,1
934868648,1
928508435,1
935293577,1
928971708,1
935715925,1
929432206,1
936135704,1
929889944,1
936552929,1
930344935,1
93696761,1
930797194,1
937379763,1
931246733,1
9377894,1
931693566,1
938196534,1
932137706,1
938601177,1
932579168,1
939003344,1
933017965,1
939403047,1
933454109,1
939800298,1
933887615,1
940195111,1
934318495,1
940587498,1
934746763,1
940977472,1
935172433,1
941365046,1
935595517,1
941750233,1
936016029,1
942133045,1
936433982,1
942513494,1
936849389,1
942891594,1
937262263,1
943267357,1
937672617,1
943640795,1
938080464,1
944011921,1
938485818,1
944380747,1
938888691,1
944747286,1
939289097,1
945111549,1
939687047,1
94547355,1
940082555,1
9458333,1
940475634,1
946190811,1
940866296,1
946546096,1
941254555,1
946899167,1
941640422,1
947250036,1
942023912,1
947598715,1
942405035,1
947945216,1
942783805,1
94828955,1
943160234,1
94863173,1
943534335,1
948971768,1
94390612,1
949309675,1
944275602,1
949645463,1
944642793,1
949979144,1
945007705,1
95031073,1
945370351,1
950640232,1
945730743,1
950967661,1
946088893,1
95129303,1
946444813,1
951616349,1
946798515,1
951937631,1
947150012,1
952256886,1
947499315,1
952574127,1
947846437,1
952889363,1
948191389,1
953202608,1
948534184,1
953513871,1
948874832,1
953823164,1
949213347,1
954130498,1
949549739,1
954435884,1
949884021,1
954739334,1
950216204,1
955040858,1
9505463,1
955340467,1
950874321,1
955638172,1
951200277,1
955933985,1
951524181,1
956227915,1
951846044,1
956519974,1
952165877,1
956810172,1
952483692,1
95709852,1
9527995,1
957385028,1
953113312,1
957669708,1
95342514,1
95795257,1
953734995,1
958233624,1
954042887,1
958512881,1
954348829,1
958790351,1
954652831,1
959066044,1
954954904,1
959339971,1
955255059,1
959612142,1
955553307,1
959882568,1
955849659,1
960151258,1
956144126,1
960418223,1
956436719,1
960683472,1
956727447,1
960947017,1
957016323,1
961208866,1
957303356,1
961469029,1
957588557,1
961727518,1
957871937,1
96198434,1
958153507,1
962239507,1
958433276,1
962493028,1
958711255,1
962744913,1
958987455,1
962995172,1
959261886,1
963243813,1
959534558,1
963490847,1
959805481,1
963736284,1
960074666,1
963980132,1
960342123,1
964222401,1
960607861,1
964463101,1
960871892,1
96470224,1
961134224,1
964939829,1
961394868,1
965175877,1
961653834,1
965410392,1
961911132,1
965643384,1
962166771,1
965874862,1
962420761,1
966104836,1
962673113,1
966333313,1
962923835,1
966560304,1
963172937,1
966785817,1
96342043,1
967009861,1
963666321,1
967232445,1
963910622,1
967453578,1
964153342,1
967673268,1
964394489,1
967891525,1
964634073,1
968108356,1
964872105,1
968323772,1
965108591,1
968537779,1
965343544,1
968750387,1
96557697,1
968961605,1
96580888,1
96917144,1
966039282,1
969379902,1
966268186,1
969586998,1
966495601,1
969792737,1
966721535,1
969997128,1
966945998,1
970200178,1
967168998,1
970401896,1
967390545,1
97060229,1
967610646,1
970801367,1
967829312,1
970999137,1
968046549,1
971195607,1
968262368,1
971390786,1
968476777,1
97158468,1
968689784,1
971777299,1
968901398,1
971968649,1
969111628,1
97215874,1
969320481,1
972347578,1
969527967,1
972535171,1
969734093,1
972721527,1
969938868,1
972906655,1
9701423,1
97309056,1
970344398,1
973273252,1
970545169,1
973454737,1
970744622,1
973635023,1
970942765,1
973814117,1
971139605,1
973992028,1
971335152,1
974168761,1
971529412,1
974344326,1
971722395,1
974518728,1
971914107,1
974691976,1
972104556,1
974864076,1
972293751,1
975035036,1
972481699,1
975204863,1
972668408,1
975373563,1
972853886,1
975541145,1
97303814,1
975707614,1
973221177,1
975872979,1
973403006,1
976037245,1
973583634,1
97620042,1
973763068,1
976362512,1
973941317,1
976523525,1
974118386,1
976683468,1
974294284,1
976842348,1
974469017,1
97700017,1
974642594,1
977156942,1
974815021,1
97731267,1
974986306,1
977467361,1
975156456,1
977621021,1
975325477,1
977773657,1
975493378,1
977925276,1
975660164,1
978075883,1
975825844,1
978225486,1
975990423,1
978374091,1
97615391,1
978521703,1
97631631,1
97866833,1
976477631,1
978813978,1
976637879,1
978958653,1
976797062,1
979102361,1
976955185,1
979245108,1
977112257,1
979386901,1
977268282,1
979527745,1
977423269,1
979667647,1
977577223,1
979806612,1
977730151,1
979944647,1
977882059,1
980081758,1
978032955,1
98021795,1
978182844,1
98035323,1
978331734,1
980487603,1
978479629,1
980621075,1
978626537,1
980753652,1
978772464,1
98088534,1
978917416,1
981016144,1
9790614,1
981146071,1
979204421,1
981275125,1
979346486,1
981403312,1
9794876,1
981530638,1
979627771,1
981657109,1
979767003,1
98178273,1
979905303,1
981907507,1
980042677,1
982031444,1
980179132,1
982154548,1
980314671,1
982276824,1
980449303,1
982398277,1
980583032,1
982518912,1
980715864,1
982638736,1
980847805,1
982757752,1
980978862,1
982875967,1
981109038,1
982993385,1
981238341,1
983110012,1
981366775,1
983225853,1
981494347,1
983340912,1
981621062,1
983455196,1
981746925,1
983568709,1
981871942,1
983681456,1
981996119,1
983793442,1
98211946,1
983904672,1
982241972,1
984015152,1
98236366,1
984124885,1
982484528,1
984233877,1
982604583,1
984342132,1
982723829,1
984449656,1
982842273,1
984556453,1
982959918,1
984662528,1
98307677,1
984767886,1
983192835,1
984872531,1
983308118,1
984976468,1
983422623,1
985079702,1
983536355,1
985182237,1
983649321,1
985284078,1
983761524,1
98538523,1
983872969,1
985485696,1
983983663,1
985585482,1
984093608,1
985684592,1
984202811,1
985783031,1
984311277,1
985880802,1
984419009,1
98597791,1
984526014,1
98607436,1
984632294,1
986170155,1
984737857,1
986265301,1
984842705,1
986359802,1
984946844,1
986453661,1
985050278,1
986546883,1
985153013,1
986639472,1
985255052,1
986731432,1
9853564,1
986822768,1
985457061,1
986913484,1
985557041,1
987003583,1
985656344,1
987093071,1
985754974,1
98718195,1
985852935,1
987270224,1
985950232,1
987357899,1
98604687,1
987444978,1
986142852,1
987531464,1
986238183,1
987617362,1
986332867,1
987702676,1
986426909,1
987787409,1
986520313,1
987871565,1
986613082,1
987955149,1
986705222,1
988038163,1
986796736,1
988120612,1
986887628,1
9882025,1
986977903,1
98828383,1
987067565,1
988364606,1
987156617,1
988444831,1
987245064,1
98852451,1
98733291,1
05204,1
05158,1
747e,1
06849,1
911e,2
loghigh,13
940,1
05207,1
619e,1
629e,2
06994,1
298e,2
tau3,6
060,1
412e,2
324e,1
297e,1
05726,2
diff21,23
07334,2
119e,3
diff31,23
08589,2
724e,2
diff32,23
08602,2
885e,3
loghighf,9
002922,1
003001,1
003004,1
0195,2
03515,2
med3,20
05196,2
51e,3
589e,2
02645,2
912e,3
prob21,12
162e,13
prob31,11
prob32,12
relmed21,12
641e,2
relmed31,12
001104,3
relmed32,12
877e,2
highf,13
02018,2
926e,2
02121,1
09934,1
923e,3
01491,1
518e,2
851e,2
02738,1
71e,1
0339,1
161e,1
03793,1
271e,1
327e,1
04131,1
349e,2
35e,1
338e,2
03674,2
168e,2
01935,1
331e,1
01379,1
763e,2
855e,2
517e,4
02967,1
0301,1
017e,3
09214,1
02959,1
928e,1
07085,1
02861,2
546e,4
05588,1
02742,1
09078,1
02616,2
661e,1
03689,1
07906,1
02134,2
051e,1
008122,1
313e,1
009882,1
008331,1
386e,1
008425,1
495e,4
01061,1
01309,1
978e,3
01517,1
606e,1
01676,1
081e,2
427e,1
08755,1
759e,2
867e,3
966e,2
002805,2
002902,2
002953,3
06646,1
823e,2
927e,2
003e,3
078e,1
001477,3
07123,2
494e,2
571e,2
002095,1
002265,2
001204,3
694e,2
06645,1
001474,1
564e,2
002094,1
logy,56
000001,7
001281,2
935e,2
199e,2
07021,2
252e,3
523e,2
0854,2
004726,2
untransformed,1
897e,1
181e,1
3290,1
004442,1
003946,1
02867,1
219e,1
05165,1
466e,1
06867,1
202e,3
00416,1
294e,2
001596,1
196e,2
pih,5
950,2
dmnorm,18
betastar,8
c0inv,16
bcj,12
00000,4
003097,1
758e,3
06682,1
001027,2
594e,1
002177,1
03757,1
63e,2
1528,1
07853,1
04212,2
03809,1
783e,3
04321,1
063e,3
07014,1
291e,1
08692,1
042e,1
829e,1
637e,1
459e,1
265e,2
03e,2
07893,1
07508,1
335e,1
909e,1
89e,1
084e,2
389e,2
756e,2
mtilde,23
xtildeinv,50
003166,1
002906,2
962e,1
06691,1
844e,1
001107,1
122e,2
2478,1
002148,1
579e,3
07888,1
05305,1
445e,1
04204,1
862e,1
618e,3
853e,1
05552,1
07076,1
0876,1
831e,1
699e,3
09396,1
463e,1
07861,1
866e,3
695e,1
0843,1
006e,2
703e,2
646e,1
732e,2
903e,2
043e,1
004109,1
110001,13
425e,2
008213,1
03604,1
003905,1
008598,1
001264,1
0219,2
01579,1
009024,1
05293,1
02857,1
01834,1
696e,1
515e,1
04955,1
979e,2
bgr,1
acf,1
studentized,6
xstd,5
beta0,19
prec0,5
xstar,7
cpoinv,22
logd,4
nortest,1
resid,7
diasorinanovadata,2
diasorinfit,3
diasorinanovamodel,1
105000,1
bankdata,4
banksalarydata,1
scaterplot,1
begsal,6
exper,4
tauhat,2
sdtau,1
newdata,2
qchisq,2
fevdatabugs,20
fevwbmodel,3
lpml,10
mtilde0,17
cov0,8
fevwbmodel1,1
codapkg,1
setwd,1
codamenu,1
coef,9
cbind,7
rstudsmoke,5
rstudent,9
rstudnonsmoke,5
age2,8
lr1,8
rstudsmoke1,5
rstudnonsmoke1,5
a2ns,6
betahat,3
yhat,4
hdiag,2
cooks,2
r132,3
47453,1
70366,1
01881,1
86902,1
63722,1
01873,1
mse1,2
02558,1
model1,1
cpo1,2
lpml1,8
fit2,9
model2,1
cpo2,2
lpml2,8
fit3,7
model3,1
cpo3,2
lpml3,8
fit4,7
model4,1
cpo4,2
lpml4,6
fit5,3
model5,1
cpo5,2
lpml5,6
fit6,3
model6,1
cpo6,2
lpml6,6
pbf21,2
pbf31,2
pbf41,2
pbf51,2
pbf61,2
pbf32,2
pbf42,2
pbf52,2
pbf62,2
pbf43,2
pbf53,2
pbf63,2
pbf54,2
pbf64,2
pbf65,2
sigma2,19
bic1,2
bic1a,2
bic4,2
a2s,2
dugongdata,1
mtdot,5
m0t,3
b0old,17
mles,3
b0new,5
8000000,2
9162907,2
6931472,2
dugongdatabugs,2
dugongwbcode,1
nonlinearregression,1
postm,2
postu,2
3900,1
4620,2
4380,5
4440,1
4800,10
4980,1
3102,4
25001,1
25052,1
25201,1
27001,1
27401,1
27952,1
28452,1
28501,1
28551,1
28801,1
29101,1
29151,1
29401,1
29443,1
29601,1
29701,1
29741,1
29901,1
29954,1
30001,1
30043,1
31001,1
31501,1
31551,1
32501,1
32542,1
32742,1
32751,1
33351,1
33501,1
33601,1
33641,1
33801,1
34101,1
34301,1
34341,1
35102,1
35103,1
35601,1
37201,1
37301,1
37901,1
38051,1
38152,1
38241,1
38242,1
38801,1
39001,1
39101,1
39141,1
39201,1
39251,1
39301,1
39401,1
39741,1
39801,1
39841,1
39901,1
39941,1
40001,1
40501,1
40541,1
42101,1
42201,1
42501,1
42552,1
42901,1
42941,1
43201,1
43242,1
43651,1
43901,1
44201,1
44301,1
44501,1
44551,1
44701,1
45001,1
45041,1
45241,1
45251,1
45301,1
45641,1
45642,1
45653,1
46101,1
46151,1
46641,1
47001,1
47053,1
47242,1
47301,1
47341,1
47552,1
48052,1
48101,1
48401,1
48402,1
48901,1
49301,1
49401,1
49501,1
49542,1
49551,1
49701,1
49741,1
49751,1
50501,1
50701,1
50951,1
51301,1
51341,1
51501,1
51542,1
52101,1
53601,1
53651,1
54201,1
54701,1
54751,1
54941,1
54952,1
55645,1
55652,1
57651,1
57901,1
58341,1
58601,1
58602,1
60051,1
60251,1
60801,1
61101,1
61601,1
61801,1
61901,1
62301,1
62351,1
62641,1
62702,1
63102,1
63201,1
63941,1
64101,1
64151,1
64152,1
64201,1
70401,1
71101,1
71401,1
71444,1
71851,1
72001,1
72051,1
72052,1
72501,1
73001,1
73151,1
73342,1
74201,1
74241,1
74401,1
74441,1
74601,1
74641,1
74652,1
74941,1
75701,1
75751,1
75901,1
75951,1
76501,1
76751,1
77141,1
77901,1
78301,1
78352,1
80001,1
80301,1
80341,1
80601,1
80801,1
80841,1
81241,1
81401,1
81451,1
81501,1
81751,1
82701,1
83801,1
83841,1
83901,1
83952,1
25041,1
25051,1
25501,1
25551,1
25901,1
27441,1
27701,1
27751,1
27901,1
27951,1
28401,1
29952,1
29953,1
30042,1
30051,1
30052,1
30401,1
31201,1
31242,1
31901,1
32541,1
32701,1
32741,1
33001,1
33041,1
33502,1
33541,1
33701,1
34201,1
34243,1
35101,1
35901,1
35941,1
36001,1
36041,1
36101,1
37241,1
37351,1
37401,1
37701,1
37702,1
37951,1
38001,1
38201,1
39041,1
39052,1
39601,1
39701,1
40051,1
40301,1
41601,1
42151,1
42251,1
42301,1
42502,1
42551,1
43002,1
43241,1
43251,1
43301,1
43351,1
43641,1
44242,1
44302,1
44351,1
44601,1
44742,1
45201,1
45601,1
45651,1
45652,1
46301,1
46353,1
46601,1
46651,1
46901,1
46951,1
47051,1
47052,1
47801,1
47841,1
48001,1
48142,1
48951,1
49201,1
49341,1
49342,1
49451,1
49541,1
50301,1
50551,1
50702,1
50901,1
51101,1
51201,1
51302,1
51541,1
51601,1
51641,1
52401,1
52452,1
52801,1
53101,1
53151,1
53301,1
54251,1
54901,1
54951,1
55601,1
55901,1
55941,1
56601,1
56651,1
56901,1
57001,1
57042,1
57053,1
57601,1
58301,1
58603,1
59941,1
60001,1
60201,1
60851,1
61301,1
61351,1
61941,1
62601,1
62701,1
62801,1
62802,1
63101,1
63252,1
63901,1
64241,1
70051,1
70052,1
70201,1
70441,1
70442,1
71151,1
71201,1
71443,1
71801,1
72552,1
72901,1
73101,1
73301,1
73341,1
73701,1
74651,1
74701,1
74751,1
74752,1
74901,1
75801,1
76601,1
76701,1
77101,1
77152,1
77501,1
77601,1
80051,1
80641,1
80642,1
80651,1
81541,1
81551,1
81552,1
81701,1
81741,1
82743,1
82744,1
83951,1
90001,1
25941,1
30041,1
30441,1
30442,1
33741,1
34241,1
37251,1
37252,1
37441,1
37451,1
39051,1
40351,1
44241,1
47241,1
48141,1
48152,1
48441,1
52841,1
52842,1
55951,1
59944,1
61951,1
63241,1
71141,1
71142,1
73041,1
73042,1
73751,1
75852,1
77151,1
0151,2
965e,1
863e,1
01339,1
01692,1
001577,1
001864,1
002382,1
001074,1
002047,3
002485,1
001804,1
001406,1
001065,3
001847,2
001263,1
001311,1
001838,1
001409,1
001555,1
002411,1
002591,1
001552,1
493e,1
001881,1
002113,1
001062,1
002104,1
002144,1
001417,1
00205,1
002725,1
001194,1
beta1,17
05927,1
834e,1
001528,1
001806,1
002308,1
00104,1
001983,1
002407,1
2424,1
001747,1
001362,1
001032,3
001789,1
001223,1
002482,1
00127,2
001781,2
001506,1
002335,1
00251,1
001503,1
001448,1
384e,1
001822,2
001029,1
002039,1
002077,1
001373,1
00264,1
001157,1
944e,1
773e,1
05432,1
008416,1
testslope1,2
testslope2,2
002731,1
01085,1
03452,1
02915,1
001982,1
01603,1
02509,1
002229,1
02032,2
03912,1
002044,1
01593,1
0109,2
03021,1
01101,1
01305,1
02606,1
01412,1
01573,1
01565,1
01099,1
0492,1
02214,1
09162,1
165e,2
00662,1
009749,1
01162,1
007227,1
009095,1
01008,1
004056,2
006821,1
005736,1
005321,1
007999,2
005974,1
02371,1
006454,1
007391,1
007211,1
006478,1
00916,1
006559,1
006438,1
006704,1
002954,1
008437,1
01476,2
008028,1
005601,1
006398,1
956e,6
02905,1
416e,1
938e,1
35390,2
928200,1
170400,1
01956,1
931600,2
109700,1
38420,1
813e,1
095e,1
645e,2
66020,1
85730,1
03952,1
09464,1
0246,1
001034,1
448e,1
001031,1
001205,1
002381,1
362e,1
215e,2
002122,1
002379,1
002656,1
005488,1
285e,1
266e,2
005048,1
005485,1
005947,1
01266,1
49e,1
284e,1
01376,1
02923,1
049e,3
02918,1
895e,1
334e,2
757e,2
381e,2
854e,2
643e,2
001588,1
457e,1
001274,2
001581,1
00194,1
00366,1
659e,2
918e,1
002979,1
003648,1
004411,1
008442,1
542e,1
46e,1
006852,1
002151,1
374e,1
01552,1
0194,1
004828,1
002432,1
351e,1
339e,2
393e,1
001999,1
035e,1
002127,1
08376,1
394e,2
08667,1
882e,1
004e,1
563600,1
25090,1
737e,1
321300,2
304e,1
533e,2
124e,2
42690,1
712e,1
01516,1
03211,1
302400,1
001131,1
529e,1
792e,1
001128,2
001327,1
002509,1
465e,1
00223,1
002506,1
002804,1
005568,1
308e,1
535e,1
005125,1
005565,1
006029,1
045e,1
01131,1
01236,1
01348,1
02751,1
001802,1
963e,2
0241,1
02747,1
03116,1
088e,1
528e,1
982e,1
467e,1
005e,1
184e,1
001149,2
001139,1
001551,1
00325,1
723e,2
621e,1
002558,1
003238,1
004014,1
009247,1
417e,1
009216,1
01118,1
02646,1
003701,1
44e,2
03425,1
007858,1
003387,1
002285,1
02503,1
07655,1
002171,1
02638,1
08155,1
002305,1
05093,1
805e,2
022e,2
268e,2
602e,1
002472,1
59e,1
776e,1
00217,1
002469,1
002794,1
007225,1
006493,1
007218,1
687e,4
01301,1
01436,2
01582,1
01953,1
00177,1
314e,1
01948,1
549e,1
969e,1
708e,1
434e,1
22e,2
001039,1
069e,2
697e,1
001478,1
004552,1
74e,1
003366,1
001536,2
595e,1
009435,1
01215,1
01545,1
003553,1
031e,1
02773,1
004743,1
100001,26
900000,26
003608,1
0144,1
02308,1
07124,1
ratedifference,6
0174,1
02505,1
07986,1
006114,1
002796,1
002197,1
02026,1
01255,1
07643,1
001764,1
01327,1
05253,2
001871,1
bissell,4
overdispersion,1
52407,4
43248,4
28612,4
postmeanrate1,1
001034000,1
002381000,1
005488000,1
012660000,1
029230000,1
000689500,1
001588000,1
003660000,1
008442000,1
019490000,1
postmeanrate2,1
00113100,1
00250900,1
00556800,1
01237000,1
02751000,1
00040880,1
00114900,1
00325000,1
00924700,1
02646000,1
postmeanrate3,1
0005805,1
0024720,1
0072250,1
0143800,1
0195300,1
0001549,1
0010390,1
0045520,1
0122200,1
0201800,1
pch,4
9095000000,1
2882000,1
112400000,1
mlefit1,2
mlefit2,2
mlefit3,2
fmddata1,4
poissonregression,1
fmddata,7
getnames,1
stdcattle,4
162667,1
112105,1
province,3
easternturkey,7
genmod,1
fmd1998,5
nbi,3
propcov,2
quanew,2
parms,2
beta3,4
llike,2
258450,1
39330,1
118880,1
116210,1
78130,1
90040,1
87380,1
176650,1
105610,1
151340,1
152560,1
227570,1
248460,1
76120,1
257740,1
136180,1
138900,1
65640,1
133870,1
104590,1
77270,1
109340,1
123010,1
175070,1
104560,1
132550,1
223440,1
57920,1
337120,1
197520,1
245460,1
161250,1
53500,1
392840,1
133440,1
194530,1
139390,1
311280,1
234000,1
347920,1
113190,1
305490,1
256870,1
73460,1
141470,1
63380,1
190380,1
90010,1
120470,1
262000,1
107580,1
551280,1
622650,1
73330,1
61110,1
122880,1
53630,1
193470,1
43670,1
149540,1
88070,1
127080,1
43760,1
234110,1
51000,1
81140,1
spd,1
surv,21
08169,1
01349,1
02404,1
09e,2
0319,1
001793,1
ninetypct,2
913e,1
08202,1
599e,1
sdiff,9
median1,12
04936,1
median2,12
005393,1
01703,1
003966,1
01671,1
02563,1
05632,1
768e,1
06248,2
716e,2
08798,2
05241,1
01706,1
006365,1
01599,2
003883,1
683e,3
009285,1
01567,2
02451,1
0558,1
01407,2
81e,1
03196,2
0867,1
23e,2
175e,1
01707,1
006373,1
009282,1
05579,1
809e,3
08672,2
09415,1
002033,1
001326,1
03664,1
03117,2
004304,1
02793,1
05187,1
604e,2
01794,1
07112,1
08917,1
01954,1
relmed,2
survdiff,2
tautilde0,11
tilde,1
sigmatilde0,14
lmtilde,10
weibull,5
xlsreadwrite,4
xebar,6
yebar,5
pgamma,6
hebar,5
95th,2
52722,1
500113e,1
309310,1
1380110,1
leukemiadata,6
leuk,13
survivalanalysis,1
survcurves1,8
survmean1,7
survcurves2,8
survmean2,7
surv1,8
surv2,8
agpos,9
890,2
1450,4
2060,4
2090,4
2190,2
2270,2
2330,2
2690,2
3060,2
3078,4
3260,2
3300,4
2750,4
680,2
2670,2
2680,4
2870,2
3360,2
3420,2
lamm,4
lamstar,8
lamstarstar,2
dh0,9
whites,1
wdiff,1
bdiff,1
2sd,1
agediff,1
betas,2
aggroup,7
lambdas,2
lam1,1
neg,25
64e,1
199998,94
003491,1
487e,1
003551,1
004788,1
06632,1
04524,1
311e,1
009574,1
09601,1
741e,1
07605,1
05537,1
0966,1
52e,1
824e,1
125e,1
633e,1
26e,1
328e,1
28e,1
981e,1
174e,1
433e,1
08943,1
09587,1
08635,1
111e,2
04239,1
02245,1
07639,1
209e,2
005311,1
06188,1
02689,1
03601,1
672e,1
0131,1
975e,1
115e,1
07125,1
718e,1
0928,1
398e,2
167e,1
377e,1
367e,1
09986,1
09144,1
194e,1
07963,1
06064,1
08135,1
04515,1
839e,1
06232,1
469e,1
01248,1
03165,1
555e,1
01871,1
0297,1
01337,1
02243,1
742e,1
004643,1
07817,1
007861,1
01613,1
439e,1
00174,1
004186,1
01092,1
634e,2
001672,1
006174,1
281e,1
01532,1
002528,1
689e,1
003167,1
782e,1
02172,1
153e,2
287e,2
04332,1
06271,1
332e,1
06732,1
07179,1
07651,1
891e,1
08475,1
214e,1
41e,2
09745,1
868e,1
163e,1
275e,1
08809,1
907e,1
07656,1
48e,2
06066,1
226e,1
005614,1
02725,2
0365,1
299e,1
002191,1
009989,1
24e,1
008121,2
009955,1
09715,1
06953,1
613e,1
0115,1
0811,1
05056,1
05106,1
001268,1
03467,1
09945,1
497e,1
03426,1
4131,2
622e,1
07209,1
05212,1
233e,1
05418,1
0549,1
27e,1
001335,1
03719,1
948e,1
151e,1
01416,1
07759,1
03083,1
099e,1
004924,1
03502,1
03923,1
76e,1
077e,1
006607,1
04695,1
03726,2
941e,2
02469,1
408e,2
09623,1
02732,1
02832,1
002e,1
01839,1
02522,2
317e,1
236e,2
01698,1
09627,1
04657,1
005185,1
03764,1
07406,1
05397,1
01211,1
06062,1
03224,1
03832,1
919e,1
08718,2
159e,2
001925,1
05391,1
08769,1
001863,1
05427,1
205e,1
0863,1
005445,1
002131,1
01273,1
dlogis,2
01512,1
01053,1
alphatilde0,2
thetatilde0,2
01084,1
007548,1
aft,4
syr,6
00869,1
09281,1
745e,1
009486,1
283e,2
08779,1
001005,1
00234,1
591e,1
09153,1
663e,1
675e,1
735e,1
07326,1
067e,1
09603,1
08839,1
478e,1
69e,2
0721,1
09255,1
08579,1
733e,1
914e,1
0894,1
034e,2
08277,1
356e,1
07771,1
743e,1
08699,1
09575,2
07752,1
09443,1
07204,1
179e,1
07315,1
08152,2
071e,3
07485,1
08762,1
717e,1
876e,1
959e,1
898e,1
964e,1
062e,1
018e,1
47e,2
828e,1
09798,3
08842,1
937e,1
126e,1
08968,1
999e,1
08546,1
539e,1
09547,1
997e,2
636e,1
09571,1
906e,1
09609,1
08711,1
09666,1
856e,1
08939,1
482e,1
08945,1
072e,1
09378,1
08443,1
132e,1
08033,1
698e,1
13e,1
04144,1
508e,1
08904,1
08178,1
827e,1
05889,1
766e,1
779e,1
07607,1
382e,1
05217,1
986e,1
08492,1
09478,1
656e,1
09644,1
09125,1
117e,1
392e,1
631e,2
753e,1
09944,1
931e,1
0456,1
347e,1
08502,1
201e,1
08807,1
318e,1
05736,1
003535,1
004217,1
003726,1
09897,1
001328,1
04448,1
04849,1
04829,1
03053,1
07593,1
0529,1
03767,1
06185,1
02629,1
05426,1
04221,1
0586,1
02593,1
03638,1
04918,1
02089,1
02896,1
04404,1
02225,1
04289,1
02045,1
0367,1
03709,1
04168,1
06058,1
02869,1
01726,1
06027,1
02999,1
02316,1
03272,1
02516,1
009644,1
007348,1
006948,1
008799,1
004807,1
01648,2
005766,1
006259,1
004574,1
008525,1
004756,1
01876,1
008309,1
01308,1
009138,1
005925,1
007675,1
005381,1
00567,1
005094,1
005463,1
00475,1
006465,1
009738,1
003581,1
002466,1
002574,1
002941,1
002494,1
01043,1
002996,1
002596,1
00429,1
003373,1
002386,1
002282,1
006263,1
02132,1
06356,1
0202,1
01011,1
02041,1
00641,1
005976,1
006645,1
003683,1
04216,1
003769,1
001476,2
08406,1
04551,1
849e,1
001594,1
001384,1
09455,1
99988,53
09055,1
567e,1
08993,1
521e,1
001127,1
015e,1
748e,1
91e,1
0377,1
0902,1
677e,1
003258,1
07366,1
041e,1
01666,1
001394,1
003715,1
004912,1
003954,1
0531,1
001064,1
08613,1
00154,1
07996,1
05042,1
02312,1
05583,1
08776,1
02877,1
04684,1
01528,1
03013,1
009257,1
008369,1
005166,1
003415,1
004091,1
00101,1
01225,1
282e,1
00129,2
003331,2
005237,1
00207,1
0952,1
07108,1
00143,1
002844,1
logt,2
taustar,2
logc,2
junk2,1
stage2,1
kardaun,1
nederlandica,1
parametrization,2
kidneydata,3
survivalregression,3
kidneyoutput,4
colnames,3
timekidney,14
wfave,5
wf2,3
wmave,2
bfave,2
bmave,2
tk1,2
midp,3
cox1,6
coxph,2
zph,2
survfit,4
gbm,2
h0freq,1
basehaz,1
agneg,5
freq,1
timecox,3
bayesagneg,2
03141,1
01319,1
007724,1
001636,1
bayesagpos,2
07805,1
betapostmean,2
hoagneg,3
0315,1
0504,1
hoagpos,2
timeho,3
datalines,1
phreg,2
coeffprior,1
ninterval,1
argamma,1
survcurves,1
pred1,2
hazardratio,1
1040,1
timenoninfected,1
timeinfected,1
510825624,1
262364264,2
875468737,1
916290732,2
16315081,3
193922468,3
252762968,3
386294361,3
458615023,4
504077397,3
667706821,1
704748092,1
774952351,2
791759469,1
808288771,1
824549292,2
85629799,2
871802177,3
902107526,1
945910149,2
00148,2
091864062,2
261763098,1
370243741,1
609437912,4
587786665,2
693147181,3
78845736,1
955511445,1
280933845,3
014903021,1
028148247,1
2300144,2
203972804,3
356674944,1
223143551,3
470003629,1
641853886,2
30833282,1
568615918,2
62924054,1
840549633,1
054123734,1
079441542,1
312535424,1
302585093,1
405465108,1
832909123,1
064710737,1
335001067,1
ndbar,2
pvn,1
dlrp,1
dlrn,1
dmulti,5
pap,2
pi1,20
eta1,20
eta2,20
pi2,20
dens,1
cmr10,1
salmonis,1
trout,1
enoe,1
pcr,1
hypopneumonia,1
dcat,3
ddirch,3
delta1,3
398942,2
trunc,2
3989422804,2
multinomial,1
dpdensity,3
escobar,1
ptdensity,3
mpts,1
dppackage,1
nburn,5
nsave,5
nskip,5
ndisplay,5
nu1,1
nu2,1
psiinv2,1
tune1,1
tune2,1
tune3,1
enthanol,1
pord,8
sbeta0,7
taub1,6
taub2,6
psgam,7
nox,4
ngrid,6
overfit,1
pbinary,3
probit,3
additive1,1
pnorm,1
dbinom,1
rnorm,5
rodbc,1
fevdata2,4
rapp,4
fevdata1,5
data3,1
epi204,1
fevdata4,1
fevdatanonames,1
conflevel,3
y1c,4
y2c,4
sp2,3
distance1,3
male1,3
dwish,5
taub,24
sigmab,38
diff12,4
diff13,4
diff23,4
d10,3
muf,10
logyf,8
percentiles,4
09029,1
765e,1
06423,1
07255,1
1beta,27
001639,1
05396,1
048e,1
002501,1
08661,1
373e,1
131e,1
544e,1
109e,1
002561,1
001305,2
08428,2
00124,2
001231,2
06671,1
502e,1
08179,1
701e,2
08858,1
001501,1
08145,1
00211,2
002566,1
00137,1
09447,1
001437,1
04594,1
218e,1
195e,1
07985,1
842e,1
082e,1
655e,1
09848,1
666e,1
090,2
276e,1
008016,1
001188,1
001106,1
09778,1
002312,1
001634,2
001812,2
001307,5
001726,2
001262,2
001584,1
001484,2
001132,2
001356,2
04068,2
00202,1
001366,2
001695,2
001192,1
0347,2
002291,1
001306,2
06993,2
001242,1
medianor,2
tenpct,1
orf,1
79493,1
72392,1
63227,1
45604,1
3071,1
30157,1
28041,1
028988,1
068993,1
100155,1
145954,1
200933,1
436627,1
384353,1
332176,1
431258,1
629153,1
246629,1
302944,1
29574,1
444878,1
448152,1
440058,1
277911,1
241851,1
240026,1
501001,113
509000,113
07046,1
00361,1
001734,1
001271,1
002976,1
001593,1
001191,1
001341,1
424e,1
001016,1
001201,1
003092,1
002102,1
001342,1
00131,1
001951,1
001333,1
00107,1
001381,1
002442,1
001483,1
001085,1
001703,1
001224,1
001023,1
001019,1
001213,2
044e,1
001136,1
001053,1
785e,1
001566,1
005765,1
002929,1
001352,1
003602,1
001091,2
409e,1
001245,1
001785,1
879e,1
001094,1
001282,1
001546,1
001868,1
00229,1
002767,1
001078,1
001024,1
001543,1
002196,1
001733,1
001101,1
001714,1
00166,1
002821,1
001239,1
00103,1
00102,1
822e,1
001088,1
001407,2
002134,1
001051,1
001388,1
001221,1
223e,1
001147,1
001699,1
002617,1
001371,1
001134,1
002252,1
001145,1
001011,1
00108,1
001259,1
001589,1
002544,1
001284,1
00119,1
002404,1
005512,1
002712,1
001285,1
003642,1
003522,1
001903,1
001166,1
002369,1
07797,1
sigmau,4
meanb,10
meang,10
testdiff,5
rateb,2
rateg,2
tauu,2
006595,1
950000,66
008905,1
557e,1
001959,1
001313,2
001625,2
00142,2
001486,1
001438,2
001422,2
002091,1
001704,2
001808,1
00302,1
001731,1
001071,1
354e,1
593e,1
002232,1
001561,1
06811,1
01e,1
066e,1
02682,1
263e,1
003382,1
07106,1
001904,1
002011,1
001666,2
001613,2
001558,1
001453,2
001568,2
00214,1
002087,2
002489,1
288e,1
001156,1
001707,1
001395,1
001202,1
mvn,8
saliva,10
arma,1
wishart,1
salivadata,3
correlatednormaldata,7
il1beta,2
il1bdata,1
xyplot,5
loess,1
time2,2
spaghetti,2
ildata,2
csmodel,1
789715e,1
tukeyhsd,1
dogexample,3
dogdatalinregversion,1
dogdata,2
dogcode,1
nlme,1
dogdata1,2
dogmixedmodel,1
scheffe,1
nozzle,2
dentaldata,4
dendata,2
dentalwbcode,1
m01,4
m02,4
m03,4
m04,4
m05,4
m06,4
m07,4
m08,4
m09,4
m10,4
m11,4
m12,4
m14,4
m15,4
m16,4
f01,4
f04,4
f05,4
f06,4
f07,4
f08,4
f09,4
f10,4
f11,4
wanronz1,1
unobservable,1
incarcerations,1
unpredictability,1
metropolis,1
liberate,1
distributional,1
unresolved,1
hematopoiesis,5
forego,1
nonpharmaceutical,1
antibodies,1
antibody,1
hematopoietic,1
granulocytes,1
leukemias,1
cowriting,1
interchanges,1
icu,1
endorsing,1
lmgao,1
ckatz,1
cmaganar,1
urizo,1
akseong,1
lwarr,1
ewongtoi,1
swendson,1
jamora,1
jjamora,1
